Workbook

Sheet AlexVargas
A1: Checkpoint | B1: Tiempo Absoluto (seg) | C1: Tiempo Desde Anterior (seg) | D1: Muertes entre checkpoints | E1: Muertes totales | F1: Muertes por enemigos | G1: Muertes por vacío | H1: Enemigos eliminados | I1: Disparos Blaster | J1: Acertados Blaster | K1: Fallados Blaster | L1: Precisión Blaster (%) | M1: Disparos Escopeta | N1: Acertados Escopeta | O1: Fallados Escopeta | P1: Precisión Escopeta (%) | Q1: Disparos Totales | R1: Acertados Totales | S1: Fallados Totales | T1: Precisión Total (%)
A2: Checkpoint_1 | B2: 0 | C2: 0 | D2: 0 | E2: 0 | F2: 0 | G2: 0 | H2: 0 | I2: 0 | J2: 0 | K2: 0 | L2: 0 | M2: 0 | N2: 0 | O2: 0 | P2: 0 | Q2: 0 | R2: 0 | S2: 0 | T2: 0
A3: Checkpoint_2 | B3: 110.62 | C3: 110.62 | D3: 0 | E3: 0 | F3: 0 | G3: 0 | H3: 6 | I3: 116 | J3: 42 | K3: 74 | L3: 36.2 | M3: 0 | N3: 0 | O3: 0 | P3: 0 | Q3: 116 | R3: 42 | S3: 74 | T3: 36.2
A4: Checkpoint_3 | B4: 175.28 | C4: 64.66 | D4: 1 | E4: 1 | F4: 1 | G4: 0 | H4: 0 | I4: 111 | J4: 51 | K4: 60 | L4: 45.9 | M4: 0 | N4: 0 | O4: 0 | P4: 0 | Q4: 111 | R4: 51 | S4: 60 | T4: 45.9
A5: Checkpoint_4 | B5: 265.3 | C5: 90.02 | D5: 3 | E5: 4 | F5: 0 | G5: 3 | H5: 0 | I5: 0 | J5: 0 | K5: 0 | L5: 0 | M5: 0 | N5: 0 | O5: 0 | P5: 0 | Q5: 0 | R5: 0 | S5: 0 | T5: 0
A6: Checkpoint_5 | B6: 303.94 | C6: 38.64 | D6: 0 | E6: 4 | F6: 0 | G6: 0 | H6: 0 | I6: 0 | J6: 0 | K6: 0 | L6: 0 | M6: 0 | N6: 0 | O6: 0 | P6: 0 | Q6: 0 | R6: 0 | S6: 0 | T6: 0
A7: Checkpoint_6 | B7: 1520.38 | C7: 1216.44 | D7: 9 | E7: 13 | F7: 1 | G7: 8 | H7: 32 | I7: 2218 | J7: 813 | K7: 1405 | L7: 36.7 | M7: 44 | N7: 8 | O7: 36 | P7: 18.2 | Q7: 2262 | R7: 821 | S7: 1441 | T7: 36.3
A8: Checkpoint_7 | B8: 1536.5 | C8: 16.12 | D8: 0 | E8: 13 | F8: 0 | G8: 0 | H8: 4 | I8: 26 | J8: 15 | K8: 11 | L8: 57.7 | M8: 4 | N8: 1 | O8: 3 | P8: 25 | Q8: 30 | R8: 16 | S8: 14 | T8: 53.3
A9: Checkpoint_8 | B9: 1552.08 | C9: 15.58 | D9: 0 | E9: 13 | F9: 0 | G9: 0 | H9: 0 | I9: 0 | J9: 0 | K9: 0 | L9: 0 | M9: 0 | N9: 0 | O9: 0 | P9: 0 | Q9: 0 | R9: 0 | S9: 0 | T9: 0
A10: Checkpoint_9 | B10: 1759.06 | C10: 206.98 | D10: 13 | E10: 26 | F10: 0 | G10: 13 | H10: 0 | I10: 24 | J10: 0 | K10: 24 | L10: 0 | M10: 0 | N10: 0 | O10: 0 | P10: 0 | Q10: 24 | R10: 0 | S10: 24 | T10: 0
A11: Checkpoint_10 | B11: 1765.66 | C11: 6.6 | D11: 0 | E11: 26 | F11: 0 | G11: 0 | H11: 0 | I11: 4 | J11: 0 | K11: 4 | L11: 0 | M11: 0 | N11: 0 | O11: 0 | P11: 0 | Q11: 4 | R11: 0 | S11: 4 | T11: 0
A12: Final_Level | B12: 1873.62 | C12: 107.96 | D12: 3 | E12: 29 | F12: 0 | G12: 3 | H12: 4 | I12: 117 | J12: 97 | K12: 20 | L12: 82.9 | M12: 19 | N12: 17 | O12: 2 | P12: 89.5 | Q12: 136 | R12: 114 | S12: 22 | T12: 83.8

Sheet AntoFlores
A1: Checkpoint | B1: Tiempo Absoluto (seg) | C1: Tiempo Desde Anterior (seg) | D1: Muertes entre checkpoints | E1: Muertes totales | F1: Muertes por enemigos | G1: Muertes por vacío | H1: Enemigos eliminados | I1: Disparos Blaster | J1: Acertados Blaster | K1: Fallados Blaster | L1: Precisión Blaster (%) | M1: Disparos Escopeta | N1: Acertados Escopeta | O1: Fallados Escopeta | P1: Precisión Escopeta (%) | Q1: Disparos Totales | R1: Acertados Totales | S1: Fallados Totales | T1: Precisión Total (%)
A2: Checkpoint_1 | B2: 0.2 | C2: 0 | D2: 0 | E2: 0 | F2: 0 | G2: 0 | H2: 0 | I2: 0 | J2: 0 | K2: 0 | L2: 0 | M2: 0 | N2: 0 | O2: 0 | P2: 0 | Q2: 0 | R2: 0 | S2: 0 | T2: 0
A3: Checkpoint_2 | B3: 112.76 | C3: 112.56 | D3: 0 | E3: 0 | F3: 0 | G3: 0 | H3: 6 | I3: 63 | J3: 42 | K3: 21 | L3: 66.7 | M3: 0 | N3: 0 | O3: 0 | P3: 0 | Q3: 63 | R3: 42 | S3: 21 | T3: 66.7
A4: Checkpoint_3 | B4: 203.64 | C4: 90.88 | D4: 1 | E4: 1 | F4: 0 | G4: 1 | H4: 0 | I4: 69 | J4: 54 | K4: 15 | L4: 78.3 | M4: 0 | N4: 0 | O4: 0 | P4: 0 | Q4: 69 | R4: 54 | S4: 15 | T4: 78.3
A5: Checkpoint_4 | B5: 487.78 | C5: 284.14 | D5: 8 | E5: 9 | F5: 0 | G5: 8 | H5: 0 | I5: 1 | J5: 0 | K5: 1 | L5: 0 | M5: 0 | N5: 0 | O5: 0 | P5: 0 | Q5: 1 | R5: 0 | S5: 1 | T5: 0
A6: Checkpoint_5 | B6: 556.14 | C6: 68.36 | D6: 0 | E6: 9 | F6: 0 | G6: 0 | H6: 0 | I6: 0 | J6: 0 | K6: 0 | L6: 0 | M6: 0 | N6: 0 | O6: 0 | P6: 0 | Q6: 0 | R6: 0 | S6: 0 | T6: 0
A7: Checkpoint_6 | B7: 977.66 | C7: 977.66 | D7: 6 | E7: 6 | F7: 2 | G7: 4 | H7: 10 | I7: 914 | J7: 299 | K7: 615 | L7: 32.7 | M7: 22 | N7: 0 | O7: 22 | P7: 0 | Q7: 936 | R7: 299 | S7: 637 | T7: 31.9
A8: Checkpoint_7 | B8: 6.54 | C8: 0 | D8: 0 | E8: 0 | F8: 0 | G8: 0 | H8: 1 | I8: 15 | J8: 7 | K8: 8 | L8: 46.7 | M8: 0 | N8: 0 | O8: 0 | P8: 0 | Q8: 15 | R8: 7 | S8: 8 | T8: 46.7
A9: Checkpoint_8 | B9: 49.68 | C9: 43.14 | D9: 1 | E9: 1 | F9: 0 | G9: 1 | H9: 1 | I9: 22 | J9: 7 | K9: 15 | L9: 31.8 | M9: 0 | N9: 0 | O9: 0 | P9: 0 | Q9: 22 | R9: 7 | S9: 15 | T9: 31.8
A10: Checkpoint_9 | B10: 127.16 | C10: 77.48 | D10: 2 | E10: 3 | F10: 0 | G10: 2 | H10: 0 | I10: 0 | J10: 0 | K10: 0 | L10: 0 | M10: 0 | N10: 0 | O10: 0 | P10: 0 | Q10: 0 | R10: 0 | S10: 0 | T10: 0
A11: Checkpoint_10 | B11: 136.94 | C11: 9.78 | D11: 0 | E11: 3 | F11: 0 | G11: 0 | H11: 0 | I11: 0 | J11: 0 | K11: 0 | L11: 0 | M11: 0 | N11: 0 | O11: 0 | P11: 0 | Q11: 0 | R11: 0 | S11: 0 | T11: 0
A12: Final_Level | B12: 768.25 | C12: 631.31 | D12: 16 | E12: 19 | F12: 4 | G12: 12 | H12: 17 | I12: 1146 | J12: 846 | K12: 300 | L12: 73.8 | M12: 0 | N12: 0 | O12: 0 | P12: 0 | Q12: 1146 | R12: 846 | S12: 300 | T12: 73.8

Sheet BenjaCarrasco
A1: Checkpoint | B1: Tiempo Absoluto (seg) | C1: Tiempo Desde Anterior (seg) | D1: Muertes entre checkpoints | E1: Muertes totales | F1: Muertes por enemigos | G1: Muertes por vacío | H1: Enemigos eliminados | I1: Disparos Blaster | J1: Acertados Blaster | K1: Fallados Blaster | L1: Precisión Blaster (%) | M1: Disparos Escopeta | N1: Acertados Escopeta | O1: Fallados Escopeta | P1: Precisión Escopeta (%) | Q1: Disparos Totales | R1: Acertados Totales | S1: Fallados Totales | T1: Precisión Total (%)
A2: Checkpoint_1 | B2: 0 | C2: 0 | D2: 0 | E2: 0 | F2: 0 | G2: 0 | H2: 0 | I2: 0 | J2: 0 | K2: 0 | L2: 0 | M2: 0 | N2: 0 | O2: 0 | P2: 0 | Q2: 0 | R2: 0 | S2: 0 | T2: 0
A3: Checkpoint_2 | B3: 57.46 | C3: 57.46 | D3: 0 | E3: 0 | F3: 0 | G3: 0 | H3: 6 | I3: 115 | J3: 42 | K3: 73 | L3: 36.5 | M3: 0 | N3: 0 | O3: 0 | P3: 0 | Q3: 115 | R3: 42 | S3: 73 | T3: 36.5
A4: Checkpoint_3 | B4: 116.2 | C4: 58.74 | D4: 1 | E4: 1 | F4: 1 | G4: 0 | H4: 0 | I4: 87 | J4: 49 | K4: 38 | L4: 56.3 | M4: 0 | N4: 0 | O4: 0 | P4: 0 | Q4: 87 | R4: 49 | S4: 38 | T4: 56.3
A5: Checkpoint_4 | B5: 272.1 | C5: 155.9 | D5: 4 | E5: 5 | F5: 0 | G5: 4 | H5: 0 | I5: 0 | J5: 0 | K5: 0 | L5: 0 | M5: 0 | N5: 0 | O5: 0 | P5: 0 | Q5: 0 | R5: 0 | S5: 0 | T5: 0
A6: Checkpoint_5 | B6: 333.28 | C6: 61.18 | D6: 1 | E6: 6 | F6: 0 | G6: 1 | H6: 0 | I6: 0 | J6: 0 | K6: 0 | L6: 0 | M6: 0 | N6: 0 | O6: 0 | P6: 0 | Q6: 0 | R6: 0 | S6: 0 | T6: 0
A7: Checkpoint_6 | B7: 607.24 | C7: 606.68 | D7: 2 | E7: 2 | F7: 0 | G7: 2 | H7: 26 | I7: 896 | J7: 371 | K7: 525 | L7: 41.4 | M7: 84 | N7: 15 | O7: 69 | P7: 17.9 | Q7: 980 | R7: 386 | S7: 594 | T7: 39.4
A8: Checkpoint_7 | B8: 632.56 | C8: 25.32 | D8: 0 | E8: 2 | F8: 0 | G8: 0 | H8: 4 | I8: 3 | J8: 0 | K8: 3 | L8: 0 | M8: 9 | N8: 3 | O8: 6 | P8: 33.3 | Q8: 12 | R8: 3 | S8: 9 | T8: 25
A9: Checkpoint_8 | B9: 648.66 | C9: 16.1 | D9: 0 | E9: 2 | F9: 0 | G9: 0 | H9: 0 | I9: 0 | J9: 0 | K9: 0 | L9: 0 | M9: 0 | N9: 0 | O9: 0 | P9: 0 | Q9: 0 | R9: 0 | S9: 0 | T9: 0
A10: Checkpoint_9 | B10: 677.5 | C10: 28.84 | D10: 1 | E10: 3 | F10: 0 | G10: 1 | H10: 0 | I10: 0 | J10: 0 | K10: 0 | L10: 0 | M10: 0 | N10: 0 | O10: 0 | P10: 0 | Q10: 0 | R10: 0 | S10: 0 | T10: 0
A11: Checkpoint_10 | B11: 687.38 | C11: 9.88 | D11: 0 | E11: 3 | F11: 0 | G11: 0 | H11: 0 | I11: 0 | J11: 0 | K11: 0 | L11: 0 | M11: 0 | N11: 0 | O11: 0 | P11: 0 | Q11: 0 | R11: 0 | S11: 0 | T11: 0
A12: Final_Level | B12: 788.91 | C12: 101.53 | D12: 2 | E12: 5 | F12: 0 | G12: 2 | H12: 5 | I12: 246 | J12: 179 | K12: 67 | L12: 72.8 | M12: 7 | N12: 6 | O12: 1 | P12: 85.7 | Q12: 253 | R12: 185 | S12: 68 | T12: 73.1

Sheet CamilaCarrascoBaier
A1: Checkpoint | B1: Tiempo Absoluto (seg) | C1: Tiempo Desde Anterior (seg) | D1: Muertes entre checkpoints | E1: Muertes totales | F1: Muertes por enemigos | G1: Muertes por vacío | H1: Enemigos eliminados | I1: Disparos Blaster | J1: Acertados Blaster | K1: Fallados Blaster | L1: Precisión Blaster (%) | M1: Disparos Escopeta | N1: Acertados Escopeta | O1: Fallados Escopeta | P1: Precisión Escopeta (%) | Q1: Disparos Totales | R1: Acertados Totales | S1: Fallados Totales | T1: Precisión Total (%)
A2: Checkpoint_1 | B2: 0 | C2: 0 | D2: 0 | E2: 0 | F2: 0 | G2: 0 | H2: 0 | I2: 0 | J2: 0 | K2: 0 | L2: 0 | M2: 0 | N2: 0 | O2: 0 | P2: 0 | Q2: 0 | R2: 0 | S2: 0 | T2: 0
A3: Checkpoint_2 | B3: 215.1 | C3: 215.1 | D3: 4 | E3: 4 | F3: 4 | G3: 0 | H3: 14 | I3: 253 | J3: 102 | K3: 151 | L3: 40.3 | M3: 0 | N3: 0 | O3: 0 | P3: 0 | Q3: 253 | R3: 102 | S3: 151 | T3: 40.3
A4: Checkpoint_3 | B4: 252.74 | C4: 37.64 | D4: 0 | E4: 4 | F4: 0 | G4: 0 | H4: 0 | I4: 30 | J4: 27 | K4: 3 | L4: 90 | M4: 0 | N4: 0 | O4: 0 | P4: 0 | Q4: 30 | R4: 27 | S4: 3 | T4: 90
A5: Checkpoint_4 | B5: 399.9 | C5: 147.16 | D5: 3 | E5: 7 | F5: 0 | G5: 3 | H5: 0 | I5: 0 | J5: 0 | K5: 0 | L5: 0 | M5: 0 | N5: 0 | O5: 0 | P5: 0 | Q5: 0 | R5: 0 | S5: 0 | T5: 0
A6: Checkpoint_5 | B6: 581.4 | C6: 181.5 | D6: 7 | E6: 14 | F6: 0 | G6: 7 | H6: 0 | I6: 0 | J6: 0 | K6: 0 | L6: 0 | M6: 0 | N6: 0 | O6: 0 | P6: 0 | Q6: 0 | R6: 0 | S6: 0 | T6: 0
A8: Checkpoint_7 | B8: 2.62 | C8: 0 | D8: 0 | E8: 0 | F8: 0 | G8: 0 | H8: 1 | I8: 9 | J8: 7 | K8: 2 | L8: 77.8 | M8: 0 | N8: 0 | O8: 0 | P8: 0 | Q8: 9 | R8: 7 | S8: 2 | T8: 77.8
A9: Checkpoint_8 | B9: 38.76 | C9: 36.14 | D9: 0 | E9: 0 | F9: 0 | G9: 0 | H9: 3 | I9: 18 | J9: 16 | K9: 2 | L9: 88.9 | M9: 0 | N9: 0 | O9: 0 | P9: 0 | Q9: 18 | R9: 16 | S9: 2 | T9: 88.9
A10: Checkpoint_9 | B10: 167.52 | C10: 128.76 | D10: 4 | E10: 4 | F10: 0 | G10: 4 | H10: 0 | I10: 0 | J10: 0 | K10: 0 | L10: 0 | M10: 0 | N10: 0 | O10: 0 | P10: 0 | Q10: 0 | R10: 0 | S10: 0 | T10: 0
A11: Checkpoint_10 | B11: 185.78 | C11: 18.26 | D11: 0 | E11: 4 | F11: 0 | G11: 0 | H11: 0 | I11: 0 | J11: 0 | K11: 0 | L11: 0 | M11: 0 | N11: 0 | O11: 0 | P11: 0 | Q11: 0 | R11: 0 | S11: 0 | T11: 0
A12: Final

Sheet CataAguilar
A1: Checkpoint | B1: Tiempo Absoluto (seg) | C1: Tiempo Desde Anterior (seg) | D1: Muertes entre checkpoints | E1: Muertes totales | F1: Muertes por enemigos | G1: Muertes por vacío | H1: Enemigos eliminados | I1: Disparos Blaster | J1: Acertados Blaster | K1: Fallados Blaster | L1: Precisión Blaster (%) | M1: Disparos Escopeta | N1: Acertados Escopeta | O1: Fallados Escopeta | P1: Precisión Escopeta (%) | Q1: Disparos Totales | R1: Acertados Totales | S1: Fallados Totales | T1: Precisión Total (%)
A2: Checkpoint_1 | B2: 0.18 | C2: 0 | D2: 0 | E2: 0 | F2: 0 | G2: 0 | H2: 0 | I2: 0 | J2: 0 | K2: 0 | L2: 0 | M2: 0 | N2: 0 | O2: 0 | P2: 0 | Q2: 0 | R2: 0 | S2: 0 | T2: 0
A3: Checkpoint_2 | B3: 343.92 | C3: 343.74 | D3: 4 | E3: 4 | F3: 4 | G3: 0 | H3: 16 | I3: 304 | J3: 118 | K3: 186 | L3: 38.8 | M3: 0 | N3: 0 | O3: 0 | P3: 0 | Q3: 304 | R3: 118 | S3: 186 | T3: 38.8
A4: Checkpoint_3 | B4: 499.68 | C4: 155.76 | D4: 5 | E4: 9 | F4: 5 | G4: 0 | H4: 0 | I4: 148 | J4: 77 | K4: 71 | L4: 52 | M4: 0 | N4: 0 | O4: 0 | P4: 0 | Q4: 148 | R4: 77 | S4: 71 | T4: 52
A5: Checkpoint_4 | B5: 1109.68 | C5: 610 | D5: 12 | E5: 21 | F5: 0 | G5: 12 | H5: 0 | I5: 28 | J5: 0 | K5: 28 | L5: 0 | M5: 0 | N5: 0 | O5: 0 | P5: 0 | Q5: 28 | R5: 0 | S5: 28 | T5: 0
A6: Checkpoint_5 | B6: 1479.22 | C6: 369.54 | D6: 16 | E6: 37 | F6: 0 | G6: 16 | H6: 7 | I6: 20 | J6: 0 | K6: 20 | L6: 0 | M6: 0 | N6: 0 | O6: 0 | P6: 0 | Q6: 20 | R6: 0 | S6: 20 | T6: 0
A7: Checkpoint_6 | B7: 4366.2 | C7: 2886.98 | D7: 8 | E7: 45 | F7: 4 | G7: 4 | H7: 26 | I7: 3999 | J7: 664 | K7: 3335 | L7: 16.6 | M7: 7 | N7: 0 | O7: 7 | P7: 0 | Q7: 4006 | R7: 664 | S7: 3342 | T7: 16.6
A8: Checkpoint_7 | B8: 4388.12 | C8: 21.92 | D8: 0 | E8: 45 | F8: 0 | G8: 0 | H8: 4 | I8: 53 | J8: 28 | K8: 25 | L8: 52.8 | M8: 0 | N8: 0 | O8: 0 | P8: 0 | Q8: 53 | R8: 28 | S8: 25 | T8: 52.8
A9: Checkpoint_8 | B9: 4634.36 | C9: 246.24 | D9: 16 | E9: 61 | F9: 0 | G9: 16 | H9: 0 | I9: 0 | J9: 0 | K9: 0 | L9: 0 | M9: 0 | N9: 0 | O9: 0 | P9: 0 | Q9: 0 | R9: 0 | S9: 0 | T9: 0
A10: Checkpoint_9 | B10: 5028.42 | C10: 394.06 | D10: 26 | E10: 87 | F10: 0 | G10: 26 | H10: 0 | I10: 0 | J10: 0 | K10: 0 | L10: 0 | M10: 0 | N10: 0 | O10: 0 | P10: 0 | Q10: 0 | R10: 0 | S10: 0 | T10: 0
A11: Checkpoint_10 | B11: 5041.2 | C11: 12.78 | D11: 0 | E11: 87 | F11: 0 | G11: 0 | H11: 0 | I11: 0 | J11: 0 | K11: 0 | L11: 0 | M11: 0 | N11: 0 | O11: 0 | P11: 0 | Q11: 0 | R11: 0 | S11: 0 | T11: 0
A12: Final_Level | B12: 5771.13 | C12: 729.93 | D12: 19 | E12: 106 | F12: 1 | G12: 18 | H12: 5 | I12: 610 | J12: 411 | K12: 199 | L12: 67.4 | M12: 0 | N12: 0 | O12: 0 | P12: 0 | Q12: 610 | R12: 411 | S12: 199 | T12: 67.4

Sheet DiegoContreras
A1: Checkpoint | B1: Tiempo Absoluto (seg) | C1: Tiempo Desde Anterior (seg) | D1: Muertes entre checkpoints | E1: Muertes totales | F1: Muertes por enemigos | G1: Muertes por vacío | H1: Enemigos eliminados | I1: Disparos Blaster | J1: Acertados Blaster | K1: Fallados Blaster | L1: Precisión Blaster (%) | M1: Disparos Escopeta | N1: Acertados Escopeta | O1: Fallados Escopeta | P1: Precisión Escopeta (%) | Q1: Disparos Totales | R1: Acertados Totales | S1: Fallados Totales | T1: Precisión Total (%)
A2: Checkpoint_1 | B2: 0.18 | C2: 0 | D2: 0 | E2: 0 | F2: 0 | G2: 0 | H2: 0 | I2: 0 | J2: 0 | K2: 0 | L2: 0 | M2: 0 | N2: 0 | O2: 0 | P2: 0 | Q2: 0 | R2: 0 | S2: 0 | T2: 0
A3: Checkpoint_2 | B3: 198.6 | C3: 198.42 | D3: 1 | E3: 1 | F3: 1 | G3: 0 | H3: 8 | I3: 159 | J3: 57 | K3: 102 | L3: 35.8 | M3: 0 | N3: 0 | O3: 0 | P3: 0 | Q3: 159 | R3: 57 | S3: 102 | T3: 35.8
A4: Checkpoint_3 | B4: 284.98 | C4: 86.38 | D4: 2 | E4: 3 | F4: 2 | G4: 0 | H4: 0 | I4: 55 | J4: 39 | K4: 16 | L4: 70.9 | M4: 0 | N4: 0 | O4: 0 | P4: 0 | Q4: 55 | R4: 39 | S4: 16 | T4: 70.9
A5: Checkpoint_4 | B5: 429.78 | C5: 144.8 | D5: 4 | E5: 7 | F5: 0 | G5: 4 | H5: 0 | I5: 0 | J5: 0 | K5: 0 | L5: 0 | M5: 0 | N5: 0 | O5: 0 | P5: 0 | Q5: 0 | R5: 0 | S5: 0 | T5: 0
A6: Checkpoint_5 | B6: 526.24 | C6: 96.46 | D6: 1 | E6: 8 | F6: 0 | G6: 1 | H6: 0 | I6: 25 | J6: 0 | K6: 25 | L6: 0 | M6: 0 | N6: 0 | O6: 0 | P6: 0 | Q6: 25 | R6: 0 | S6: 25 | T6: 0
A7: Checkpoint_6 | B7: 2329.32 | C7: 1803.08 | D7: 10 | E7: 18 | F7: 9 | G7: 1 | H7: 28 | I7: 3137 | J7: 662 | K7: 2475 | L7: 21.1 | M7: 81 | N7: 7 | O7: 74 | P7: 8.6 | Q7: 3218 | R7: 669 | S7: 2549 | T7: 20.8
A8: Checkpoint_7 | B8: 2346.78 | C8: 17.46 | D8: 0 | E8: 18 | F8: 0 | G8: 0 | H8: 4 | I8: 0 | J8: 0 | K8: 0 | L8: 0 | M8: 5 | N8: 3 | O8: 2 | P8: 60 | Q8: 5 | R8: 3 | S8: 2 | T8: 60
A9: Checkpoint_8 | B9: 2363.52 | C9: 16.74 | D9: 0 | E9: 18 | F9: 0 | G9: 0 | H9: 0 | I9: 0 | J9: 0 | K9: 0 | L9: 0 | M9: 0 | N9: 0 | O9: 0 | P9: 0 | Q9: 0 | R9: 0 | S9: 0 | T9: 0
A10: Checkpoint_9 | B10: 2552.52 | C10: 189 | D10: 10 | E10: 28 | F10: 0 | G10: 10 | H10: 0 | I10: 0 | J10: 0 | K10: 0 | L10: 0 | M10: 0 | N10: 0 | O10: 0 | P10: 0 | Q10: 0 | R10: 0 | S10: 0 | T10: 0
A11: Checkpoint_10 | B11: 2566.24 | C11: 13.72 | D11: 0 | E11: 28 | F11: 0 | G11: 0 | H11: 0 | I11: 0 | J11: 0 | K11: 0 | L11: 0 | M11: 0 | N11: 0 | O11: 0 | P11: 0 | Q11: 0 | R11: 0 | S11: 0 | T11: 0
A12: Final_Level | B12: 2719.83 | C12: 153.59 | D12: 3 | E12: 31 | F12: 0 | G12: 3 | H12: 3 | I12: 207 | J12: 162 | K12: 45 | L12: 78.3 | M12: 12 | N12: 8 | O12: 4 | P12: 66.7 | Q12: 219 | R12: 170 | S12: 49 | T12: 77.6

Sheet FranPerez
A1: Checkpoint | B1: Tiempo Absoluto (seg) | C1: Tiempo Desde Anterior (seg) | D1: Muertes entre checkpoints | E1: Muertes totales | F1: Muertes por enemigos | G1: Muertes por vacío | H1: Enemigos eliminados | I1: Disparos Blaster | J1: Acertados Blaster | K1: Fallados Blaster | L1: Precisión Blaster (%) | M1: Disparos Escopeta | N1: Acertados Escopeta | O1: Fallados Escopeta | P1: Precisión Escopeta (%) | Q1: Disparos Totales | R1: Acertados Totales | S1: Fallados Totales | T1: Precisión Total (%)
A2: Checkpoint_1 | B2: 0 | C2: 0 | D2: 0 | E2: 0 | F2: 0 | G2: 0 | H2: 0 | I2: 0 | J2: 0 | K2: 0 | L2: 0 | M2: 0 | N2: 0 | O2: 0 | P2: 0 | Q2: 0 | R2: 0 | S2: 0 | T2: 0
A3: Checkpoint_2 | B3: 88.6 | C3: 88.6 | D3: 0 | E3: 0 | F3: 0 | G3: 0 | H3: 6 | I3: 96 | J3: 42 | K3: 54 | L3: 43.8 | M3: 0 | N3: 0 | O3: 0 | P3: 0 | Q3: 96 | R3: 42 | S3: 54 | T3: 43.8
A4: Checkpoint_3 | B4: 135.54 | C4: 46.94 | D4: 0 | E4: 0 | F4: 0 | G4: 0 | H4: 0 | I4: 48 | J4: 27 | K4: 21 | L4: 56.3 | M4: 0 | N4: 0 | O4: 0 | P4: 0 | Q4: 48 | R4: 27 | S4: 21 | T4: 56.3
A5: Checkpoint_4 | B5: 487.86 | C5: 352.32 | D5: 9 | E5: 9 | F5: 0 | G5: 9 | H5: 0 | I5: 0 | J5: 0 | K5: 0 | L5: 0 | M5: 0 | N5: 0 | O5: 0 | P5: 0 | Q5: 0 | R5: 0 | S5: 0 | T5: 0
A6: Checkpoint_5 | B6: 535.56 | C6: 47.7 | D6: 0 | E6: 9 | F6: 0 | G6: 0 | H6: 0 | I6: 0 | J6: 0 | K6: 0 | L6: 0 | M6: 0 | N6: 0 | O6: 0 | P6: 0 | Q6: 0 | R6: 0 | S6: 0 | T6: 0
A7: Checkpoint_6 | B7: 1130.82 | C7: 595.26 | D7: 1 | E7: 10 | F7: 0 | G7: 1 | H7: 25 | I7: 1209 | J7: 579 | K7: 630 | L7: 47.9 | M7: 18 | N7: 0 | O7: 18 | P7: 0 | Q7: 1227 | R7: 579 | S7: 648 | T7: 47.2
A8: Checkpoint_7 | B8: 1146.58 | C8: 15.76 | D8: 0 | E8: 10 | F8: 0 | G8: 0 | H8: 4 | I8: 12 | J8: 8 | K8: 4 | L8: 66.7 | M8: 4 | N8: 3 | O8: 1 | P8: 75 | Q8: 16 | R8: 11 | S8: 5 | T8: 68.8
A9: Checkpoint_8 | B9: 1163.56 | C9: 16.98 | D9: 0 | E9: 10 | F9: 0 | G9: 0 | H9: 0 | I9: 0 | J9: 0 | K9: 0 | L9: 0 | M9: 0 | N9: 0 | O9: 0 | P9: 0 | Q9: 0 | R9: 0 | S9: 0 | T9: 0
A10: Checkpoint_9 | B10: 1269.66 | C10: 106.1 | D10: 4 | E10: 14 | F10: 0 | G10: 4 | H10: 0 | I10: 11 | J10: 0 | K10: 11 | L10: 0 | M10: 0 | N10: 0 | O10: 0 | P10: 0 | Q10: 11 | R10: 0 | S10: 11 | T10: 0
A11: Checkpoint_10 | B11: 1277.1 | C11: 7.44 | D11: 0 | E11: 14 | F11: 0 | G11: 0 | H11: 0 | I11: 0 | J11: 0 | K11: 0 | L11: 0 | M11: 0 | N11: 0 | O11: 0 | P11: 0 | Q11: 0 | R11: 0 | S11: 0 | T11: 0
A12: Final_Level | B12: 1324.27 | C12: 47.17 | D12: 0 | E12: 14 | F12: 0 | G12: 0 | H12: 2 | I12: 93 | J12: 76 | K12: 17 | L12: 81.7 | M12: 7 | N12: 4 | O12: 3 | P12: 57.1 | Q12: 100 | R12: 80 | S12: 20 | T12: 80

Sheet JoaquinAguilar
A1: Checkpoint | B1: Tiempo Absoluto (seg) | C1: Tiempo Desde Anterior (seg) | D1: Muertes entre checkpoints | E1: Muertes totales | F1: Muertes por enemigos | G1: Muertes por vacío | H1: Enemigos eliminados | I1: Disparos Blaster | J1: Acertados Blaster | K1: Fallados Blaster | L1: Precisión Blaster (%) | M1: Disparos Escopeta | N1: Acertados Escopeta | O1: Fallados Escopeta | P1: Precisión Escopeta (%) | Q1: Disparos Totales | R1: Acertados Totales | S1: Fallados Totales | T1: Precisión Total (%)
A2: Checkpoint_1 | B2: 0.12 | C2: 0 | D2: 0 | E2: 0 | F2: 0 | G2: 0 | H2: 0 | I2: 0 | J2: 0 | K2: 0 | L2: 0 | M2: 0 | N2: 0 | O2: 0 | P2: 0 | Q2: 0 | R2: 0 | S2: 0 | T2: 0
A3: Checkpoint_2 | B3: 246.36 | C3: 246.24 | D3: 6 | E3: 6 | F3: 6 | G3: 0 | H3: 16 | I3: 425 | J3: 138 | K3: 287 | L3: 32.5 | M3: 0 | N3: 0 | O3: 0 | P3: 0 | Q3: 425 | R3: 138 | S3: 287 | T3: 32.5
A4: Checkpoint_3 | B4: 295.8 | C4: 49.44 | D4: 0 | E4: 6 | F4: 0 | G4: 0 | H4: 0 | I4: 51 | J4: 27 | K4: 24 | L4: 52.9 | M4: 0 | N4: 0 | O4: 0 | P4: 0 | Q4: 51 | R4: 27 | S4: 24 | T4: 52.9
A5: Checkpoint_4 | B5: 525.5 | C5: 229.7 | D5: 5 | E5: 11 | F5: 0 | G5: 5 | H5: 0 | I5: 0 | J5: 0 | K5: 0 | L5: 0 | M5: 0 | N5: 0 | O5: 0 | P5: 0 | Q5: 0 | R5: 0 | S5: 0 | T5: 0
A6: Checkpoint_5 | B6: 865.16 | C6: 339.66 | D6: 3 | E6: 14 | F6: 1 | G6: 2 | H6: 3 | I6: 308 | J6: 87 | K6: 221 | L6: 28.2 | M6: 0 | N6: 0 | O6: 0 | P6: 0 | Q6: 308 | R6: 87 | S6: 221 | T6: 28.2
A7: Checkpoint_6 | B7: 1429.18 | C7: 564.02 | D7: 0 | E7: 14 | F7: 0 | G7: 0 | H7: 20 | I7: 1501 | J7: 468 | K7: 1033 | L7: 31.2 | M7: 1 | N7: 0 | O7: 1 | P7: 0 | Q7: 1502 | R7: 468 | S7: 1034 | T7: 31.2
A8: Checkpoint_7 | B8: 1460.24 | C8: 31.06 | D8: 0 | E8: 14 | F8: 0 | G8: 0 | H8: 4 | I8: 65 | J8: 27 | K8: 38 | L8: 41.5 | M8: 4 | N8: 0 | O8: 4 | P8: 0 | Q8: 69 | R8: 27 | S8: 42 | T8: 39.1
A9: Checkpoint_8 | B9: 1477.04 | C9: 16.8 | D9: 0 | E9: 14 | F9: 0 | G9: 0 | H9: 0 | I9: 0 | J9: 0 | K9: 0 | L9: 0 | M9: 0 | N9: 0 | O9: 0 | P9: 0 | Q9: 0 | R9: 0 | S9: 0 | T9: 0
A10: Checkpoint_9 | B10: 1548.8 | C10: 71.76 | D10: 3 | E10: 17 | F10: 0 | G10: 3 | H10: 0 | I10: 0 | J10: 0 | K10: 0 | L10: 0 | M10: 0 | N10: 0 | O10: 0 | P10: 0 | Q10: 0 | R10: 0 | S10: 0 | T10: 0
A11: Checkpoint_10 | B11: 1560.28 | C11: 11.48 | D11: 0 | E11: 17 | F11: 0 | G11: 0 | H11: 0 | I11: 0 | J11: 0 | K11: 0 | L11: 0 | M11: 0 | N11: 0 | O11: 0 | P11: 0 | Q11: 0 | R11: 0 | S11: 0 | T11: 0
A12: Final_Level | B12: 1661.22 | C12: 100.94 | D12: 1 | E12: 18 | F12: 1 | G12: 0 | H12: 3 | I12: 259 | J12: 196 | K12: 63 | L12: 75.7 | M12: 0 | N12: 0 | O12: 0 | P12: 0 | Q12: 259 | R12: 196 | S12: 63 | T12: 75.7

Sheet LourdesArtigas
A1: Checkpoint | B1: Tiempo Absoluto (seg) | C1: Tiempo Desde Anterior (seg) | D1: Muertes entre checkpoints | E1: Muertes totales | F1: Muertes por enemigos | G1: Muertes por vacío | H1: Enemigos eliminados | I1: Disparos Blaster | J1: Acertados Blaster | K1: Fallados Blaster | L1: Precisión Blaster (%) | M1: Disparos Escopeta | N1: Acertados Escopeta | O1: Fallados Escopeta | P1: Precisión Escopeta (%) | Q1: Disparos Totales | R1: Acertados Totales | S1: Fallados Totales | T1: Precisión Total (%)
A2: Checkpoint_1 | B2: 0 | C2: 0 | D2: 0 | E2: 0 | F2: 0 | G2: 0 | H2: 0 | I2: 0 | J2: 0 | K2: 0 | L2: 0 | M2: 0 | N2: 0 | O2: 0 | P2: 0 | Q2: 0 | R2: 0 | S2: 0 | T2: 0
A3: Checkpoint_2 | B3: 193.1 | C3: 193.1 | D3: 1 | E3: 1 | F3: 1 | G3: 0 | H3: 8 | I3: 113 | J3: 56 | K3: 57 | L3: 49.6 | M3: 0 | N3: 0 | O3: 0 | P3: 0 | Q3: 113 | R3: 56 | S3: 57 | T3: 49.6
A4: Checkpoint_3 | B4: 272.5 | C4: 79.4 | D4: 1 | E4: 2 | F4: 1 | G4: 0 | H4: 0 | I4: 57 | J4: 31 | K4: 26 | L4: 54.4 | M4: 0 | N4: 0 | O4: 0 | P4: 0 | Q4: 57 | R4: 31 | S4: 26 | T4: 54.4
A5: Checkpoint_4 | B5: 432.42 | C5: 159.92 | D5: 4 | E5: 6 | F5: 0 | G5: 4 | H5: 0 | I5: 0 | J5: 0 | K5: 0 | L5: 0 | M5: 0 | N5: 0 | O5: 0 | P5: 0 | Q5: 0 | R5: 0 | S5: 0 | T5: 0
A6: Checkpoint_5 | B6: 674.72 | C6: 242.3 | D6: 11 | E6: 17 | F6: 0 | G6: 11 | H6: 7 | I6: 0 | J6: 0 | K6: 0 | L6: 0 | M6: 0 | N6: 0 | O6: 0 | P6: 0 | Q6: 0 | R6: 0 | S6: 0 | T6: 0
A7: Checkpoint_6 | B7: 14.14 | C7: 0 | D7: 0 | E7: 0 | F7: 0 | G7: 0 | H7: 0 | I7: 0 | J7: 0 | K7: 0 | L7: 0 | M7: 0 | N7: 0 | O7: 0 | P7: 0 | Q7: 0 | R7: 0 | S7: 0 | T7: 0
A8: Checkpoint_7 | B8: 56.6 | C8: 42.46 | D8: 0 | E8: 0 | F8: 0 | G8: 0 | H8: 4 | I8: 60 | J8: 26 | K8: 34 | L8: 43.3 | M8: 3 | N8: 1 | O8: 2 | P8: 33.3 | Q8: 63 | R8: 27 | S8: 36 | T8: 42.9
A9: Checkpoint_8 | B9: 121.52 | C9: 64.92 | D9: 3 | E9: 3 | F9: 0 | G9: 3 | H9: 0 | I9: 0 | J9: 0 | K9: 0 | L9: 0 | M9: 0 | N9: 0 | O9: 0 | P9: 0 | Q9: 0 | R9: 0 | S9: 0 | T9: 0
A10: Checkpoint_9 | B10: 221.14 | C10: 99.62 | D10: 6 | E10: 9 | F10: 0 | G10: 6 | H10: 0 | I10: 0 | J10: 0 | K10: 0 | L10: 0 | M10: 0 | N10: 0 | O10: 0 | P10: 0 | Q10: 0 | R10: 0 | S10: 0 | T10: 0
A11: Checkpoint_10 | B11: 230.02 | C11: 8.88 | D11: 0 | E11: 9 | F11: 0 | G11: 0 | H11: 0 | I11: 0 | J11: 0 | K11: 0 | L11: 0 | M11: 0 | N11: 0 | O11: 0 | P11: 0 | Q11: 0 | R11: 0 | S11: 0 | T11: 0
A12: Final_Level | B12: 450.7 | C12: 220.68 | D12: 2 | E12: 11 | F12: 0 | G12: 2 | H12: 2 | I12: 30 | J12: 20 | K12: 10 | L12: 66.7 | M12: 29 | N12: 12 | O12: 17 | P12: 41.4 | Q12: 59 | R12: 32 | S12: 27 | T12: 54.2

Sheet Pantrucas
A1: Checkpoint | B1: Tiempo Absoluto (seg) | C1: Tiempo Desde Anterior (seg) | D1: Muertes entre checkpoints | E1: Muertes totales | F1: Muertes por enemigos | G1: Muertes por vacío | H1: Enemigos eliminados | I1: Disparos Blaster | J1: Acertados Blaster | K1: Fallados Blaster | L1: Precisión Blaster (%) | M1: Disparos Escopeta | N1: Acertados Escopeta | O1: Fallados Escopeta | P1: Precisión Escopeta (%) | Q1: Disparos Totales | R1: Acertados Totales | S1: Fallados Totales | T1: Precisión Total (%)
A2: Checkpoint_1 | B2: 0.18 | C2: 0 | D2: 0 | E2: 0 | F2: 0 | G2: 0 | H2: 0 | I2: 0 | J2: 0 | K2: 0 | L2: 0 | M2: 0 | N2: 0 | O2: 0 | P2: 0 | Q2: 0 | R2: 0 | S2: 0 | T2: 0
A3: Checkpoint_2 | B3: 88.36 | C3: 88.18 | D3: 1 | E3: 1 | F3: 1 | G3: 0 | H3: 7 | I3: 156 | J3: 49 | K3: 107 | L3: 31.4 | M3: 0 | N3: 0 | O3: 0 | P3: 0 | Q3: 156 | R3: 49 | S3: 107 | T3: 31.4
A4: Checkpoint_3 | B4: 135.04 | C4: 46.68 | D4: 0 | E4: 1 | F4: 0 | G4: 0 | H4: 0 | I4: 55 | J4: 27 | K4: 28 | L4: 49.1 | M4: 0 | N4: 0 | O4: 0 | P4: 0 | Q4: 55 | R4: 27 | S4: 28 | T4: 49.1
A5: Checkpoint_4 | B5: 384.52 | C5: 249.48 | D5: 8 | E5: 9 | F5: 0 | G5: 8 | H5: 0 | I5: 54 | J5: 0 | K5: 54 | L5: 0 | M5: 0 | N5: 0 | O5: 0 | P5: 0 | Q5: 54 | R5: 0 | S5: 54 | T5: 0
A6: Checkpoint_5 | B6: 431.26 | C6: 46.74 | D6: 1 | E6: 10 | F6: 0 | G6: 1 | H6: 0 | I6: 0 | J6: 0 | K6: 0 | L6: 0 | M6: 0 | N6: 0 | O6: 0 | P6: 0 | Q6: 0 | R6: 0 | S6: 0 | T6: 0
A7: Checkpoint_6 | B7: 947.3 | C7: 516.04 | D7: 2 | E7: 12 | F7: 1 | G7: 1 | H7: 24 | I7: 704 | J7: 273 | K7: 431 | L7: 38.8 | M7: 110 | N7: 20 | O7: 90 | P7: 18.2 | Q7: 814 | R7: 293 | S7: 521 | T7: 36
A8: Checkpoint_7 | B8: 965.94 | C8: 18.64 | D8: 0 | E8: 12 | F8: 0 | G8: 0 | H8: 4 | I8: 36 | J8: 23 | K8: 13 | L8: 63.9 | M8: 4 | N8: 0 | O8: 4 | P8: 0 | Q8: 40 | R8: 23 | S8: 17 | T8: 57.5
A9: Checkpoint_8 | B9: 980.78 | C9: 14.84 | D9: 0 | E9: 12 | F9: 0 | G9: 0 | H9: 0 | I9: 0 | J9: 0 | K9: 0 | L9: 0 | M9: 0 | N9: 0 | O9: 0 | P9: 0 | Q9: 0 | R9: 0 | S9: 0 | T9: 0
A10: Checkpoint_9 | B10: 996.78 | C10: 16 | D10: 0 | E10: 12 | F10: 0 | G10: 0 | H10: 0 | I10: 0 | J10: 0 | K10: 0 | L10: 0 | M10: 0 | N10: 0 | O10: 0 | P10: 0 | Q10: 0 | R10: 0 | S10: 0 | T10: 0
A11: Checkpoint_10 | B11: 1003.66 | C11: 6.88 | D11: 0 | E11: 12 | F11: 0 | G11: 0 | H11: 0 | I11: 0 | J11: 0 | K11: 0 | L11: 0 | M11: 0 | N11: 0 | O11: 0 | P11: 0 | Q11: 0 | R11: 0 | S11: 0 | T11: 0
A12: Final_Level | B12: 1110.58 | C12: 106.92 | D12: 2 | E12: 14 | F12: 0 | G12: 2 | H12: 3 | I12: 316 | J12: 224 | K12: 92 | L12: 70.9 | M12: 0 | N12: 0 | O12: 0 | P12: 0 | Q12: 316 | R12: 224 | S12: 92 | T12: 70.9

Sheet Sepumae
A1: Checkpoint | B1: Tiempo Absoluto (seg) | C1: Tiempo Desde Anterior (seg) | D1: Muertes entre checkpoints | E1: Muertes totales | F1: Muertes por enemigos | G1: Muertes por vacío | H1: Enemigos eliminados | I1: Disparos Blaster | J1: Acertados Blaster | K1: Fallados Blaster | L1: Precisión Blaster (%) | M1: Disparos Escopeta | N1: Acertados Escopeta | O1: Fallados Escopeta | P1: Precisión Escopeta (%) | Q1: Disparos Totales | R1: Acertados Totales | S1: Fallados Totales | T1: Precisión Total (%)
A2: Checkpoint_1 | B2: 0.18 | C2: 0 | D2: 0 | E2: 0 | F2: 0 | G2: 0 | H2: 0 | I2: 0 | J2: 0 | K2: 0 | L2: 0 | M2: 0 | N2: 0 | O2: 0 | P2: 0 | Q2: 0 | R2: 0 | S2: 0 | T2: 0
A3: Checkpoint_2 | B3: 65.96 | C3: 65.78 | D3: 0 | E3: 0 | F3: 0 | G3: 0 | H3: 6 | I3: 96 | J3: 42 | K3: 54 | L3: 43.8 | M3: 0 | N3: 0 | O3: 0 | P3: 0 | Q3: 96 | R3: 42 | S3: 54 | T3: 43.8
A4: Checkpoint_3 | B4: 115.94 | C4: 49.98 | D4: 1 | E4: 1 | F4: 1 | G4: 0 | H4: 0 | I4: 61 | J4: 50 | K4: 11 | L4: 82 | M4: 0 | N4: 0 | O4: 0 | P4: 0 | Q4: 61 | R4: 50 | S4: 11 | T4: 82
A5: Checkpoint_4 | B5: 171.76 | C5: 55.82 | D5: 1 | E5: 2 | F5: 0 | G5: 1 | H5: 1 | I5: 0 | J5: 0 | K5: 0 | L5: 0 | M5: 0 | N5: 0 | O5: 0 | P5: 0 | Q5: 0 | R5: 0 | S5: 0 | T5: 0
A6: Checkpoint_5 | B6: 208.2 | C6: 36.44 | D6: 0 | E6: 2 | F6: 0 | G6: 0 | H6: 0 | I6: 0 | J6: 0 | K6: 0 | L6: 0 | M6: 0 | N6: 0 | O6: 0 | P6: 0 | Q6: 0 | R6: 0 | S6: 0 | T6: 0
A7: Checkpoint_6 | B7: 957.48 | C7: 749.28 | D7: 5 | E7: 7 | F7: 4 | G7: 1 | H7: 32 | I7: 1427 | J7: 574 | K7: 853 | L7: 40.2 | M7: 69 | N7: 19 | O7: 50 | P7: 27.5 | Q7: 1496 | R7: 593 | S7: 903 | T7: 39.6
A8: Checkpoint_7 | B8: 969.1 | C8: 11.62 | D8: 0 | E8: 7 | F8: 0 | G8: 0 | H8: 4 | I8: 41 | J8: 28 | K8: 13 | L8: 68.3 | M8: 0 | N8: 0 | O8: 0 | P8: 0 | Q8: 41 | R8: 28 | S8: 13 | T8: 68.3
A9: Checkpoint_8 | B9: 1005.1 | C9: 36 | D9: 1 | E9: 8 | F9: 0 | G9: 1 | H9: 0 | I9: 0 | J9: 0 | K9: 0 | L9: 0 | M9: 0 | N9: 0 | O9: 0 | P9: 0 | Q9: 0 | R9: 0 | S9: 0 | T9: 0
A10: Checkpoint_9 | B10: 1021.42 | C10: 16.32 | D10: 0 | E10: 8 | F10: 0 | G10: 0 | H10: 0 | I10: 0 | J10: 0 | K10: 0 | L10: 0 | M10: 0 | N10: 0 | O10: 0 | P10: 0 | Q10: 0 | R10: 0 | S10: 0 | T10: 0
A11: Checkpoint_10 | B11: 1028.68 | C11: 7.26 | D11: 0 | E11: 8 | F11: 0 | G11: 0 | H11: 0 | I11: 0 | J11: 0 | K11: 0 | L11: 0 | M11: 0 | N11: 0 | O11: 0 | P11: 0 | Q11: 0 | R11: 0 | S11: 0 | T11: 0
A12: Final_Level | B12: 1104.85 | C12: 76.17 | D12: 1 | E12: 9 | F12: 0 | G12: 1 | H12: 2 | I12: 138 | J12: 105 | K12: 33 | L12: 76.1 | M12: 6 | N12: 6 | O12: 0 | P12: 100 | Q12: 144 | R12: 111 | S12: 33 | T12: 77.1

Sheet VicenteFigueroa
A1: Checkpoint | B1: Tiempo Absoluto (seg) | C1: Tiempo Desde Anterior (seg) | D1: Muertes entre checkpoints | E1: Muertes totales | F1: Muertes por enemigos | G1: Muertes por vacío | H1: Enemigos eliminados | I1: Disparos Blaster | J1: Acertados Blaster | K1: Fallados Blaster | L1: Precisión Blaster (%) | M1: Disparos Escopeta | N1: Acertados Escopeta | O1: Fallados Escopeta | P1: Precisión Escopeta (%) | Q1: Disparos Totales | R1: Acertados Totales | S1: Fallados Totales | T1: Precisión Total (%)
A2: Checkpoint_1 | B2: 0.2 | C2: 0 | D2: 0 | E2: 0 | F2: 0 | G2: 0 | H2: 0 | I2: 0 | J2: 0 | K2: 0 | L2: 0 | M2: 0 | N2: 0 | O2: 0 | P2: 0 | Q2: 0 | R2: 0 | S2: 0 | T2: 0
A3: Checkpoint_2 | B3: 116.5 | C3: 116.3 | D3: 1 | E3: 1 | F3: 1 | G3: 0 | H3: 8 | I3: 202 | J3: 62 | K3: 140 | L3: 30.7 | M3: 0 | N3: 0 | O3: 0 | P3: 0 | Q3: 202 | R3: 62 | S3: 140 | T3: 30.7
A4: Checkpoint_3 | B4: 166.42 | C4: 49.92 | D4: 0 | E4: 1 | F4: 0 | G4: 0 | H4: 0 | I4: 48 | J4: 27 | K4: 21 | L4: 56.3 | M4: 0 | N4: 0 | O4: 0 | P4: 0 | Q4: 48 | R4: 27 | S4: 21 | T4: 56.3
A5: Checkpoint_4 | B5: 279.22 | C5: 112.8 | D5: 3 | E5: 4 | F5: 0 | G5: 3 | H5: 1 | I5: 0 | J5: 0 | K5: 0 | L5: 0 | M5: 0 | N5: 0 | O5: 0 | P5: 0 | Q5: 0 | R5: 0 | S5: 0 | T5: 0
A6: Checkpoint_5 | B6: 318.66 | C6: 39.44 | D6: 0 | E6: 4 | F6: 0 | G6: 0 | H6: 0 | I6: 0 | J6: 0 | K6: 0 | L6: 0 | M6: 0 | N6: 0 | O6: 0 | P6: 0 | Q6: 0 | R6: 0 | S6: 0 | T6: 0
A7: Checkpoint_6 | B7: 728.5 | C7: 409.84 | D7: 0 | E7: 4 | F7: 0 | G7: 0 | H7: 23 | I7: 723 | J7: 331 | K7: 392 | L7: 45.8 | M7: 70 | N7: 19 | O7: 51 | P7: 27.1 | Q7: 793 | R7: 350 | S7: 443 | T7: 44.1
A8: Checkpoint_7 | B8: 740.22 | C8: 11.72 | D8: 0 | E8: 4 | F8: 0 | G8: 0 | H8: 4 | I8: 26 | J8: 21 | K8: 5 | L8: 80.8 | M8: 2 | N8: 1 | O8: 1 | P8: 50 | Q8: 28 | R8: 22 | S8: 6 | T8: 78.6
A9: Checkpoint_8 | B9: 755.72 | C9: 15.5 | D9: 0 | E9: 4 | F9: 0 | G9: 0 | H9: 0 | I9: 0 | J9: 0 | K9: 0 | L9: 0 | M9: 0 | N9: 0 | O9: 0 | P9: 0 | Q9: 0 | R9: 0 | S9: 0 | T9: 0
A10: Checkpoint_9 | B10: 842.54 | C10: 86.82 | D10: 4 | E10: 8 | F10: 0 | G10: 4 | H10: 0 | I10: 0 | J10: 0 | K10: 0 | L10: 0 | M10: 0 | N10: 0 | O10: 0 | P10: 0 | Q10: 0 | R10: 0 | S10: 0 | T10: 0
A11: Checkpoint_10 | B11: 851.04 | C11: 8.5 | D11: 0 | E11: 8 | F11: 0 | G11: 0 | H11: 0 | I11: 0 | J11: 0 | K11: 0 | L11: 0 | M11: 0 | N11: 0 | O11: 0 | P11: 0 | Q11: 0 | R11: 0 | S11: 0 | T11: 0
A12: Final_Level | B12: 1000.49 | C12: 149.44 | D12: 4 | E12: 12 | F12: 0 | G12: 4 | H12: 9 | I12: 303 | J12: 252 | K12: 51 | L12: 83.2 | M12: 28 | N12: 18 | O12: 10 | P12: 64.3 | Q12: 331 | R12: 270 | S12: 61 | T12: 81.6

Sheet VicenteHernandez
A1: Checkpoint | B1: Tiempo Absoluto (seg) | C1: Tiempo Desde Anterior (seg) | D1: Muertes entre checkpoints | E1: Muertes totales | F1: Muertes por enemigos | G1: Muertes por vacío | H1: Enemigos eliminados | I1: Disparos Blaster | J1: Acertados Blaster | K1: Fallados Blaster | L1: Precisión Blaster (%) | M1: Disparos Escopeta | N1: Acertados Escopeta | O1: Fallados Escopeta | P1: Precisión Escopeta (%) | Q1: Disparos Totales | R1: Acertados Totales | S1: Fallados Totales | T1: Precisión Total (%)
A2: Checkpoint_1 | B2: 0 | C2: 0 | D2: 0 | E2: 0 | F2: 0 | G2: 0 | H2: 0 | I2: 0 | J2: 0 | K2: 0 | L2: 0 | M2: 0 | N2: 0 | O2: 0 | P2: 0 | Q2: 0 | R2: 0 | S2: 0 | T2: 0
A3: Checkpoint_2 | B3: 253.64 | C3: 253.64 | D3: 4 | E3: 4 | F3: 3 | G3: 1 | H3: 9 | I3: 269 | J3: 70 | K3: 199 | L3: 26 | M3: 0 | N3: 0 | O3: 0 | P3: 0 | Q3: 269 | R3: 70 | S3: 199 | T3: 26
A4: Checkpoint_3 | B4: 329.46 | C4: 75.82 | D4: 0 | E4: 4 | F4: 0 | G4: 0 | H4: 0 | I4: 60 | J4: 27 | K4: 33 | L4: 45 | M4: 0 | N4: 0 | O4: 0 | P4: 0 | Q4: 60 | R4: 27 | S4: 33 | T4: 45
A5: Checkpoint_4 | B5: 498.02 | C5: 168.56 | D5: 3 | E5: 7 | F5: 0 | G5: 3 | H5: 0 | I5: 0 | J5: 0 | K5: 0 | L5: 0 | M5: 0 | N5: 0 | O5: 0 | P5: 0 | Q5: 0 | R5: 0 | S5: 0 | T5: 0
A6: Checkpoint_5 | B6: 655.98 | C6: 157.96 | D6: 4 | E6: 11 | F6: 0 | G6: 4 | H6: 0 | I6: 0 | J6: 0 | K6: 0 | L6: 0 | M6: 0 | N6: 0 | O6: 0 | P6: 0 | Q6: 0 | R6: 0 | S6: 0 | T6: 0
A7: Checkpoint_6 | B7: 945.64 | C7: 945.38 | D7: 7 | E7: 7 | F7: 2 | G7: 5 | H7: 21 | I7: 1434 | J7: 456 | K7: 978 | L7: 31.8 | M7: 32 | N7: 6 | O7: 26 | P7: 18.8 | Q7: 1466 | R7: 462 | S7: 1004 | T7: 31.5
A8: Checkpoint_7 | B8: 47.38 | C8: 41.24 | D8: 1 | E8: 1 | F8: 1 | G8: 0 | H8: 5 | I8: 66 | J8: 35 | K8: 31 | L8: 53 | M8: 0 | N8: 0 | O8: 0 | P8: 0 | Q8: 66 | R8: 35 | S8: 31 | T8: 53
A9: Checkpoint_8 | B9: 82.5 | C9: 35.12 | D9: 1 | E9: 2 | F9: 0 | G9: 1 | H9: 0 | I9: 0 | J9: 0 | K9: 0 | L9: 0 | M9: 0 | N9: 0 | O9: 0 | P9: 0 | Q9: 0 | R9: 0 | S9: 0 | T9: 0
A10: Checkpoint_9 | B10: 180.5 | C10: 98 | D10: 5 | E10: 7 | F10: 0 | G10: 5 | H10: 0 | I10: 0 | J10: 0 | K10: 0 | L10: 0 | M10: 0 | N10: 0 | O10: 0 | P10: 0 | Q10: 0 | R10: 0 | S10: 0 | T10: 0
A11: Checkpoint_10 | B11: 201.72 | C11: 21.22 | D11: 0 | E11: 7 | F11: 0 | G11: 0 | H11: 0 | I11: 0 | J11: 0 | K11: 0 | L11: 0 | M11: 0 | N11: 0 | O11: 0 | P11: 0 | Q11: 0 | R11: 0 | S11: 0 | T11: 0
A12: Final_Level | B12: 540.55 | C12: 338.83 | D12: 6 | E12: 13 | F12: 0 | G12: 6 | H12: 9 | I12: 561 | J12: 433 | K12: 128 | L12: 77.2 | M12: 19 | N12: 10 | O12: 9 | P12: 52.6 | Q12: 580 | R12: 443 | S12: 137 | T12: 76.4

Sheet VicenteLineros
A1: Checkpoint | B1: Tiempo Absoluto (seg) | C1: Tiempo Desde Anterior (seg) | D1: Muertes entre checkpoints | E1: Muertes totales | F1: Muertes por enemigos | G1: Muertes por vacío | H1: Enemigos eliminados | I1: Disparos Blaster | J1: Acertados Blaster | K1: Fallados Blaster | L1: Precisión Blaster (%) | M1: Disparos Escopeta | N1: Acertados Escopeta | O1: Fallados Escopeta | P1: Precisión Escopeta (%) | Q1: Disparos Totales | R1: Acertados Totales | S1: Fallados Totales | T1: Precisión Total (%)
A2: Checkpoint_1 | B2: 0.2 | C2: 0 | D2: 0 | E2: 0 | F2: 0 | G2: 0 | H2: 0 | I2: 0 | J2: 0 | K2: 0 | L2: 0 | M2: 0 | N2: 0 | O2: 0 | P2: 0 | Q2: 0 | R2: 0 | S2: 0 | T2: 0
A3: Checkpoint_2 | B3: 152.36 | C3: 152.16 | D3: 2 | E3: 2 | F3: 2 | G3: 0 | H3: 7 | I3: 155 | J3: 56 | K3: 99 | L3: 36.1 | M3: 0 | N3: 0 | O3: 0 | P3: 0 | Q3: 155 | R3: 56 | S3: 99 | T3: 36.1
A4: Checkpoint_3 | B4: 221.2 | C4: 68.84 | D4: 1 | E4: 3 | F4: 1 | G4: 0 | H4: 0 | I4: 61 | J4: 36 | K4: 25 | L4: 59 | M4: 0 | N4: 0 | O4: 0 | P4: 0 | Q4: 61 | R4: 36 | S4: 25 | T4: 59
A5: Checkpoint_4 | B5: 363.44 | C5: 142.24 | D5: 3 | E5: 6 | F5: 0 | G5: 3 | H5: 0 | I5: 0 | J5: 0 | K5: 0 | L5: 0 | M5: 0 | N5: 0 | O5: 0 | P5: 0 | Q5: 0 | R5: 0 | S5: 0 | T5: 0
A6: Checkpoint_5 | B6: 419.24 | C6: 55.8 | D6: 0 | E6: 6 | F6: 0 | G6: 0 | H6: 0 | I6: 0 | J6: 0 | K6: 0 | L6: 0 | M6: 0 | N6: 0 | O6: 0 | P6: 0 | Q6: 0 | R6: 0 | S6: 0 | T6: 0
A7: Checkpoint_6 | B7: 1499.36 | C7: 1080.12 | D7: 3 | E7: 9 | F7: 2 | G7: 1 | H7: 23 | I7: 567 | J7: 132 | K7: 435 | L7: 23.3 | M7: 254 | N7: 14 | O7: 240 | P7: 5.5 | Q7: 821 | R7: 146 | S7: 675 | T7: 17.8
A8: Checkpoint_7 | B8: 1521.94 | C8: 22.58 | D8: 0 | E8: 9 | F8: 0 | G8: 0 | H8: 4 | I8: 0 | J8: 0 | K8: 0 | L8: 0 | M8: 9 | N8: 4 | O8: 5 | P8: 44.4 | Q8: 9 | R8: 4 | S8: 5 | T8: 44.4
A9: Checkpoint_8 | B9: 1568.48 | C9: 46.54 | D9: 2 | E9: 11 | F9: 0 | G9: 2 | H9: 0 | I9: 0 | J9: 0 | K9: 0 | L9: 0 | M9: 0 | N9: 0 | O9: 0 | P9: 0 | Q9: 0 | R9: 0 | S9: 0 | T9: 0
A10: Checkpoint_9 | B10: 1916.22 | C10: 347.74 | D10: 22 | E10: 33 | F10: 0 | G10: 22 | H10: 0 | I10: 4 | J10: 0 | K10: 4 | L10: 0 | M10: 0 | N10: 0 | O10: 0 | P10: 0 | Q10: 4 | R10: 0 | S10: 4 | T10: 0
A11: Checkpoint_10 | B11: 1928.7 | C11: 12.48 | D11: 0 | E11: 33 | F11: 0 | G11: 0 | H11: 0 | I11: 0 | J11: 0 | K11: 0 | L11: 0 | M11: 0 | N11: 0 | O11: 0 | P11: 0 | Q11: 0 | R11: 0 | S11: 0 | T11: 0
A12: Final_Level | B12: 2653.89 | C12: 725.19 | D12: 20 | E12: 53 | F12: 0 | G12: 20 | H12: 22 | I12: 1153 | J12: 806 | K12: 347 | L12: 69.9 | M12: 46 | N12: 34 | O12: 12 | P12: 73.9 | Q12: 1199 | R12: 840 | S12: 359 | T12: 70.1

Sheet yoelchupa
A1: Checkpoint | B1: Tiempo Absoluto (seg) | C1: Tiempo Desde Anterior (seg) | D1: Muertes entre checkpoints | E1: Muertes totales | F1: Muertes por enemigos | G1: Muertes por vacío | H1: Enemigos eliminados | I1: Disparos Blaster | J1: Acertados Blaster | K1: Fallados Blaster | L1: Precisión Blaster (%) | M1: Disparos Escopeta | N1: Acertados Escopeta | O1: Fallados Escopeta | P1: Precisión Escopeta (%) | Q1: Disparos Totales | R1: Acertados Totales | S1: Fallados Totales | T1: Precisión Total (%)
A2: Checkpoint_1 | B2: 0 | C2: 0 | D2: 0 | E2: 0 | F2: 0 | G2: 0 | H2: 0 | I2: 0 | J2: 0 | K2: 0 | L2: 0 | M2: 0 | N2: 0 | O2: 0 | P2: 0 | Q2: 0 | R2: 0 | S2: 0 | T2: 0
A3: Checkpoint_2 | B3: 85.22 | C3: 85.22 | D3: 0 | E3: 0 | F3: 0 | G3: 0 | H3: 6 | I3: 57 | J3: 42 | K3: 15 | L3: 73.7 | M3: 0 | N3: 0 | O3: 0 | P3: 0 | Q3: 57 | R3: 42 | S3: 15 | T3: 73.7
A4: Checkpoint_3 | B4: 129.42 | C4: 44.2 | D4: 0 | E4: 0 | F4: 0 | G4: 0 | H4: 0 | I4: 30 | J4: 27 | K4: 3 | L4: 90 | M4: 0 | N4: 0 | O4: 0 | P4: 0 | Q4: 30 | R4: 27 | S4: 3 | T4: 90
A5: Checkpoint_4 | B5: 225.88 | C5: 96.46 | D5: 2 | E5: 2 | F5: 0 | G5: 2 | H5: 0 | I5: 0 | J5: 0 | K5: 0 | L5: 0 | M5: 0 | N5: 0 | O5: 0 | P5: 0 | Q5: 0 | R5: 0 | S5: 0 | T5: 0
A6: Checkpoint_5 | B6: 268.4 | C6: 42.52 | D6: 0 | E6: 2 | F6: 0 | G6: 0 | H6: 0 | I6: 0 | J6: 0 | K6: 0 | L6: 0 | M6: 0 | N6: 0 | O6: 0 | P6: 0 | Q6: 0 | R6: 0 | S6: 0 | T6: 0
A7: Checkpoint_6 | B7: 981.02 | C7: 712.62 | D7: 4 | E7: 6 | F7: 4 | G7: 0 | H7: 29 | I7: 758 | J7: 565 | K7: 193 | L7: 74.5 | M7: 69 | N7: 5 | O7: 64 | P7: 7.2 | Q7: 827 | R7: 570 | S7: 257 | T7: 68.9
A8: Checkpoint_7 | B8: 991.02 | C8: 10 | D8: 0 | E8: 6 | F8: 0 | G8: 0 | H8: 4 | I8: 0 | J8: 0 | K8: 0 | L8: 0 | M8: 5 | N8: 5 | O8: 0 | P8: 100 | Q8: 5 | R8: 5 | S8: 0 | T8: 100
A9: Checkpoint_8 | B9: 1018.32 | C9: 27.3 | D9: 0 | E9: 6 | F9: 0 | G9: 0 | H9: 0 | I9: 0 | J9: 0 | K9: 0 | L9: 0 | M9: 0 | N9: 0 | O9: 0 | P9: 0 | Q9: 0 | R9: 0 | S9: 0 | T9: 0
A10: Checkpoint_9 | B10: 1034.82 | C10: 16.5 | D10: 0 | E10: 6 | F10: 0 | G10: 0 | H10: 0 | I10: 0 | J10: 0 | K10: 0 | L10: 0 | M10: 0 | N10: 0 | O10: 0 | P10: 0 | Q10: 0 | R10: 0 | S10: 0 | T10: 0
A11: Checkpoint_10 | B11: 1041.12 | C11: 6.3 | D11: 0 | E11: 6 | F11: 0 | G11: 0 | H11: 0 | I11: 0 | J11: 0 | K11: 0 | L11: 0 | M11: 0 | N11: 0 | O11: 0 | P11: 0 | Q11: 0 | R11: 0 | S11: 0 | T11: 0
A12: Final_Level | B12: 1075.56 | C12: 34.44 | D12: 0 | E12: 6 | F12: 0 | G12: 0 | H12: 2 | I12: 51 | J12: 44 | K12: 7 | L12: 86.3 | M12: 14 | N12: 8 | O12: 6 | P12: 57.1 | Q12: 65 | R12: 52 | S12: 13 | T12: 80

Sheet Thresholds
A1: Jugador | B1: Tiempo Absoluto (seg) | C1: Tiempo Desde Anterior (seg) | D1: Muertes entre checkpoints | E1: Muertes totales | F1: Muertes por enemigos | G1: Muertes por vacío | H1: Enemigos eliminados | I1: Disparos Blaster | J1: Acertados Blaster | K1: Fallados Blaster | L1: Precisión Blaster (%) | M1: Disparos Escopeta | N1: Acertados Escopeta | O1: Fallados Escopeta | P1: Precisión Escopeta (%) | Q1: Disparos Totales | R1: Acertados Totales | S1: Fallados Totales | T1: Precisión Total (%)
A2: Jug1 | B2: =AVERAGE(AlexVargas!B:B) -> 987.49455 | C2: =AVERAGE(AlexVargas!C:C) -> 170.32909 | D2: =AVERAGE(AlexVargas!D:D) -> 2.6363636 | E2: =AVERAGE(AlexVargas!E:E) -> 11.727273 | F2: =AVERAGE(AlexVargas!F:F) -> 0.18181818 | G2: =AVERAGE(AlexVargas!G:G) -> 2.4545455 | H2: =AVERAGE(AlexVargas!H:H) -> 4.1818182 | I2: =AVERAGE(AlexVargas!I:I) -> 237.81818 | J2: =AVERAGE(AlexVargas!J:J) -> 92.545455 | K2: =AVERAGE(AlexVargas!K:K) -> 145.27273 | L2: =AVERAGE(AlexVargas!L:L) -> 23.581818 | M2: =AVERAGE(AlexVargas!M:M) -> 6.0909091 | N2: =AVERAGE(AlexVargas!N:N) -> 2.3636364 | O2: =AVERAGE(AlexVargas!O:O) -> 3.7272727 | P2: =AVERAGE(AlexVargas!P:P) -> 12.063636 | Q2: =AVERAGE(AlexVargas!Q:Q) -> 243.90909 | R2: =AVERAGE(AlexVargas!R:R) -> 94.909091 | S2: =AVERAGE(AlexVargas!S:S) -> 149 | T2: =AVERAGE(AlexVargas!T:T) -> 23.227273
A3: Jug2 | B3: =AVERAGE(AntoFlores!B:B) -> 311.52273 | C3: =AVERAGE(AntoFlores!C:C) -> 208.66455 | D3: =AVERAGE(AntoFlores!D:D) -> 3.0909091 | E3: =AVERAGE(AntoFlores!E:E) -> 4.6363636 | F3: =AVERAGE(AntoFlores!F:F) -> 0.54545455 | G3: =AVERAGE(AntoFlores!G:G) -> 2.5454545 | H3: =AVERAGE(AntoFlores!H:H) -> 3.1818182 | I3: =AVERAGE(AntoFlores!I:I) -> 202.72727 | J3: =AVERAGE(AntoFlores!J:J) -> 114.09091 | K3: =AVERAGE(AntoFlores!K:K) -> 88.636364 | L3: =AVERAGE(AntoFlores!L:L) -> 30 | M3: =AVERAGE(AntoFlores!M:M) -> 2 | N3: =AVERAGE(AntoFlores!N:N) -> 0 | O3: =AVERAGE(AntoFlores!O:O) -> 2 | P3: =AVERAGE(AntoFlores!P:P) -> 0 | Q3: =AVERAGE(AntoFlores!Q:Q) -> 204.72727 | R3: =AVERAGE(AntoFlores!R:R) -> 114.09091 | S3: =AVERAGE(AntoFlores!S:S) -> 90.636364 | T3: =AVERAGE(AntoFlores!T:T) -> 29.927273
A4: Jug3 | B4: =AVERAGE(BenjaCarrasco!B:B) -> 438.29909 | C4: =AVERAGE(BenjaCarrasco!C:C) -> 101.96636 | D4: =AVERAGE(BenjaCarrasco!D:D) -> 1 | E4: =AVERAGE(BenjaCarrasco!E:E) -> 2.6363636 | F4: =AVERAGE(BenjaCarrasco!F:F) -> 0.090909091 | G4: =AVERAGE(BenjaCarrasco!G:G) -> 0.90909091 | H4: =AVERAGE(BenjaCarrasco!H:H) -> 3.7272727 | I4: =AVERAGE(BenjaCarrasco!I:I) -> 122.45455 | J4: =AVERAGE(BenjaCarrasco!J:J) -> 58.272727 | K4: =AVERAGE(BenjaCarrasco!K:K) -> 64.181818 | L4: =AVERAGE(BenjaCarrasco!L:L) -> 18.818182 | M4: =AVERAGE(BenjaCarrasco!M:M) -> 9.0909091 | N4: =AVERAGE(BenjaCarrasco!N:N) -> 2.1818182 | O4: =AVERAGE(BenjaCarrasco!O:O) -> 6.9090909 | P4: =AVERAGE(BenjaCarrasco!P:P) -> 12.445455 | Q4: =AVERAGE(BenjaCarrasco!Q:Q) -> 131.54545 | R4: =AVERAGE(BenjaCarrasco!R:R) -> 60.454545 | S4: =AVERAGE(BenjaCarrasco!S:S) -> 71.090909 | T4: =AVERAGE(BenjaCarrasco!T:T) -> 20.936364
A5: Jug4 | B5: =AVERAGE(CamilaCarrascoBaier!B:B) -> 204.86889 | C5: =AVERAGE(CamilaCarrascoBaier!C:C) -> 84.951111 | D5: =AVERAGE(CamilaCarrascoBaier!D:D) -> 2 | E5: =AVERAGE(CamilaCarrascoBaier!E:E) -> 4.1111111 | F5: =AVERAGE(CamilaCarrascoBaier!F:F) -> 0.44444444 | G5: =AVERAGE(CamilaCarrascoBaier!G:G) -> 1.5555556 | H5: =AVERAGE(CamilaCarrascoBaier!H:H) -> 2 | I5: =AVERAGE(CamilaCarrascoBaier!I:I) -> 34.444444 | J5: =AVERAGE(CamilaCarrascoBaier!J:J) -> 16.888889 | K5: =AVERAGE(CamilaCarrascoBaier!K:K) -> 17.555556 | L5: =AVERAGE(CamilaCarrascoBaier!L:L) -> 33 | M5: =AVERAGE(CamilaCarrascoBaier!M:M) -> 0 | N5: =AVERAGE(CamilaCarrascoBaier!N:N) -> 0 | O5: =AVERAGE(CamilaCarrascoBaier!O:O) -> 0 | P5: =AVERAGE(CamilaCarrascoBaier!P:P) -> 0 | Q5: =AVERAGE(CamilaCarrascoBaier!Q:Q) -> 34.444444 | R5: =AVERAGE(CamilaCarrascoBaier!R:R) -> 16.888889 | S5: =AVERAGE(CamilaCarrascoBaier!S:S) -> 17.555556 | T5: =AVERAGE(CamilaCarrascoBaier!T:T) -> 33
A6: Jug5 | B6: =AVERAGE(CataAguilar!B:B) -> 2969.2827 | C6: =AVERAGE(CataAguilar!C:C) -> 524.63182 | D6: =AVERAGE(CataAguilar!D:D) -> 9.6363636 | E6: =AVERAGE(CataAguilar!E:E) -> 45.636364 | F6: =AVERAGE(CataAguilar!F:F) -> 1.2727273 | G6: =AVERAGE(CataAguilar!G:G) -> 8.3636364 | H6: =AVERAGE(CataAguilar!H:H) -> 5.2727273 | I6: =AVERAGE(CataAguilar!I:I) -> 469.27273 | J6: =AVERAGE(CataAguilar!J:J) -> 118 | K6: =AVERAGE(CataAguilar!K:K) -> 351.27273 | L6: =AVERAGE(CataAguilar!L:L) -> 20.690909 | M6: =AVERAGE(CataAguilar!M:M) -> 0.63636364 | N6: =AVERAGE(CataAguilar!N:N) -> 0 | O6: =AVERAGE(CataAguilar!O:O) -> 0.63636364 | P6: =AVERAGE(CataAguilar!P:P) -> 0 | Q6: =AVERAGE(CataAguilar!Q:Q) -> 469.90909 | R6: =AVERAGE(CataAguilar!R:R) -> 118 | S6: =AVERAGE(CataAguilar!S:S) -> 351.90909 | T6: =AVERAGE(CataAguilar!T:T) -> 20.690909
A7: Jug6 | B7: =AVERAGE(DiegoContreras!B:B) -> 1483.4536 | C7: =AVERAGE(DiegoContreras!C:C) -> 247.24091 | D7: =AVERAGE(DiegoContreras!D:D) -> 2.8181818 | E7: =AVERAGE(DiegoContreras!E:E) -> 14.545455 | F7: =AVERAGE(DiegoContreras!F:F) -> 1.0909091 | G7: =AVERAGE(DiegoContreras!G:G) -> 1.7272727 | H7: =AVERAGE(DiegoContreras!H:H) -> 3.9090909 | I7: =AVERAGE(DiegoContreras!I:I) -> 325.72727 | J7: =AVERAGE(DiegoContreras!J:J) -> 83.636364 | K7: =AVERAGE(DiegoContreras!K:K) -> 242.09091 | L7: =AVERAGE(DiegoContreras!L:L) -> 18.736364 | M7: =AVERAGE(DiegoContreras!M:M) -> 8.9090909 | N7: =AVERAGE(DiegoContreras!N:N) -> 1.6363636 | O7: =AVERAGE(DiegoContreras!O:O) -> 7.2727273 | P7: =AVERAGE(DiegoContreras!P:P) -> 12.3 | Q7: =AVERAGE(DiegoContreras!Q:Q) -> 334.63636 | R7: =AVERAGE(DiegoContreras!R:R) -> 85.272727 | S7: =AVERAGE(DiegoContreras!S:S) -> 249.36364 | T7: =AVERAGE(DiegoContreras!T:T) -> 24.1
A8: Jug7 | B8: =AVERAGE(FranPerez!B:B) -> 778.14091 | C8: =AVERAGE(FranPerez!C:C) -> 120.38818 | D8: =AVERAGE(FranPerez!D:D) -> 1.2727273 | E8: =AVERAGE(FranPerez!E:E) -> 8.1818182 | F8: =AVERAGE(FranPerez!F:F) -> 0 | G8: =AVERAGE(FranPerez!G:G) -> 1.2727273 | H8: =AVERAGE(FranPerez!H:H) -> 3.3636364 | I8: =AVERAGE(FranPerez!I:I) -> 133.54545 | J8: =AVERAGE(FranPerez!J:J) -> 66.545455 | K8: =AVERAGE(FranPerez!K:K) -> 67 | L8: =AVERAGE(FranPerez!L:L) -> 26.945455 | M8: =AVERAGE(FranPerez!M:M) -> 2.6363636 | N8: =AVERAGE(FranPerez!N:N) -> 0.63636364 | O8: =AVERAGE(FranPerez!O:O) -> 2 | P8: =AVERAGE(FranPerez!P:P) -> 12.009091 | Q8: =AVERAGE(FranPerez!Q:Q) -> 136.18182 | R8: =AVERAGE(FranPerez!R:R) -> 67.181818 | S8: =AVERAGE(FranPerez!S:S) -> 69 | T8: =AVERAGE(FranPerez!T:T) -> 26.918182
A9: Jug8 | B9: =AVERAGE(JoaquinAguilar!B:B) -> 1006.3364 | C9: =AVERAGE(JoaquinAguilar!C:C) -> 151.00909 | D9: =AVERAGE(JoaquinAguilar!D:D) -> 1.6363636 | E9: =AVERAGE(JoaquinAguilar!E:E) -> 11.909091 | F9: =AVERAGE(JoaquinAguilar!F:F) -> 0.72727273 | G9: =AVERAGE(JoaquinAguilar!G:G) -> 0.90909091 | H9: =AVERAGE(JoaquinAguilar!H:H) -> 4.1818182 | I9: =AVERAGE(JoaquinAguilar!I:I) -> 237.18182 | J9: =AVERAGE(JoaquinAguilar!J:J) -> 85.727273 | K9: =AVERAGE(JoaquinAguilar!K:K) -> 151.45455 | L9: =AVERAGE(JoaquinAguilar!L:L) -> 23.818182 | M9: =AVERAGE(JoaquinAguilar!M:M) -> 0.45454545 | N9: =AVERAGE(JoaquinAguilar!N:N) -> 0 | O9: =AVERAGE(JoaquinAguilar!O:O) -> 0.45454545 | P9: =AVERAGE(JoaquinAguilar!P:P) -> 0 | Q9: =AVERAGE(JoaquinAguilar!Q:Q) -> 237.63636 | R9: =AVERAGE(JoaquinAguilar!R:R) -> 85.727273 | S9: =AVERAGE(JoaquinAguilar!S:S) -> 151.90909 | T9: =AVERAGE(JoaquinAguilar!T:T) -> 23.6
A10: Jug9 | B10: =AVERAGE(LourdesArtigas!B:B) -> 242.44182 | C10: =AVERAGE(LourdesArtigas!C:C) -> 101.02545 | D10: =AVERAGE(LourdesArtigas!D:D) -> 2.5454545 | E10: =AVERAGE(LourdesArtigas!E:E) -> 5.2727273 | F10: =AVERAGE(LourdesArtigas!F:F) -> 0.18181818 | G10: =AVERAGE(LourdesArtigas!G:G) -> 2.3636364 | H10: =AVERAGE(LourdesArtigas!H:H) -> 1.9090909 | I10: =AVERAGE(LourdesArtigas!I:I) -> 23.636364 | J10: =AVERAGE(LourdesArtigas!J:J) -> 12.090909 | K10: =AVERAGE(LourdesArtigas!K:K) -> 11.545455 | L10: =AVERAGE(LourdesArtigas!L:L) -> 19.454545 | M10: =AVERAGE(LourdesArtigas!M:M) -> 2.9090909 | N10: =AVERAGE(LourdesArtigas!N:N) -> 1.1818182 | O10: =AVERAGE(LourdesArtigas!O:O) -> 1.7272727 | P10: =AVERAGE(LourdesArtigas!P:P) -> 6.7909091 | Q10: =AVERAGE(LourdesArtigas!Q:Q) -> 26.545455 | R10: =AVERAGE(LourdesArtigas!R:R) -> 13.272727 | S10: =AVERAGE(LourdesArtigas!S:S) -> 13.272727 | T10: =AVERAGE(LourdesArtigas!T:T) -> 18.281818
A11: Jug10 | B11: =AVERAGE(Pantrucas!B:B) -> 640.4 | C11: =AVERAGE(Pantrucas!C:C) -> 100.94545 | D11: =AVERAGE(Pantrucas!D:D) -> 1.2727273 | E11: =AVERAGE(Pantrucas!E:E) -> 8.6363636 | F11: =AVERAGE(Pantrucas!F:F) -> 0.18181818 | G11: =AVERAGE(Pantrucas!G:G) -> 1.0909091 | H11: =AVERAGE(Pantrucas!H:H) -> 3.4545455 | I11: =AVERAGE(Pantrucas!I:I) -> 120.09091 | J11: =AVERAGE(Pantrucas!J:J) -> 54.181818 | K11: =AVERAGE(Pantrucas!K:K) -> 65.909091 | L11: =AVERAGE(Pantrucas!L:L) -> 23.1 | M11: =AVERAGE(Pantrucas!M:M) -> 10.363636 | N11: =AVERAGE(Pantrucas!N:N) -> 1.8181818 | O11: =AVERAGE(Pantrucas!O:O) -> 8.5454545 | P11: =AVERAGE(Pantrucas!P:P) -> 1.6545455 | Q11: =AVERAGE(Pantrucas!Q:Q) -> 130.45455 | R11: =AVERAGE(Pantrucas!R:R) -> 56 | S11: =AVERAGE(Pantrucas!S:S) -> 74.454545 | T11: =AVERAGE(Pantrucas!T:T) -> 22.263636
A12: Jug11 | B12: =AVERAGE(Sepumae!B:B) -> 604.42455 | C12: =AVERAGE(Sepumae!C:C) -> 100.42455 | D12: =AVERAGE(Sepumae!D:D) -> 0.81818182 | E12: =AVERAGE(Sepumae!E:E) -> 4.7272727 | F12: =AVERAGE(Sepumae!F:F) -> 0.45454545 | G12: =AVERAGE(Sepumae!G:G) -> 0.36363636 | H12: =AVERAGE(Sepumae!H:H) -> 4.0909091 | I12: =AVERAGE(Sepumae!I:I) -> 160.27273 | J12: =AVERAGE(Sepumae!J:J) -> 72.636364 | K12: =AVERAGE(Sepumae!K:K) -> 87.636364 | L12: =AVERAGE(Sepumae!L:L) -> 28.218182 | M12: =AVERAGE(Sepumae!M:M) -> 6.8181818 | N12: =AVERAGE(Sepumae!N:N) -> 2.2727273 | O12: =AVERAGE(Sepumae!O:O) -> 4.5454545 | P12: =AVERAGE(Sepumae!P:P) -> 11.590909 | Q12: =AVERAGE(Sepumae!Q:Q) -> 167.09091 | R12: =AVERAGE(Sepumae!R:R) -> 74.909091 | S12: =AVERAGE(Sepumae!S:S) -> 92.181818 | T12: =AVERAGE(Sepumae!T:T) -> 28.254545
A13: Jug12 | B13: =AVERAGE(VicenteFigueroa!B:B) -> 527.22818 | C13: =AVERAGE(VicenteFigueroa!C:C) -> 90.934545 | D13: =AVERAGE(VicenteFigueroa!D:D) -> 1.0909091 | E13: =AVERAGE(VicenteFigueroa!E:E) -> 4.5454545 | F13: =AVERAGE(VicenteFigueroa!F:F) -> 0.090909091 | G13: =AVERAGE(VicenteFigueroa!G:G) -> 1 | H13: =AVERAGE(VicenteFigueroa!H:H) -> 4.0909091 | I13: =AVERAGE(VicenteFigueroa!I:I) -> 118.36364 | J13: =AVERAGE(VicenteFigueroa!J:J) -> 63 | K13: =AVERAGE(VicenteFigueroa!K:K) -> 55.363636 | L13: =AVERAGE(VicenteFigueroa!L:L) -> 26.981818 | M13: =AVERAGE(VicenteFigueroa!M:M) -> 9.0909091 | N13: =AVERAGE(VicenteFigueroa!N:N) -> 3.4545455 | O13: =AVERAGE(VicenteFigueroa!O:O) -> 5.6363636 | P13: =AVERAGE(VicenteFigueroa!P:P) -> 12.854545 | Q13: =AVERAGE(VicenteFigueroa!Q:Q) -> 127.45455 | R13: =AVERAGE(VicenteFigueroa!R:R) -> 66.454545 | S13: =AVERAGE(VicenteFigueroa!S:S) -> 61 | T13: =AVERAGE(VicenteFigueroa!T:T) -> 26.481818
A14: Jug13 | B14: =AVERAGE(VicenteHernandez!B:B) -> 339.58091 | C14: =AVERAGE(VicenteHernandez!C:C) -> 194.16091 | D14: =AVERAGE(VicenteHernandez!D:D) -> 2.8181818 | E14: =AVERAGE(VicenteHernandez!E:E) -> 5.7272727 | F14: =AVERAGE(VicenteHernandez!F:F) -> 0.54545455 | G14: =AVERAGE(VicenteHernandez!G:G) -> 2.2727273 | H14: =AVERAGE(VicenteHernandez!H:H) -> 4 | I14: =AVERAGE(VicenteHernandez!I:I) -> 217.27273 | J14: =AVERAGE(VicenteHernandez!J:J) -> 92.818182 | K14: =AVERAGE(VicenteHernandez!K:K) -> 124.45455 | L14: =AVERAGE(VicenteHernandez!L:L) -> 21.181818 | M14: =AVERAGE(VicenteHernandez!M:M) -> 4.6363636 | N14: =AVERAGE(VicenteHernandez!N:N) -> 1.4545455 | O14: =AVERAGE(VicenteHernandez!O:O) -> 3.1818182 | P14: =AVERAGE(VicenteHernandez!P:P) -> 6.4909091 | Q14: =AVERAGE(VicenteHernandez!Q:Q) -> 221.90909 | R14: =AVERAGE(VicenteHernandez!R:R) -> 94.272727 | S14: =AVERAGE(VicenteHernandez!S:S) -> 127.63636 | T14: =AVERAGE(VicenteHernandez!T:T) -> 21.081818
A15: Jug14 | B15: =AVERAGE(VicenteLineros!B:B) -> 1113.1845 | C15: =AVERAGE(VicenteLineros!C:C) -> 241.24455 | D15: =AVERAGE(VicenteLineros!D:D) -> 4.8181818 | E15: =AVERAGE(VicenteLineros!E:E) -> 15 | F15: =AVERAGE(VicenteLineros!F:F) -> 0.45454545 | G15: =AVERAGE(VicenteLineros!G:G) -> 4.3636364 | H15: =AVERAGE(VicenteLineros!H:H) -> 5.0909091 | I15: =AVERAGE(VicenteLineros!I:I) -> 176.36364 | J15: =AVERAGE(VicenteLineros!J:J) -> 93.636364 | K15: =AVERAGE(VicenteLineros!K:K) -> 82.727273 | L15: =AVERAGE(VicenteLineros!L:L) -> 17.118182 | M15: =AVERAGE(VicenteLineros!M:M) -> 28.090909 | N15: =AVERAGE(VicenteLineros!N:N) -> 4.7272727 | O15: =AVERAGE(VicenteLineros!O:O) -> 23.363636 | P15: =AVERAGE(VicenteLineros!P:P) -> 11.254545 | Q15: =AVERAGE(VicenteLineros!Q:Q) -> 204.45455 | R15: =AVERAGE(VicenteLineros!R:R) -> 98.363636 | S15: =AVERAGE(VicenteLineros!S:S) -> 106.09091 | T15: =AVERAGE(VicenteLineros!T:T) -> 20.672727
A16: Jug15 | B16: =AVERAGE(yoelchupa!B:B) -> 622.79818 | C16: =AVERAGE(yoelchupa!C:C) -> 97.778182 | D16: =AVERAGE(yoelchupa!D:D) -> 0.54545455 | E16: =AVERAGE(yoelchupa!E:E) -> 3.6363636 | F16: =AVERAGE(yoelchupa!F:F) -> 0.36363636 | G16: =AVERAGE(yoelchupa!G:G) -> 0.18181818 | H16: =AVERAGE(yoelchupa!H:H) -> 3.7272727 | I16: =AVERAGE(yoelchupa!I:I) -> 81.454545 | J16: =AVERAGE(yoelchupa!J:J) -> 61.636364 | K16: =AVERAGE(yoelchupa!K:K) -> 19.818182 | L16: =AVERAGE(yoelchupa!L:L) -> 29.5 | M16: =AVERAGE(yoelchupa!M:M) -> 8 | N16: =AVERAGE(yoelchupa!N:N) -> 1.6363636 | O16: =AVERAGE(yoelchupa!O:O) -> 6.3636364 | P16: =AVERAGE(yoelchupa!P:P) -> 14.936364 | Q16: =AVERAGE(yoelchupa!Q:Q) -> 89.454545 | R16: =AVERAGE(yoelchupa!R:R) -> 63.272727 | S16: =AVERAGE(yoelchupa!S:S) -> 26.181818 | T16: =AVERAGE(yoelchupa!T:T) -> 37.509091
A18: Percentil50 (comun) | B18: =_xlfn.PERCENTILE.EXC(B2:B16,0.5) -> 622.79818 | C18: =_xlfn.PERCENTILE.EXC(C2:C16,0.5) -> 120.38818 | D18: =_xlfn.PERCENTILE.EXC(D2:D16,0.5) -> 2 | E18: =_xlfn.PERCENTILE.EXC(E2:E16,0.5) -> 5.7272727 | F18: =_xlfn.PERCENTILE.EXC(F2:F16,0.5) -> 0.44444444 | G18: =_xlfn.PERCENTILE.EXC(G2:G16,0.5) -> 1.5555556 | H18: =_xlfn.PERCENTILE.EXC(H2:H16,0.5) -> 3.9090909 | I18: =_xlfn.PERCENTILE.EXC(I2:I16,0.5) -> 160.27273 | ... T18: =_xlfn.PERCENTILE.EXC(T2:T16,0.5) -> 23.6
A19: Percentil75 (activacion) | B19: =_xlfn.PERCENTILE.EXC(B2:B16,0.75) -> 1006.3364 | C19: =_xlfn.PERCENTILE.EXC(C2:C16,0.75) -> 208.66455 | D19: =_xlfn.PERCENTILE.EXC(D2:D16,0.75) -> 2.8181818 | E19: =_xlfn.PERCENTILE.EXC(E2:E16,0.75) -> 11.909091 | F19: =_xlfn.PERCENTILE.EXC(F2:F16,0.75) -> 0.54545455 | G19: =_xlfn.PERCENTILE.EXC(G2:G16,0.75) -> 2.4545455 | H19: =_xlfn.PERCENTILE.EXC(H2:H16,0.75) -> 4.1818182 | I19: =_xlfn.PERCENTILE.EXC(I2:I16,0.75) -> 237.18182 | ... T19: =_xlfn.PERCENTILE.EXC(T2:T16,0.75) -> 28.254545
A20: Percentil90 (critico) | B20: =_xlfn.PERCENTILE.EXC(B2:B16,0.9) -> 2077.7853 | C20: =_xlfn.PERCENTILE.EXC(C2:C16,0.9) -> 358.19727 | D20: =_xlfn.PERCENTILE.EXC(D2:D16,0.9) -> 6.7454545 | E20: =_xlfn.PERCENTILE.EXC(E2:E16,0.9) -> 27.254545 | F20: =_xlfn.PERCENTILE.EXC(F2:F16,0.9) -> 1.1636364 | G20: =_xlfn.PERCENTILE.EXC(G2:G16,0.9) -> 5.9636364 | H20: =_xlfn.PERCENTILE.EXC(H2:H16,0.9) -> 5.1636364 | I20: =_xlfn.PERCENTILE.EXC(I2:I16,0.9) -> 383.14545 | ... T20: =_xlfn.PERCENTILE.EXC(T2:T16,0.9) -> 34.803636
