Workbook

Sheet AlexVargas
A1: AttemptID | B1: SegmentId | C1: TargetPlatform | D1: LandingOffset_m | E1: LandingOffset_Forward_m | F1: LandingOffset_Side_m | G1: SafetyMargin_m | H1: VerticalSpeed_mps | I1: ApproachAngle_deg | J1: MicroCorrections_0_5s | K1: PreLandingHorizontalJitter | L1: PostStabilizationTime_s | M1: PostLandingDrift_m | N1: LandingFailed | O1: PostLandingFall | P1: LandingType
A2: 5 | B2: LandingSegment_1 | C2: TargetAnchor1 | D2: 0.5506341 | E2: 0.5046082 | F2: 0.2203827 | G2: 2.590041 | H2: -14.84117 | I2: 0 | J2: 0 | K2: 1.691811 | L2: 2.007294 | M2: 6.419182 | N2: 0 | O2: 0 | P2: CleanLanding
A3: 5 | B3: LandingSegment_2 | C3: TargetAnchor2 | D3: 1.221663 | E3: 1.218063 | F3: 0.09371948 | G3: 2.109416 | H3: -16.35887 | I3: 0 | J3: 0 | K3: 0.9640818 | L3: 2.010864 | M3: 10.90922 | N3: 0 | O3: 0 | P3: CleanLanding
A4: 5 | B4: LandingSegment_3 | C4: TargetAnchor3 | D4: 0.2577823 | E4: -0.1311417 | F4: -0.2219315 | G4: 2.637422 | H4: -18.55354 | I4: 0 | J4: 0 | K4: 0.4311077 | L4: 0.916687 | M4: 2.005393 | N4: 0 | O4: 0 | P4: CleanLanding
A5: 5 | B5: LandingSegment_4 | C5: TargetAnchor4 | D5: 1.430074 | E5: 0.1072235 | F5: -1.426048 | G5: 1.558975 | H5: -20.1328 | I5: 0 | J5: 0 | K5: 1.35911 | L5: 0.6982727 | M5: 0.3817981 | N5: 0 | O5: 0 | P5: CleanLanding
A6: 5 | B6: LandingSegment_5 | C6: TargetAnchor5 | D6: 0.3495281 | E6: 0.2326279 | F6: -0.2608719 | G6: 2.347917 | H6: -14.19909 | I6: 0 | J6: 0 | K6: 2.081567 | L6: 2.023071 | M6: 6.713892 | N6: 0 | O6: 0 | P6: CleanLanding
A7: 5 | B7: LandingSegment_6 | C7: TargetAnchor6 | D7: 0.4639826 | E7: -0.2680244 | F7: -0.3787384 | G7: 2.257265 | H7: -21.50419 | I7: 0 | J7: 0 | K7: 1.020583 | L7: 0.4810181 | M7: 0.1181153 | N7: 0 | O7: 0 | P7: CleanLanding
A8: 5 | B8: LandingSegment_7 | C8: TargetAnchor7 | D8: 0.1990135 | E8: 0.1939073 | F8: -0.04479218 | G8: 2.700946 | H8: -18.43953 | I8: 0 | J8: 0 | K8: 0.140035 | L8: 0.6884155 | M8: 1.430384 | N8: 0 | O8: 0 | P8: CleanLanding

Sheet AntoFlores
A1: AttemptID | B1: SegmentId | C1: TargetPlatform | D1: LandingOffset_m | E1: LandingOffset_Forward_m | F1: LandingOffset_Side_m | G1: SafetyMargin_m | H1: VerticalSpeed_mps | I1: ApproachAngle_deg | J1: MicroCorrections_0_5s | K1: PreLandingHorizontalJitter | L1: PostStabilizationTime_s | M1: PostLandingDrift_m | N1: LandingFailed | O1: PostLandingFall | P1: LandingType
A2: 10 | B2: LandingSegment_1 | C2: TargetAnchor1 | D2: 3.086931 | E2: 1.793182 | F2: 2.512695 | G2: 0 | H2: -7.632173 | I2: 0 | J2: 0 | K2: 1.225621 | L2: 1.550598 | M2: 3.551394 | N2: 1 | O2: 0 | P2: MissedPlatform_Standing
A3: 10 | B3: LandingSegment_2 | C3: TargetAnchor2 | D3: 0.5379231 | E3: 0.4221497 | F3: 0.3333931 | G3: 2.8253 | H3: -8.547373 | I3: 0 | J3: 0 | K3: 0.8287957 | L3: 0.5524292 | M3: 0.354225 | N3: 0 | O3: 0 | P3: CleanLanding
A4: 10 | B4: LandingSegment_3 | C4: TargetAnchor3 | D4: 0.358962 | E4: 0.2399368 | F4: 0.2669907 | G4: 2.704614 | H4: -11.74361 | I4: 0 | J4: 0 | K4: 0.0382986 | L4: 0.5569458 | M4: 0.3382409 | N4: 0 | O4: 0 | P4: CleanLanding
A5: 10 | B5: LandingSegment_4 | C5: TargetAnchor4 | D5: 2.98826 | E5: 0.7440109 | F5: 2.894157 | G5: 0 | H5: -19.16505 | I5: 0 | J5: 0 | K5: 1.781135 | L5: 1.279724 | M5: 1.929099 | N5: 1 | O5: 0 | P5: MissedPlatform_Standing
A6: 10 | B6: LandingSegment_5 | C6: TargetAnchor5 | D6: 0.6496615 | E6: -0.5024338 | F6: 0.41185 | G6: 2.582309 | H6: -11.91295 | I6: 0 | J6: 0 | K6: 0.6579833 | L6: 0.5631714 | M6: 0.3242442 | N6: 0 | O6: 0 | P6: CleanLanding
A7: 10 | B7: LandingSegment_6 | C7: TargetAnchor6 | D7: 1.156785 | E7: 0.7402115 | F7: 0.8889542 | G7: 2.068122 | H7: -11.44296 | I7: 0 | J7: 0 | K7: 0.2391892 | L7: 0.5515747 | M7: 0.3493536 | N7: 0 | O7: 0 | P7: CleanLanding
A8: 10 | B8: LandingSegment_7 | C8: TargetAnchor7 | D8: 0.124133 | E8: -0.0959487 | F8: 0.07875824 | G8: 2.821193 | H8: -12.42375 | I8: 0 | J8: 0 | K8: 0.01387841 | L8: 0.5457764 | M8: 0.375475 | N8: 0 | O8: 0 | P8: CleanLanding
A9: 10 | B9: LandingSegment_8 | C9: TargetAnchor8 | D9: 10.7048 | E9: 5.871096 | F9: 8.951145 | G9: 0 | H9: -15.30596 | I9: 0 | J9: 0 | K9: 0.1133391 | L9: 0.5414429 | M9: 0.261997 | N9: 1 | O9: 0 | P9: MissedPlatform_Standing

Sheet BenjaCarrasco
A1: AttemptID | B1: SegmentId | C1: TargetPlatform | D1: LandingOffset_m | E1: LandingOffset_Forward_m | F1: LandingOffset_Side_m | G1: SafetyMargin_m | H1: VerticalSpeed_mps | I1: ApproachAngle_deg | J1: MicroCorrections_0_5s | K1: PreLandingHorizontalJitter | L1: PostStabilizationTime_s | M1: PostLandingDrift_m | N1: LandingFailed | O1: PostLandingFall | P1: LandingType
A2: 6 | B2: LandingSegment_1 | C2: TargetAnchor2 | D2: 0.2946039 | E2: 0.06434631 | F2: 0.2874908 | G2: 3.136796 | H2: -15.7714 | I2: 0 | J2: 0 | K2: 1.074339 | L2: 1.394653 | M2: 1.882503 | N2: 0 | O2: 0 | P2: CleanLanding
A3: 6 | B3: LandingSegment_2 | C3: TargetAnchor3 | D3: 0.7886476 | E3: 0.4585876 | F3: 0.6416092 | G3: 2.278193 | H3: -11.80571 | I3: 0 | J3: 0 | K3: 0 | L3: 0 | M3: 4.437166 | N3: 1 | O3: 1 | P3: HitThenFall
A4: 7 | B4: LandingSegment_3 | C4: TargetAnchor1 | D4: 1.354673 | E4: 1.184433 | F4: -0.6574631 | G4: 1.815681 | H4: -15.59439 | I4: 0 | J4: 0 | K4: 0.6567065 | L4: 2.011047 | M4: 9.394755 | N4: 0 | O4: 0 | P4: CleanLanding
A5: 7 | B5: LandingSegment_4 | C5: TargetAnchor2 | D5: 3.339081 | E5: 2.495422 | F5: 2.218632 | G5: 0.03842354 | H5: -11.80842 | I5: 0 | J5: 0 | K5: 1.067055 | L5: 0 | M5: 7.356308 | N5: 1 | O5: 1 | P5: HitThenFall
A6: 7 | B6: LandingSegment_5 | C6: TargetAnchor4 | D6: 1.82177 | E6: 1.79554 | F6: -0.3080292 | G6: 1.079597 | H6: -18.771 | I6: 0 | J6: 0 | K6: 0.1106347 | L6: 0.5570984 | M6: 0.3162472 | N6: 0 | O6: 0 | P6: CleanLanding
A7: 7 | B7: LandingSegment_6 | C7: TargetAnchor5 | D7: 2.362225 | E7: 2.187279 | F7: 0.8921432 | G7: 0.637316 | H7: -15.93129 | I7: 0 | J7: 0 | K7: 0.4036593 | L7: 1.409973 | M7: 2.330368 | N7: 0 | O7: 0 | P7: CleanLanding
A8: 7 | B8: LandingSegment_7 | C8: TargetAnchor6 | D8: 1.023432 | E8: 0.9689865 | F8: 0.329361 | G8: 2.04082 | H8: -16.62065 | I8: 0 | J8: 0 | K8: 0 | L8: 0.8348389 | M8: 0.3493479 | N8: 0 | O8: 0 | P8: CleanLanding
A9: 7 | B9: LandingSegment_8 | C9: TargetAnchor7 | D9: 0.441723 | E9: -0.306356 | F9: -0.318222 | G9: 2.699667 | H9: -19.19077 | I9: 0 | J9: 0 | K9: 0 | L9: 0.5602417 | M9: 0.3654376 | N9: 0 | O9: 0 | P9: CleanLanding

Sheet CamilaCarrascoBaier
A1: AttemptID | B1: SegmentId | C1: TargetPlatform | D1: LandingOffset_m | E1: LandingOffset_Forward_m | F1: LandingOffset_Side_m | G1: SafetyMargin_m | H1: VerticalSpeed_mps | I1: ApproachAngle_deg | J1: MicroCorrections_0_5s | K1: PreLandingHorizontalJitter | L1: PostStabilizationTime_s | M1: PostLandingDrift_m | N1: LandingFailed | O1: PostLandingFall | P1: LandingType
A2: 8 | B2: LandingSegment_1 | C2: TargetAnchor1 | D2: 0.1624407 | E2: -0.05699158 | F2: 0.1521149 | G2: 2.701124 | H2: -6.388426 | I2: 0 | J2: 0 | K2: 0.07163043 | L2: 0.8403625 | M2: 2.376661 | N2: 0 | O2: 0 | P2: CleanLanding
A3: 8 | B3: LandingSegment_2 | C3: TargetAnchor2 | D3: 1.497537 | E3: -1.388748 | F3: -0.5603523 | G3: 2.154394 | H3: -14.91496 | I3: 0 | J3: 0 | K3: 0 | L3: 1.438293 | M3: 3.002033 | N3: 0 | O3: 0 | P3: CleanLanding
A4: 8 | B4: LandingSegment_3 | C4: TargetAnchor3 | D4: 4.401474 | E4: 1.142265 | F4: -4.250671 | G4: 0 | H4: -14.91496 | I4: 0 | J4: 4 | K4: 7.941524 | L4: 0 | M4: 0 | N4: 1 | O4: 1 | P4: RightSideFall
A5: 9 | B5: LandingSegment_4 | C5: TargetAnchor1 | D5: 1.105252 | E5: 0.7226715 | F5: -0.8362579 | G5: 2.028118 | H5: -7.332437 | I5: 0 | J5: 0 | K5: 0 | L5: 0 | M5: 4.226784 | N5: 1 | O5: 1 | P5: HitThenFall
A6: 10 | B6: LandingSegment_5 | C6: TargetAnchor1 | D6: 2.633461 | E6: -0.8295593 | F6: 2.49939 | G6: 0.2765827 | H6: -3.594212 | I6: 0 | J6: 0 | K6: 0.4659907 | L6: 0.8680115 | M6: 2.924315 | N6: 0 | O6: 0 | P6: EdgeLanding
A7: 10 | B7: LandingSegment_6 | C7: TargetAnchor2 | D7: 3.14795 | E7: 3.075363 | F7: -0.6721115 | G7: 0.1837296 | H7: -9.096694 | I7: 0 | J7: 0 | K7: 0.622094 | L7: 1.283447 | M7: 3.274054 | N7: 0 | O7: 0 | P7: EdgeLanding
A8: 10 | B8: LandingSegment_7 | C8: TargetAnchor3 | D8: 3.957669 | E8: -3.695091 | F8: -1.417549 | G8: 0 | H8: -9.096694 | I8: 0 | J8: 0 | K8: 1.832502 | L8: 0 | M8: 0 | N8: 1 | O8: 1 | P8: OverShoot
A9: 11 | B9: LandingSegment_8 | C9: TargetAnchor1 | D9: 1.620349 | E9: -0.5240631 | F9: 1.53326 | G9: 1.285511 | H9: -6.449286 | I9: 0 | J9: 0 | K9: 0.3683457 | L9: 0.526123 | M9: 0.2569143 | N9: 0 | O9: 0 | P9: CleanLanding
A10: 11 | B10: LandingSegment_9 | C10: TargetAnchor2 | D10: 2.663889 | E10: 1.361694 | F10: -2.289562 | G10: 0.7370164 | H10: -9.859602 | I10: 0 | J10: 0 | K10: 0 | L10: 0.91922 | M10: 2.851802 | N10: 0 | O10: 0 | P10: CleanLanding
A11: 11 | B11: LandingSegment_10 | C11: TargetAnchor3 | D11: 2.141429 | E11: 2.130463 | F11: 0.2164383 | G11: 1.02533 | H11: -8.229497 | I11: 0 | J11: 1 | K11: 5.002325 | L11: 0 | M11: 0.9539461 | N11: 1 | O11: 1 | P11: HitThenFall
A12: 11 | B12: LandingSegment_11 | C12: TargetAnchor4 | D12: 1.91288 | E12: 1.876961 | F12: 0.3689575 | G12: 0.9889064 | H12: -10.75238 | I12: 0 | J12: 0 | K12: 0.05457283 | L12: 1.001709 | M12: 1.763161 | N12: 0 | O12: 0 | P12: CleanLanding
A13: 11 | B13: LandingSegment_12 | C13: TargetAnchor5 | D13: 1.83584 | E13: 1.547119 | F13: -0.9882965 | G13: 0.9089017 | H13: -12.42986 | I13: 0 | J13: 0 | K13: 0.794519 | L13: 0.5167236 | M13: 0.184254 | N13: 0 | O13: 0 | P13: CleanLanding
... A31: 15 | B31: LandingSegment_30 | C31: TargetAnchor8 | D31: 8.880548 | E31: -0.1203232 | F31: 8.879732 | G31: 0 | H31: -15.22833 | I31: 0 | J31: 0 | K31: 3.171863 | L31: 0.6863403 | M31: 1.526341 | N31: 1 | O31: 0 | P31: MissedPlatform_Standing

Sheet CataAguilar
A1: AttemptID | B1: SegmentId | C1: TargetPlatform | D1: LandingOffset_m | E1: LandingOffset_Forward_m | F1: LandingOffset_Side_m | G1: SafetyMargin_m | H1: VerticalSpeed_mps | I1: ApproachAngle_deg | J1: MicroCorrections_0_5s | K1: PreLandingHorizontalJitter | L1: PostStabilizationTime_s | M1: PostLandingDrift_m | N1: LandingFailed | O1: PostLandingFall | P1: LandingType
A2: 22 | B2: LandingSegment_1 | C2: TargetAnchor1 | D2: 3.570884 | E2: 0.0561676 | F2: 3.570442 | G2: 0 | H2: 0 | I2: 0 | J2: 1 | K2: 3.72374 | L2: 0 | M2: 0 | N2: 1 | O2: 1 | P2: LeftSideFall
A3: 23 | B3: LandingSegment_2 | C3: TargetAnchor1 | D3: 1.40769 | E3: 0.1321411 | F3: 1.401474 | G3: 1.567728 | H3: -15.58489 | I3: 0 | J3: 0 | K3: 1.428614 | L3: 1.710571 | M3: 2.629101 | N3: 0 | O3: 0 | P3: CleanLanding
A4: 23 | B4: LandingSegment_3 | C4: TargetAnchor2 | D4: 0.5187328 | E4: 0.4661407 | F4: 0.2275887 | G4: 2.827678 | H4: -6.206594 | I4: 0 | J4: 0 | K4: 0.867442 | L4: 0.5369873 | M4: 0.2337659 | N4: 0 | O4: 0 | P4: CleanLanding
A5: 23 | B5: LandingSegment_4 | C5: TargetAnchor3 | D5: 4.378944 | E5: 0.6553421 | F5: 4.329628 | G5: 0 | H5: -6.206594 | I5: 0 | J5: 5 | K5: 7.049668 | L5: 0 | M5: 0 | N5: 1 | O5: 1 | P5: LeftSideFall
A6: 24 | B6: LandingSegment_5 | C6: TargetAnchor1 | D6: 24.16536 | E6: 0.644455 | F6: 24.15676 | G6: 0 | H6: -6.206594 | I6: 0 | J6: 0 | K6: 0 | L6: 0 | M6: 0 | N6: 1 | O6: 1 | P6: LeftSideFall
A7: 25 | B7: LandingSegment_6 | C7: TargetAnchor1 | D7: 2.336546 | E7: -0.483017 | F7: 2.286076 | G7: 0.5908959 | H7: -13.04186 | I7: 0 | J7: 0 | K7: 0.5872907 | L7: 0.5861816 | M7: 0.8113777 | N7: 0 | O7: 0 | P7: CleanLanding
A8: 25 | B8: LandingSegment_7 | C8: TargetAnchor2 | D8: 3.774056 | E8: 2.890625 | F8: 2.426476 | G8: 0 | H8: -10.36347 | I8: 0 | J8: 0 | K8: 2.133734 | L8: 0.6175537 | M8: 1.305178 | N8: 1 | O8: 0 | P8: MissedPlatform_Standing
A9: 25 | B9: LandingSegment_8 | C9: TargetAnchor3 | D9: 2.858547 | E9: 1.780716 | F9: 2.236145 | G9: 0.2278912 | H9: -17.9166 | I9: 0 | J9: 1 | K9: 3.171372 | L9: 0.52771 | M9: 0.2503868 | N9: 0 | O9: 0 | P9: EdgeLanding
A10: 25 | B10: LandingSegment_9 | C10: TargetAnchor4 | D10: 32.16018 | E10: 32.07494 | F10: -2.340034 | G10: 0 | H10: -17.9166 | I10: 0 | J10: 0 | K10: 0 | L10: 0 | M10: 0 | N10: 1 | O10: 1 | P10: UnderShoot
A11: 26 | B11: LandingSegment_10 | C11: TargetAnchor1 | D11: 3.603575 | E11: 0.488739 | F11: 3.570278 | G11: 0 | H11: -17.9166 | I11: 0 | J11: 1 | K11: 4.622032 | L11: 0 | M11: 0 | N11: 1 | O11: 1 | P11: LeftSideFall
A12: 27 | B12: LandingSegment_11 | C12: TargetAnchor1 | D12: 3.648107 | E12: -0.7502594 | F12: 3.570126 | G12: 0 | H12: -17.9166 | I12: 0 | J12: 1 | K12: 7.252613 | L12: 0 | M12: 0 | N12: 1 | O12: 1 | P12: LeftSideFall
A13: 28 | B13: LandingSegment_12 | C13: TargetAnchor1 | D13: 2.725951 | E13: 1.335693 | F13: -2.376286 | G13: 0.3845258 | H13: -17.2033 | I13: 0 | J13: 0 | K13: 1.36401 | L13: 0.5444336 | M13: 0.2911603 | N13: 0 | O13: 0 | P13: CleanLanding
... A52: 38 | B52: LandingSegment_51 | C52: TargetAnchor7 | D52: 0.7749056 | E52: 0.6601601 | F52: -0.4057922 | G52: 2.180634 | H52: -24.9268 | I52: 0 | J52: 0 | K52: 0 | L52: 0.5599365 | M52: 0.2808118 | N52: 0 | O52: 0 | P52: CleanLanding

Sheet DiegoContreras
A1: AttemptID | B1: SegmentId | C1: TargetPlatform | D1: LandingOffset_m | E1: LandingOffset_Forward_m | F1: LandingOffset_Side_m | G1: SafetyMargin_m | H1: VerticalSpeed_mps | I1: ApproachAngle_deg | J1: MicroCorrections_0_5s | K1: PreLandingHorizontalJitter | L1: PostStabilizationTime_s | M1: PostLandingDrift_m | N1: LandingFailed | O1: PostLandingFall | P1: LandingType
A2: 8 | B2: LandingSegment_1 | C2: TargetAnchor1 | D2: 2.199878 | E2: 0.8191986 | F2: -2.04166 | G2: 0.8892262 | H2: -13.88887 | I2: 0 | J2: 0 | K2: 0.4454181 | L2: 0.690094 | M2: 1.308229 | N2: 0 | O2: 0 | P2: CleanLanding
A3: 8 | B3: LandingSegment_2 | C3: TargetAnchor2 | D3: 5.359237 | E3: -3.302826 | F3: -4.220516 | G3: 0 | H3: -13.88887 | I3: 0 | J3: 1 | K3: 3.795017 | L3: 0 | M3: 0 | N3: 1 | O3: 1 | P3: RightSideFall
A4: 9 | B4: LandingSegment_3 | C4: TargetAnchor1 | D4: 2.253977 | E4: -0.9009705 | F4: -2.066074 | G4: 0.6947701 | H4: -14.96146 | I4: 0 | J4: 0 | K4: 0.7623155 | L4: 0.9029236 | M4: 2.083101 | N4: 0 | O4: 0 | P4: CleanLanding
A5: 9 | B5: LandingSegment_4 | C5: TargetAnchor2 | D5: 3.169799 | E5: -3.064621 | F5: -0.8097687 | G5: 0.4915345 | H5: -18.97033 | I5: 0 | J5: 0 | K5: 0.2715997 | L5: 1.536041 | M5: 5.13355 | N5: 0 | O5: 0 | P5: CleanLanding
A6: 9 | B6: LandingSegment_5 | C6: TargetAnchor3 | D6: 0.6169217 | E6: 0.6169205 | F6: 0.001251221 | G6: 2.552573 | H6: -18.16053 | I6: 0 | J6: 0 | K6: 0.0771826 | L6: 0.5473328 | M6: 0.3817355 | N6: 0 | O6: 0 | P6: CleanLanding
A7: 9 | B7: LandingSegment_6 | C7: TargetAnchor4 | D7: 2.033466 | E7: -1.764709 | F7: -1.010338 | G7: 1.052683 | H7: -22.14028 | I7: 0 | J7: 0 | K7: 0 | L7: 0.9119263 | M7: 1.897715 | N7: 0 | O7: 0 | P7: CleanLanding
A8: 9 | B8: LandingSegment_7 | C8: TargetAnchor5 | D8: 1.331641 | E8: -1.287621 | F8: -0.3395615 | G8: 1.651119 | H8: -21.77753 | I8: 0 | J8: 0 | K8: 0.2301102 | L8: 0.5236206 | M8: 0.2144457 | N8: 0 | O8: 0 | P8: CleanLanding
A9: 9 | B9: LandingSegment_8 | C9: TargetAnchor6 | D9: 1.692816 | E9: -1.563217 | F9: 0.6495972 | G9: 1.390545 | H9: -25.02631 | I9: 0 | J9: 0 | K9: 0.4413954 | L9: 1.380188 | M9: 2.891623 | N9: 0 | O9: 0 | P9: CleanLanding
A10: 9 | B10: LandingSegment_9 | C10: TargetAnchor7 | D10: 1.791581 | E10: -1.686978 | F10: -0.6032143 | G10: 1.335157 | H10: -7.688847 | I10: 0 | J10: 0 | K10: 0.02319567 | L10: 1.05365 | M10: 2.285493 | N10: 0 | O10: 0 | P10: CleanLanding

Sheet FranPerez
A1: AttemptID | B1: SegmentId | C1: TargetPlatform | D1: LandingOffset_m | E1: LandingOffset_Forward_m | F1: LandingOffset_Side_m | G1: SafetyMargin_m | H1: VerticalSpeed_mps | I1: ApproachAngle_deg | J1: MicroCorrections_0_5s | K1: PreLandingHorizontalJitter | L1: PostStabilizationTime_s | M1: PostLandingDrift_m | N1: LandingFailed | O1: PostLandingFall | P1: LandingType
A2: 10 | B2: LandingSegment_1 | C2: TargetAnchor1 | D2: 1.854807 | E2: -1.811783 | F2: -0.3971825 | G2: 0.9746621 | H2: -11.0241 | I2: 0 | J2: 0 | K2: 0.5451718 | L2: 1.12088 | M2: 2.102713 | N2: 0 | O2: 0 | P2: CleanLanding
A3: 10 | B3: LandingSegment_2 | C3: TargetAnchor2 | D3: 2.265903 | E3: 0.9606781 | F3: -2.052174 | G3: 1.148193 | H3: -15.21336 | I3: 0 | J3: 0 | K3: 0 | L3: 0.5012817 | M3: 0.1713594 | N3: 0 | O3: 0 | P3: CleanLanding
A4: 10 | B4: LandingSegment_3 | C4: TargetAnchor3 | D4: 1.981501 | E4: 1.836823 | F4: 0.7432556 | G4: 1.166736 | H4: 3.999634 | I4: 0 | J4: 1 | K4: 3.22331 | L4: 1.176178 | M4: 1.929852 | N4: 0 | O4: 0 | P4: CleanLanding
A5: 10 | B5: LandingSegment_4 | C5: TargetAnchor4 | D5: 2.30635 | E5: 2.301643 | F5: -0.1472626 | G5: 0.5938475 | H5: -6.55875 | I5: 0 | J5: 0 | K5: 0.1600296 | L5: 0.5167847 | M5: 0.1436845 | N5: 0 | O5: 0 | P5: CleanLanding
A6: 10 | B6: LandingSegment_5 | C6: TargetAnchor5 | D6: 1.248502 | E6: -1.168243 | F6: 0.4404144 | G6: 1.922566 | H6: -9.586665 | I6: 0 | J6: 0 | K6: 0 | L6: 0.5071411 | M6: 0.1340654 | N6: 0 | O6: 0 | P6: CleanLanding
A7: 10 | B7: LandingSegment_6 | C7: TargetAnchor6 | D7: 1.314162 | E7: 1.299736 | F7: 0.1941833 | G7: 1.705077 | H7: -12.37454 | I7: 0 | J7: 0 | K7: 0 | L7: 0.5328369 | M7: 0.2702033 | N7: 0 | O7: 0 | P7: CleanLanding
A8: 10 | B8: LandingSegment_7 | C8: TargetAnchor7 | D8: 1.748855 | E8: 1.102331 | F8: -1.357704 | G8: 1.260049 | H8: -10.6836 | I8: 0 | J8: 0 | K8: 1.189432 | L8: 0.5286255 | M8: 0.2289537 | N8: 0 | O8: 0 | P8: CleanLanding

Sheet JoaquinAguilar
A1: AttemptID | B1: SegmentId | C1: TargetPlatform | D1: LandingOffset_m | E1: LandingOffset_Forward_m | F1: LandingOffset_Side_m | G1: SafetyMargin_m | H1: VerticalSpeed_mps | I1: ApproachAngle_deg | J1: MicroCorrections_0_5s | K1: PreLandingHorizontalJitter | L1: PostStabilizationTime_s | M1: PostLandingDrift_m | N1: LandingFailed | O1: PostLandingFall | P1: LandingType
A2: 12 | B2: LandingSegment_1 | C2: TargetAnchor1 | D2: 1.927961 | E2: -0.3000336 | F2: -1.904472 | G2: 1.065038 | H2: -11.8367 | I2: 0 | J2: 0 | K2: 0.1923708 | L2: 1.800659 | M2: 3.043302 | N2: 0 | O2: 0 | P2: CleanLanding
A3: 12 | B3: LandingSegment_2 | C3: TargetAnchor3 | D3: 0.9912952 | E3: 0.06352234 | F3: 0.9892578 | G3: 1.985144 | H3: -15.9209 | I3: 0 | J3: 0 | K3: 0.9435874 | L3: 0.4984741 | M3: 0.1526372 | N3: 0 | O3: 0 | P3: CleanLanding
A4: 12 | B4: LandingSegment_3 | C4: TargetAnchor4 | D4: 3.429631 | E4: 2.871735 | F4: 1.874969 | G4: 0 | H4: 7.872079 | I4: 0 | J4: 0 | K4: 2.084822 | L4: 1.414246 | M4: 2.866442 | N4: 1 | O4: 0 | P4: MissedPlatform_Standing
A5: 12 | B5: LandingSegment_4 | C5: TargetAnchor5 | D5: 0.9777295 | E5: -0.06839752 | F5: 0.9753342 | G5: 2.323922 | H5: -17.91661 | I5: 0 | J5: 0 | K5: 0.2804265 | L5: 1.157837 | M5: 1.829115 | N5: 0 | O5: 0 | P5: CleanLanding
A6: 12 | B6: LandingSegment_5 | C6: TargetAnchor6 | D6: 1.081933 | E6: -1.054649 | F6: 0.2414398 | G6: 1.933143 | H6: -23.89848 | I6: 0 | J6: 0 | K6: 1.64311 | L6: 1.109558 | M6: 1.904303 | N6: 0 | O6: 0 | P6: CleanLanding
A7: 12 | B7: LandingSegment_6 | C7: TargetAnchor7 | D7: 2.52282 | E7: -2.098456 | F7: 1.400394 | G7: 0.5010016 | H7: -30.6964 | I7: 0 | J7: 0 | K7: 1.886546 | L7: 0.8169556 | M7: 1.807969 | N7: 0 | O7: 0 | P7: CleanLanding
A8: 13 | B8: LandingSegment_7 | C8: TargetAnchor1 | D8: 2.122965 | E8: -0.9155579 | F8: -1.915394 | G8: 0.8194163 | H8: -20.25181 | I8: 0 | J8: 0 | K8: 0 | L8: 0 | M8: 2.952059 | N8: 1 | O8: 1 | P8: HitThenFall
A9: 13 | B9: LandingSegment_8 | C9: TargetAnchor3 | D9: 2.493952 | E9: -1.780792 | F9: -1.746017 | G9: 0.3952484 | H9: 1.296347 | I9: 0 | J9: 1 | K9: 41.78259 | L9: 0 | M9: 1.327805 | N9: 1 | O9: 1 | P9: HitThenFall
A10: 14 | B10: LandingSegment_9 | C10: TargetAnchor1 | D10: 5.674276 | E10: -3.715347 | F10: -4.288776 | G10: 0 | H10: 1.296347 | I10: 0 | J10: 0 | K10: 4.278363 | L10: 0 | M10: 0 | N10: 1 | O10: 1 | P10: RightSideFall
A11: 15 | B11: LandingSegment_10 | C11: TargetAnchor1 | D11: 1.156573 | E11: 1.147888 | F11: -0.141468 | G11: 2.025707 | H11: -16.37384 | I11: 0 | J11: 0 | K11: 0.6700678 | L11: 0.5232544 | M11: 0.2386712 | N11: 0 | O11: 0 | P11: CleanLanding
A12: 15 | B12: LandingSegment_11 | C12: TargetAnchor3 | D12: 1.710395 | E12: 1.1791 | F12: 1.239021 | G12: 1.386491 | H12: -13.72449 | I12: 0 | J12: 0 | K12: 0.1849136 | L12: 0.5367432 | M12: 0.2530528 | N12: 0 | O12: 0 | P12: CleanLanding
A13: 15 | B13: LandingSegment_12 | C13: TargetAnchor4 | D13: 2.130776 | E13: 1.675728 | F13: 1.316109 | G13: 0.7897182 | H13: -13.2449 | I13: 0 | J13: 0 | K13: 1.016905 | L13: 0.5094604 | M13: 0.1922763 | N13: 0 | O13: 0 | P13: CleanLanding
... A16: 15 | B16: LandingSegment_15 | C16: TargetAnchor7 | D16: 3.135157 | E16: 2.797954 | F16: -1.414448 | G16: 0 | H16: -10.00653 | I16: 0 | J16: 0 | K16: 1.272061 | L16: 0.7595825 | M16: 2.877236 | N16: 1 | O16: 0 | P16: MissedPlatform_Standing

Sheet LourdesArtigas
A1: AttemptID | B1: SegmentId | C1: TargetPlatform | D1: LandingOffset_m | E1: LandingOffset_Forward_m | F1: LandingOffset_Side_m | G1: SafetyMargin_m | H1: VerticalSpeed_mps | I1: ApproachAngle_deg | J1: MicroCorrections_0_5s | K1: PreLandingHorizontalJitter | L1: PostStabilizationTime_s | M1: PostLandingDrift_m | N1: LandingFailed | O1: PostLandingFall | P1: LandingType
A2: 7 | B2: LandingSegment_1 | C2: TargetAnchor1 | D2: 3.590558 | E2: 0.3737488 | F2: 3.571053 | G2: 0 | H2: 0 | I2: 0 | J2: 1 | K2: 2.503623 | L2: 0 | M2: 0 | N2: 1 | O2: 1 | P2: LeftSideFall
A3: 8 | B3: LandingSegment_2 | C3: TargetAnchor1 | D3: 0.9709214 | E3: -0.1538391 | F3: 0.9586563 | G3: 1.956505 | H3: -10.22035 | I3: 0 | J3: 0 | K3: 0.3379216 | L3: 0.5546265 | M3: 0.3969342 | N3: 0 | O3: 0 | P3: CleanLanding
A4: 8 | B4: LandingSegment_3 | C4: TargetAnchor2 | D4: 4.485468 | E4: 3.936417 | F4: 2.15036 | G4: 0 | H4: -11.76221 | I4: 0 | J4: 1 | K4: 1.887281 | L4: 1.858246 | M4: 6.845251 | N4: 1 | O4: 0 | P4: MissedPlatform_Standing
A5: 8 | B5: LandingSegment_4 | C5: TargetAnchor3 | D5: 0.4395303 | E5: -0.3293076 | F5: -0.2911072 | G5: 2.431839 | H5: -14.46246 | I5: 0 | J5: 0 | K5: 1.367246 | L5: 0.5269775 | M5: 0.2084112 | N5: 0 | O5: 0 | P5: CleanLanding
A6: 8 | B6: LandingSegment_5 | C6: TargetAnchor4 | D6: 3.497759 | E6: 3.119987 | F6: -1.581139 | G6: 0 | H6: -12.9497 | I6: 0 | J6: 0 | K6: 0.1033986 | L6: 0 | M6: 7.814488 | N6: 1 | O6: 1 | P6: UnderShoot
A7: 9 | B7: LandingSegment_6 | C7: TargetAnchor1 | D7: 3.081071 | E7: 2.34845 | F7: 1.994438 | G7: 0.03342772 | H7: -7.926097 | I7: 0 | J7: 0 | K7: 0.6387968 | L7: 0.6755066 | M7: 1.35745 | N7: 0 | O7: 0 | P7: EdgeLanding
A8: 9 | B8: LandingSegment_7 | C8: TargetAnchor2 | D8: 1.567548 | E8: 1.563049 | F8: -0.1186752 | G8: 1.762182 | H8: -8.402652 | I8: 0 | J8: 0 | K8: 0.3764103 | L8: 0.5601196 | M8: 0.3957805 | N8: 0 | O8: 0 | P8: CleanLanding
A9: 9 | B9: LandingSegment_8 | C9: TargetAnchor3 | D9: 3.108859 | E9: 2.265015 | F9: -2.129486 | G9: 0.02694774 | H9: -8.402652 | I9: 0 | J9: 1 | K9: 1.510297 | L9: 0 | M9: 0 | N9: 1 | O9: 1 | P9: HitThenFall
A10: 10 | B10: LandingSegment_9 | C10: TargetAnchor1 | D10: 3.173805 | E10: 3.023438 | F10: 0.965332 | G10: 0 | H10: -10.69789 | I10: 0 | J10: 0 | K10: 0.8660582 | L10: 0.7189636 | M10: 2.025125 | N10: 1 | O10: 0 | P10: MissedPlatform_Standing
A11: 10 | B11: LandingSegment_10 | C11: TargetAnchor2 | D11: 3.390289 | E11: 3.280594 | F11: 0.8554306 | G11: 0 | H11: -12.80902 | I11: 0 | J11: 0 | K11: 0.5003843 | L11: 2.00531 | M11: 14.92558 | N11: 1 | O11: 0 | P11: MissedPlatform_Standing
A12: 10 | B12: LandingSegment_11 | C12: TargetAnchor3 | D12: 4.340958 | E12: -2.895866 | F12: 3.233864 | G12: 0 | H12: -12.80902 | I12: 0 | J12: 1 | K12: 1.838957 | L12: 0 | M12: 0 | N12: 1 | O12: 1 | P12: LeftSideFall
A13: 11 | B13: LandingSegment_12 | C13: TargetAnchor1 | D13: 8.344033 | E13: 8.343765 | F13: 0.06692886 | G13: 0 | H13: -12.80902 | I13: 0 | J13: 0 | K13: 1.023885 | L13: 0 | M13: 0 | N13: 1 | O13: 1 | P13: UnderShoot
... A36: 18 | B36: LandingSegment_35 | C36: TargetAnchor8 | D36: 3.762666 | E36: -3.590062 | F36: 1.126549 | G36: 0 | H36: -22.59133 | I36: 0 | J36: 0 | K36: 0.6979863 | L36: 0.5317993 | M36: 0.2243144 | N36: 1 | O36: 0 | P36: MissedPlatform_Standing

Sheet Pantrucas
A1: AttemptID | B1: SegmentId | C1: TargetPlatform | D1: LandingOffset_m | E1: LandingOffset_Forward_m | F1: LandingOffset_Side_m | G1: SafetyMargin_m | H1: VerticalSpeed_mps | I1: ApproachAngle_deg | J1: MicroCorrections_0_5s | K1: PreLandingHorizontalJitter | L1: PostStabilizationTime_s | M1: PostLandingDrift_m | N1: LandingFailed | O1: PostLandingFall | P1: LandingType
A2: 10 | B2: LandingSegment_1 | C2: TargetAnchor1 | D2: 2.123261 | E2: -0.7246552 | F2: 1.995773 | G2: 0.7814102 | H2: -1.992302 | I2: 0 | J2: 0 | K2: 0 | L2: 0 | M2: 4.908102 | N2: 1 | O2: 1 | P2: HitThenFall
A3: 10 | B3: LandingSegment_2 | C3: TargetAnchor2 | D3: 4.118178 | E3: 4.07489 | F3: 0.5955353 | G3: 0 | H3: -1.992302 | I3: 0 | J3: 3 | K3: 13.27033 | L3: 0 | M3: 0 | N3: 1 | O3: 1 | P3: UnderShoot
A4: 11 | B4: LandingSegment_3 | C4: TargetAnchor1 | D4: 1.430142 | E4: -0.7625885 | F4: -1.209862 | G4: 1.489856 | H4: -7.440224 | I4: 0 | J4: 0 | K4: 0.5841075 | L4: 1.268311 | M4: 1.985567 | N4: 0 | O4: 0 | P4: CleanLanding
A5: 11 | B5: LandingSegment_4 | C5: TargetAnchor2 | D5: 1.021362 | E5: -0.8463135 | F5: -0.5717812 | G5: 2.607882 | H5: -9.307737 | I5: 0 | J5: 0 | K5: 0.1008351 | L5: 1.61676 | M5: 1.893581 | N5: 0 | O5: 0 | P5: CleanLanding
A6: 11 | B6: LandingSegment_5 | C6: TargetAnchor3 | D6: 3.476846 | E6: 1.634277 | F6: 3.06881 | G6: 0 | H6: -7.899422 | I6: 0 | J6: 2 | K6: 8.004352 | L6: 1.587311 | M6: 6.156444 | N6: 1 | O6: 0 | P6: MissedPlatform_Standing
A7: 11 | B7: LandingSegment_6 | C7: TargetAnchor4 | D7: 2.383708 | E7: 2.170746 | F7: 0.984848 | G7: 0.5248828 | H7: -10.9776 | I7: 0 | J7: 0 | K7: 0 | L7: 0.8375549 | M7: 2.342343 | N7: 0 | O7: 0 | P7: CleanLanding
A8: 11 | B8: LandingSegment_7 | C8: TargetAnchor5 | D8: 0.5582713 | E8: 0.4507751 | F8: -0.3293457 | G8: 2.163686 | H8: -9.242882 | I8: 0 | J8: 0 | K8: 1.038335 | L8: 1.12384 | M8: 2.413105 | N8: 0 | O8: 0 | P8: CleanLanding
A9: 11 | B9: LandingSegment_8 | C9: TargetAnchor6 | D9: 1.084138 | E9: 0.9604454 | F9: -0.5028915 | G9: 1.749348 | H9: -12.86669 | I9: 0 | J9: 0 | K9: 0.07374202 | L9: 0.9733582 | M9: 0.9178609 | N9: 0 | O9: 0 | P9: CleanLanding
A10: 11 | B10: LandingSegment_9 | C10: TargetAnchor7 | D10: 0.6615515 | E10: 0.5122972 | F10: 0.4185715 | G10: 2.197607 | H10: -11.25195 | I10: 0 | J10: 0 | K10: 0.3616655 | L10: 2.003082 | M10: 1.589144 | N10: 0 | O10: 0 | P10: CleanLanding

Sheet Sepumae
A1: AttemptID | B1: SegmentId | C1: TargetPlatform | D1: LandingOffset_m | E1: LandingOffset_Forward_m | F1: LandingOffset_Side_m | G1: SafetyMargin_m | H1: VerticalSpeed_mps | I1: ApproachAngle_deg | J1: MicroCorrections_0_5s | K1: PreLandingHorizontalJitter | L1: PostStabilizationTime_s | M1: PostLandingDrift_m | N1: LandingFailed | O1: PostLandingFall | P1: LandingType
A2: 3 | B2: LandingSegment_1 | C2: TargetAnchor1 | D2: 0.3257833 | E2: 0.1963959 | F2: -0.2599297 | G2: 2.769485 | H2: -14.13826 | I2: 0 | J2: 0 | K2: 0.8077862 | L2: 2.007492 | M2: 10.54649 | N2: 0 | O2: 0 | P2: CleanLanding
A3: 3 | B3: LandingSegment_2 | C3: TargetAnchor2 | D3: 1.745729 | E3: 1.565491 | F3: 0.7725334 | G3: 1.60438 | H3: -10.63303 | I3: 0 | J3: 0 | K3: 0.1153499 | L3: 2.002899 | M3: 5.798933 | N3: 0 | O3: 0 | P3: CleanLanding
A4: 3 | B4: LandingSegment_3 | C4: TargetAnchor3 | D4: 1.828907 | E4: 1.099525 | F4: 1.461487 | G4: 1.251053 | H4: -10.48095 | I4: 0 | J4: 0 | K4: 0.2105177 | L4: 1.039291 | M4: 1.62692 | N4: 0 | O4: 0 | P4: CleanLanding
A5: 3 | B5: LandingSegment_4 | C5: TargetAnchor4 | D5: 2.989595 | E5: 2.485382 | F5: 1.661491 | G5: 0 | H5: -15.80725 | I5: 0 | J5: 0 | K5: 1.308906 | L5: 2.007263 | M5: 8.380309 | N5: 1 | O5: 0 | P5: MissedPlatform_Standing
A6: 3 | B6: LandingSegment_5 | C6: TargetAnchor5 | D6: 1.315908 | E6: -0.9261475 | F6: 0.9348068 | G6: 1.958123 | H6: -10.0381 | I6: 0 | J6: 0 | K6: 0.4803816 | L6: 1.781158 | M6: 2.474269 | N6: 0 | O6: 0 | P6: CleanLanding
A7: 3 | B7: LandingSegment_6 | C7: TargetAnchor6 | D7: 1.734895 | E7: -1.262379 | F7: 1.190067 | G7: 1.452914 | H7: -10.75083 | I7: 0 | J7: 0 | K7: 0.6514143 | L7: 1.816086 | M7: 2.116448 | N7: 0 | O7: 0 | P7: CleanLanding
A8: 3 | B8: LandingSegment_7 | C8: TargetAnchor7 | D8: 2.666342 | E8: 2.360449 | F8: -1.240025 | G8: 0.2882681 | H8: -10.05613 | I8: 0 | J8: 0 | K8: 0.5970846 | L8: 1.06459 | M8: 3.278679 | N8: 0 | O8: 0 | P8: EdgeLanding

Sheet VicenteFigueroa
A1: AttemptID | B1: SegmentId | C1: TargetPlatform | D1: LandingOffset_m | E1: LandingOffset_Forward_m | F1: LandingOffset_Side_m | G1: SafetyMargin_m | H1: VerticalSpeed_mps | I1: ApproachAngle_deg | J1: MicroCorrections_0_5s | K1: PreLandingHorizontalJitter | L1: PostStabilizationTime_s | M1: PostLandingDrift_m | N1: LandingFailed | O1: PostLandingFall | P1: LandingType
A2: 5 | B2: LandingSegment_1 | C2: TargetAnchor1 | D2: 0.6423489 | E2: 0.1500702 | F2: 0.6245728 | G2: 2.344745 | H2: -9.716313 | I2: 0 | J2: 0 | K2: 0.06985583 | L2: 1.195923 | M2: 0.8248261 | N2: 0 | O2: 0 | P2: CleanLanding
A3: 5 | B3: LandingSegment_2 | C3: TargetAnchor2 | D3: 0.7462006 | E3: -0.5684357 | F3: 0.4834213 | G3: 2.881228 | H3: -12.87255 | I3: 0 | J3: 0 | K3: 0.2015058 | L3: 0 | M3: 4.647233 | N3: 1 | O3: 1 | P3: HitThenFall
A4: 5 | B4: LandingSegment_3 | C4: TargetAnchor4 | D4: 2.529001 | E4: 2.329292 | F4: 0.9850082 | G4: 0.3786082 | H4: -16.77899 | I4: 0 | J4: 0 | K4: 1.351394 | L4: 1.116882 | M4: 1.875458 | N4: 0 | O4: 0 | P4: CleanLanding
A5: 5 | B5: LandingSegment_4 | C5: TargetAnchor5 | D5: 0.977762 | E5: 0.9728622 | F5: -0.09776306 | G5: 1.855779 | H5: -13.2521 | I5: 0 | J5: 0 | K5: 0.3739972 | L5: 0.5494995 | M5: 0.3354073 | N5: 0 | O5: 0 | P5: CleanLanding
A6: 5 | B6: LandingSegment_5 | C6: TargetAnchor6 | D6: 3.141551 | E6: 3.018772 | F6: 0.8696899 | G6: 0 | H6: -13.66285 | I6: 0 | J6: 0 | K6: 0.8918237 | L6: 1.342255 | M6: 4.92554 | N6: 1 | O6: 0 | P6: MissedPlatform_Standing
A7: 5 | B7: LandingSegment_6 | C7: TargetAnchor7 | D7: 1.355244 | E7: 1.157909 | F7: -0.7042236 | G7: 1.604495 | H7: -12.40353 | I7: 0 | J7: 0 | K7: 0.9543461 | L7: 1.484894 | M7: 2.46658 | N7: 0 | O7: 0 | P7: CleanLanding

Sheet VicenteHernandez
A1: AttemptID | B1: SegmentId | C1: TargetPlatform | D1: LandingOffset_m | E1: LandingOffset_Forward_m | F1: LandingOffset_Side_m | G1: SafetyMargin_m | H1: VerticalSpeed_mps | I1: ApproachAngle_deg | J1: MicroCorrections_0_5s | K1: PreLandingHorizontalJitter | L1: PostStabilizationTime_s | M1: PostLandingDrift_m | N1: LandingFailed | O1: PostLandingFall | P1: LandingType
A2: 8 | B2: LandingSegment_1 | C2: TargetAnchor1 | D2: 2.481259 | E2: 2.059067 | F2: 1.384518 | G2: 0.6480272 | H2: -7.000103 | I2: 0 | J2: 0 | K2: 0.2475767 | L2: 0.7844238 | M2: 2.863698 | N2: 0 | O2: 0 | P2: CleanLanding
A3: 8 | B3: LandingSegment_2 | C3: TargetAnchor2 | D3: 1.741851 | E3: 0.09535217 | F3: -1.739239 | G3: 1.730747 | H3: -19.27082 | I3: 0 | J3: 0 | K3: 0 | L3: 1.275757 | M3: 3.430709 | N3: 0 | O3: 0 | P3: CleanLanding
A4: 8 | B4: LandingSegment_3 | C4: TargetAnchor3 | D4: 3.135206 | E4: 2.979073 | F4: -0.9770584 | G4: 0.03236341 | H4: -19.27082 | I4: 0 | J4: 0 | K4: 0.8914518 | L4: 0 | M4: 0 | N4: 1 | O4: 1 | P4: HitThenFall
A5: 9 | B5: LandingSegment_4 | C5: TargetAnchor1 | D5: 3.398357 | E5: 0.312149 | F5: 3.383991 | G5: 0 | H5: -14.31422 | I5: 0 | J5: 2 | K5: 6.485779 | L5: 1.402405 | M5: 4.458163 | N5: 1 | O5: 0 | P5: MissedPlatform_Standing
A6: 9 | B6: LandingSegment_5 | C6: TargetAnchor2 | D6: 7.379743 | E6: 0.3631134 | F6: -7.370804 | G6: 0 | H6: -14.31422 | I6: 0 | J6: 0 | K6: 1.445516 | L6: 0 | M6: 0 | N6: 1 | O6: 1 | P6: RightSideFall
A7: 10 | B7: LandingSegment_6 | C7: TargetAnchor1 | D7: 2.241565 | E7: -1.622421 | F7: 1.546726 | G7: 0.6052647 | H7: -19.43751 | I7: 0 | J7: 0 | K7: 1.251387 | L7: 0.5507202 | M7: 0.3494887 | N7: 0 | O7: 0 | P7: CleanLanding
A8: 10 | B8: LandingSegment_7 | C8: TargetAnchor2 | D8: 1.754619 | E8: -0.4171906 | F8: -1.7043 | G8: 1.767968 | H8: -11.66466 | I8: 0 | J8: 0 | K8: 2.613203 | L8: 0.6707153 | M8: 1.592018 | N8: 0 | O8: 0 | P8: CleanLanding
A9: 10 | B9: LandingSegment_8 | C9: TargetAnchor3 | D9: 2.858257 | E9: 1.713295 | F9: 2.287849 | G9: 0.2236862 | H9: -11.35969 | I9: 0 | J9: 0 | K9: 0.6746497 | L9: 0.4760742 | M9: 0.09634859 | N9: 0 | O9: 0 | P9: EdgeLanding
A10: 10 | B10: LandingSegment_9 | C10: TargetAnchor4 | D10: 36.42135 | E10: 34.45002 | F10: 11.81993 | G10: 0 | H10: -11.35969 | I10: 0 | J10: 0 | K10: 0.4834205 | L10: 0 | M10: 0 | N10: 1 | O10: 1 | P10: UnderShoot
A11: 11 | B11: LandingSegment_10 | C11: TargetAnchor1 | D11: 2.502018 | E11: -1.555176 | F11: 1.95998 | G11: 0.3597679 | H11: -18.24537 | I11: 0 | J11: 0 | K11: 1.232852 | L11: 0.5250854 | M11: 0.2098229 | N11: 0 | O11: 0 | P11: CleanLanding
A12: 11 | B12: LandingSegment_11 | C12: TargetAnchor2 | D12: 2.020678 | E12: -1.986679 | F12: 0.3691139 | G12: 1.648166 | H12: -11.13803 | I12: 0 | J12: 0 | K12: 2.088032 | L12: 1.805115 | M12: 4.873648 | N12: 0 | O12: 0 | P12: CleanLanding
A13: 11 | B13: LandingSegment_12 | C13: TargetAnchor3 | D13: 2.036162 | E13: 2.015106 | F13: -0.2920685 | G13: 1.134941 | H13: -1.716625 | I13: 0 | J13: 2 | K13: 3.260467 | L13: 0.4825439 | M13: 0.1124399 | N13: 0 | O13: 0 | P13: CleanLanding
... A21: 12 | B21: LandingSegment_20 | C21: TargetAnchor7 | D21: 2.002159 | E21: 1.964919 | F21: 0.3843651 | G21: 0.8790271 | H21: -22.14189 | I21: 0 | J21: 0 | K21: 0 | L21: 0.5106812 | M21: 0.1683097 | N21: 0 | O21: 0 | P21: CleanLanding

Sheet VicenteLineros
A1: AttemptID | B1: SegmentId | C1: TargetPlatform | D1: LandingOffset_m | E1: LandingOffset_Forward_m | F1: LandingOffset_Side_m | G1: SafetyMargin_m | H1: VerticalSpeed_mps | I1: ApproachAngle_deg | J1: MicroCorrections_0_5s | K1: PreLandingHorizontalJitter | L1: PostStabilizationTime_s | M1: PostLandingDrift_m | N1: LandingFailed | O1: PostLandingFall | P1: LandingType
A2: 7 | B2: LandingSegment_1 | C2: TargetAnchor1 | D2: 0.5283967 | E2: 0.2254181 | F2: -0.4779015 | G2: 2.5498 | H2: -12.5315 | I2: 0 | J2: 0 | K2: 0.0009024663 | L2: 0.7420654 | M2: 1.782736 | N2: 0 | O2: 0 | P2: CleanLanding
A3: 7 | B3: LandingSegment_2 | C3: TargetAnchor2 | D3: 0.9509767 | E3: 0.1100159 | F3: -0.9445915 | G3: 2.505185 | H3: -18.43843 | I3: 0 | J3: 0 | K3: 0.2858978 | L3: 0.4975891 | M3: 0.1097484 | N3: 0 | O3: 0 | P3: CleanLanding
A4: 7 | B4: LandingSegment_3 | C4: TargetAnchor3 | D4: 0.9883346 | E4: 0.03494263 | F4: 0.9877167 | G4: 1.983277 | H4: -17.35195 | I4: 0 | J4: 0 | K4: 2.213221 | L4: 0.7669067 | M4: 1.441669 | N4: 0 | O4: 0 | P4: CleanLanding
A5: 7 | B5: LandingSegment_4 | C5: TargetAnchor4 | D5: 2.17146 | E5: 2.164513 | F5: 0.1735611 | G5: 0.7288475 | H5: -19.50116 | I5: 0 | J5: 0 | K5: 0.005075526 | L5: 0.5604858 | M5: 0.3760645 | N5: 0 | O5: 0 | P5: CleanLanding
A6: 7 | B6: LandingSegment_5 | C6: TargetAnchor5 | D6: 2.394908 | E6: -1.805637 | F6: -1.573296 | G6: 0.4665394 | H6: -13.64977 | I6: 0 | J6: 0 | K6: 0.7959938 | L6: 2.0177 | M6: 7.355937 | N6: 0 | O6: 0 | P6: CleanLanding
A7: 7 | B7: LandingSegment_6 | C7: TargetAnchor6 | D7: 1.081021 | E7: -0.3794289 | F7: 1.012245 | G7: 2.197001 | H7: -14.78606 | I7: 0 | J7: 0 | K7: 2.611992 | L7: 1.279083 | M7: 0.7835143 | N7: 0 | O7: 0 | P7: CleanLanding
A8: 7 | B8: LandingSegment_7 | C8: TargetAnchor7 | D8: 1.6928 | E8: -1.152727 | F8: 1.239674 | G8: 1.296195 | H8: -23.25123 | I8: 0 | J8: 0 | K8: 0.3031732 | L8: 0.543335 | M8: 0.2536313 | N8: 0 | O8: 0 | P8: CleanLanding
A9: 7 | B9: LandingSegment_8 | C9: TargetAnchor8 | D9: 9.28167 | E9: 4.83572 | F9: 7.922449 | G9: 0 | H9: -18.1498 | I9: 0 | J9: 0 | K9: 0 | L9: 0.5231018 | M9: 0.2685269 | N9: 1 | O9: 0 | P9: MissedPlatform_Standing

Sheet yoelchupa
A1: AttemptID | B1: SegmentId | C1: TargetPlatform | D1: LandingOffset_m | E1: LandingOffset_Forward_m | F1: LandingOffset_Side_m | G1: SafetyMargin_m | H1: VerticalSpeed_mps | I1: ApproachAngle_deg | J1: MicroCorrections_0_5s | K1: PreLandingHorizontalJitter | L1: PostStabilizationTime_s | M1: PostLandingDrift_m | N1: LandingFailed | O1: PostLandingFall | P1: LandingType
A2: 3 | B2: LandingSegment_1 | C2: TargetAnchor1 | D2: 0.8781791 | E2: -0.01603699 | F2: 0.8780327 | G2: 2.07105 | H2: -8.641031 | I2: 0 | J2: 0 | K2: 0.07352893 | L2: 0.5519867 | M2: 0.3696339 | N2: 0 | O2: 0 | P2: CleanLanding
A3: 3 | B3: LandingSegment_2 | C3: TargetAnchor2 | D3: 0.9461785 | E3: 0.165741 | F3: -0.9315491 | G3: 2.50038 | H3: -8.888952 | I3: 0 | J3: 0 | K3: 0.2106179 | L3: 0.5354614 | M3: 0.2928937 | N3: 0 | O3: 0 | P3: CleanLanding
A4: 3 | B4: LandingSegment_3 | C4: TargetAnchor3 | D4: 1.058395 | E4: 1.05072 | F4: -0.1272278 | G4: 2.112774 | H4: -7.780639 | I4: 0 | J4: 0 | K4: 1.082025 | L4: 0.5459595 | M4: 0.3477628 | N4: 0 | O4: 0 | P4: CleanLanding
A5: 3 | B5: LandingSegment_4 | C5: TargetAnchor4 | D5: 0.7970284 | E5: -0.7857361 | F5: -0.1336899 | G5: 2.301352 | H5: -8.979011 | I5: 0 | J5: 0 | K5: 0.01246279 | L5: 0.5311279 | M5: 0.2728486 | N5: 0 | O5: 0 | P5: CleanLanding
A6: 3 | B6: LandingSegment_5 | C6: TargetAnchor5 | D6: 0.859924 | E6: 0.7302094 | F6: -0.4541626 | G6: 1.878394 | H6: -9.393755 | I6: 0 | J6: 0 | K6: 0.71207 | L6: 0.8130035 | M6: 0.9951394 | N6: 0 | O6: 0 | P6: CleanLanding
A7: 3 | B7: LandingSegment_6 | C7: TargetAnchor6 | D7: 1.547793 | E7: 1.529427 | F7: 0.2377319 | G7: 1.478858 | H7: -10.10576 | I7: 0 | J7: 0 | K7: 0.5056069 | L7: 1.407135 | M7: 0.5251131 | N7: 0 | O7: 0 | P7: CleanLanding
A8: 3 | B8: LandingSegment_7 | C8: TargetAnchor7 | D8: 0.8168311 | E8: -0.1816072 | F8: -0.7963867 | G8: 2.298851 | H8: -7.936685 | I8: 0 | J8: 0 | K8: 0.2152633 | L8: 0.554657 | M8: 0.3003225 | N8: 0 | O8: 0 | P8: CleanLanding

Sheet Thresholds
A1: Jugador | B1: LandingOffset_m | C1: LandingOffset_Forward_m | D1: LandingOffset_Side_m | E1: SafetyMargin_m | F1: VerticalSpeed_mps | G1: ApproachAngle_deg | H1: MicroCorrections_0_5s | I1: PreLandingHorizontalJitter | J1: PostStabilizationTime_s | K1: PostLandingDrift_m | L1: LandingFailed | M1: PostLandingFall | N1: AbandonoPilar
A2: Jug1 | B2: =AVERAGE(AlexVargas!D:D) -> 0.63895394 | C2: =AVERAGE(AlexVargas!E:E) -> 0.2653234 | D2: =AVERAGE(AlexVargas!F:F) -> -0.28832569 | E2: =AVERAGE(AlexVargas!G:G) -> 2.3145689 | F2: =AVERAGE(AlexVargas!H:H) -> -17.718456 | G2: =AVERAGE(AlexVargas!I:I) -> 0 | H2: =AVERAGE(AlexVargas!J:J) -> 0 | I2: =AVERAGE(AlexVargas!K:K) -> 1.0983279 | J2: =AVERAGE(AlexVargas!L:L) -> 1.2608032 | K2: =AVERAGE(AlexVargas!M:M) -> 3.9968549 | L2: =AVERAGE(AlexVargas!N:N) -> 0 | M2: =AVERAGE(AlexVargas!O:O) -> 0 | N2: 0
A3: Jug2 | B3: =AVERAGE(AntoFlores!D:D) -> 2.450932 | C3: =AVERAGE(AntoFlores!E:E) -> 1.1515256 | D3: =AVERAGE(AntoFlores!F:F) -> 2.0422429 | E3: =AVERAGE(AntoFlores!G:G) -> 1.6251923 | F3: =AVERAGE(AntoFlores!H:H) -> -12.271728 | G3: =AVERAGE(AntoFlores!I:I) -> 0 | H3: =AVERAGE(AntoFlores!J:J) -> 0 | I3: =AVERAGE(AntoFlores!K:K) -> 0.61228004 | J3: =AVERAGE(AntoFlores!L:L) -> 0.7677078 | K3: =AVERAGE(AntoFlores!M:M) -> 0.93550359 | L3: =AVERAGE(AntoFlores!N:N) -> 0.375 | M3: =AVERAGE(AntoFlores!O:O) -> 0 | N3: 0
A4: Jug3 | B4: =AVERAGE(BenjaCarrasco!D:D) -> 1.4282694 | C4: =AVERAGE(BenjaCarrasco!E:E) -> 1.1060298 | D4: =AVERAGE(BenjaCarrasco!F:F) -> 0.38569024 | E4: =AVERAGE(BenjaCarrasco!G:G) -> 1.7158117 | F4: =AVERAGE(BenjaCarrasco!H:H) -> -15.686704 | G4: =AVERAGE(BenjaCarrasco!I:I) -> 0 | H4: =AVERAGE(BenjaCarrasco!J:J) -> 0 | I4: =AVERAGE(BenjaCarrasco!K:K) -> 0.41404931 | J4: =AVERAGE(BenjaCarrasco!L:L) -> 0.8459815 | K4: =AVERAGE(BenjaCarrasco!M:M) -> 3.3040166 | L4: =AVERAGE(BenjaCarrasco!N:N) -> 0.25 | M4: =AVERAGE(BenjaCarrasco!O:O) -> 0.25 | N4: 0
A5: Jug4 | B5: =AVERAGE(CamilaCarrascoBaier!D:D) -> 2.8526182 | C5: =AVERAGE(CamilaCarrascoBaier!E:E) -> -0.10717228 | D5: =AVERAGE(CamilaCarrascoBaier!F:F) -> 0.036937307 | E5: =AVERAGE(CamilaCarrascoBaier!G:G) -> 0.89941829 | F5: =AVERAGE(CamilaCarrascoBaier!H:H) -> -10.616542 | G5: =AVERAGE(CamilaCarrascoBaier!I:I) -> 0 | H5: =AVERAGE(CamilaCarrascoBaier!J:J) -> 0.23333333 | I5: =AVERAGE(CamilaCarrascoBaier!K:K) -> 1.1979944 | J5: =AVERAGE(CamilaCarrascoBaier!L:L) -> 0.62394914 | K5: =AVERAGE(CamilaCarrascoBaier!M:M) -> 1.6189565 | L5: =AVERAGE(CamilaCarrascoBaier!N:N) -> 0.33333333 | M5: =AVERAGE(CamilaCarrascoBaier!O:O) -> 0.26666667 | N5: 0
A6: Jug5 | B6: =AVERAGE(CataAguilar!D:D) -> 3.7777133 | C6: =AVERAGE(CataAguilar!E:E) -> 1.2503244 | D6: =AVERAGE(CataAguilar!F:F) -> 0.77751226 | E6: =AVERAGE(CataAguilar!G:G) -> 0.79143032 | F6: =AVERAGE(CataAguilar!H:H) -> -17.188127 | G6: =AVERAGE(CataAguilar!I:I) -> 0 | H6: =AVERAGE(CataAguilar!J:J) -> 0.45098039 | I6: =AVERAGE(CataAguilar!K:K) -> 2.2773852 | J6: =AVERAGE(CataAguilar!L:L) -> 0.49718043 | K6: =AVERAGE(CataAguilar!M:M) -> 0.6450704 | L6: =AVERAGE(CataAguilar!N:N) -> 0.45098039 | M6: =AVERAGE(CataAguilar!O:O) -> 0.33333333 | N6: 0
A7: Jug6 | B7: =AVERAGE(DiegoContreras!D:D) -> 2.2721463 | C7: =AVERAGE(DiegoContreras!E:E) -> -1.3483137 | D7: =AVERAGE(DiegoContreras!F:F) -> -1.1600316 | E7: =AVERAGE(DiegoContreras!G:G) -> 1.117512 | F7: =AVERAGE(DiegoContreras!H:H) -> -17.389225 | G7: =AVERAGE(DiegoContreras!I:I) -> 0 | H7: =AVERAGE(DiegoContreras!J:J) -> 0.11111111 | I7: =AVERAGE(DiegoContreras!K:K) -> 0.6718038 | J7: =AVERAGE(DiegoContreras!L:L) -> 0.83841959 | K7: =AVERAGE(DiegoContreras!M:M) -> 1.7995436 | L7: =AVERAGE(DiegoContreras!N:N) -> 0.11111111 | M7: =AVERAGE(DiegoContreras!O:O) -> 0.11111111 | N7: 0
A8: Jug7 | B8: =AVERAGE(FranPerez!D:D) -> 1.8171543 | C8: =AVERAGE(FranPerez!E:E) -> 0.64588359 | D8: =AVERAGE(FranPerez!F:F) -> -0.36806711 | E8: =AVERAGE(FranPerez!G:G) -> 1.2530187 | F8: =AVERAGE(FranPerez!H:H) -> -8.7773401 | G8: =AVERAGE(FranPerez!I:I) -> 0 | H8: =AVERAGE(FranPerez!J:J) -> 0.14285714 | I8: =AVERAGE(FranPerez!K:K) -> 0.73113477 | J8: =AVERAGE(FranPerez!L:L) -> 0.69767541 | K8: =AVERAGE(FranPerez!M:M) -> 0.71154733 | L8: =AVERAGE(FranPerez!N:N) -> 0 | M8: =AVERAGE(FranPerez!O:O) -> 0 | N8: 0
A9: Jug8 | B9: =AVERAGE(JoaquinAguilar!D:D) -> 2.0518295 | C9: =AVERAGE(JoaquinAguilar!E:E) -> 0.027190528 | D9: =AVERAGE(JoaquinAguilar!F:F) -> -0.14147644 | E9: =AVERAGE(JoaquinAguilar!G:G) -> 1.2179182 | F9: =AVERAGE(JoaquinAguilar!H:H) -> -13.004235 | G9: =AVERAGE(JoaquinAguilar!I:I) -> 0 | H9: =AVERAGE(JoaquinAguilar!J:J) -> 0.066666667 | I9: =AVERAGE(JoaquinAguilar!K:K) -> 3.8542325 | J9: =AVERAGE(JoaquinAguilar!L:L) -> 0.67962648 | K9: =AVERAGE(JoaquinAguilar!M:M) -> 1.3207435 | L9: =AVERAGE(JoaquinAguilar!N:N) -> 0.33333333 | M9: =AVERAGE(JoaquinAguilar!O:O) -> 0.2 | N9: 0
A10: Jug9 | B10: =AVERAGE(LourdesArtigas!D:D) -> 3.4127252 | C10: =AVERAGE(LourdesArtigas!E:E) -> 0.77786704 | D10: =AVERAGE(LourdesArtigas!F:F) -> 1.2188395 | E10: =AVERAGE(LourdesArtigas!G:G) -> 0.76968681 | F10: =AVERAGE(LourdesArtigas!H:H) -> -10.996125 | G10: =AVERAGE(LourdesArtigas!I:I) -> 0 | H10: =AVERAGE(LourdesArtigas!J:J) -> 0.14285714 | I10: =AVERAGE(LourdesArtigas!K:K) -> 0.81038818 | J10: =AVERAGE(LourdesArtigas!L:L) -> 0.54817506 | K10: =AVERAGE(LourdesArtigas!M:M) -> 1.8547051 | L10: =AVERAGE(LourdesArtigas!N:N) -> 0.45714286 | M10: =AVERAGE(LourdesArtigas!O:O) -> 0.31428571 | N10: 0
A11: Jug10 | B11: =AVERAGE(Pantrucas!D:D) -> 1.8730509 | C11: =AVERAGE(Pantrucas!E:E) -> 0.82998594 | D11: =AVERAGE(Pantrucas!F:F) -> 0.49440638 | E11: =AVERAGE(Pantrucas!G:G) -> 1.279408 | F11: =AVERAGE(Pantrucas!H:H) -> -8.107901 | G11: =AVERAGE(Pantrucas!I:I) -> 0 | H11: =AVERAGE(Pantrucas!J:J) -> 0.55555556 | I11: =AVERAGE(Pantrucas!K:K) -> 2.6037075 | J11: =AVERAGE(Pantrucas!L:L) -> 1.0455797 | K11: =AVERAGE(Pantrucas!M:M) -> 2.4673497 | L11: =AVERAGE(Pantrucas!N:N) -> 0.33333333 | M11: =AVERAGE(Pantrucas!O:O) -> 0.22222222 | N11: 0
A12: Jug11 | B12: =AVERAGE(Sepumae!D:D) -> 1.8010228 | C12: =AVERAGE(Sepumae!E:E) -> 0.78838806 | D12: =AVERAGE(Sepumae!F:F) -> 0.64577579 | E12: =AVERAGE(Sepumae!G:G) -> 1.3320319 | F12: =AVERAGE(Sepumae!H:H) -> -11.70065 | G12: =AVERAGE(Sepumae!I:I) -> 0 | H12: =AVERAGE(Sepumae!J:J) -> 0 | I12: =AVERAGE(Sepumae!K:K) -> 0.59592004 | J12: =AVERAGE(Sepumae!L:L) -> 1.6741113 | K12: =AVERAGE(Sepumae!M:M) -> 4.888864 | L12: =AVERAGE(Sepumae!N:N) -> 0.14285714 | M12: =AVERAGE(Sepumae!O:O) -> 0 | N12: 0
A13: Jug12 | B13: =AVERAGE(VicenteFigueroa!D:D) -> 1.5653513 | C13: =AVERAGE(VicenteFigueroa!E:E) -> 1.176745 | D13: =AVERAGE(VicenteFigueroa!F:F) -> 0.36011759 | E13: =AVERAGE(VicenteFigueroa!G:G) -> 1.5108092 | F13: =AVERAGE(VicenteFigueroa!H:H) -> -13.114389 | G13: =AVERAGE(VicenteFigueroa!I:I) -> 0 | H13: =AVERAGE(VicenteFigueroa!J:J) -> 0 | I13: =AVERAGE(VicenteFigueroa!K:K) -> 0.6404871 | J13: =AVERAGE(VicenteFigueroa!L:L) -> 0.94824225 | K13: =AVERAGE(VicenteFigueroa!M:M) -> 2.5125074 | L13: =AVERAGE(VicenteFigueroa!N:N) -> 0.33333333 | M13: =AVERAGE(VicenteFigueroa!O:O) -> 0.16666667 | N13: 0
A14: Jug13 | B14: =AVERAGE(VicenteHernandez!D:D) -> 4.2414566 | C14: =AVERAGE(VicenteHernandez!E:E) -> 2.5997917 | D14: =AVERAGE(VicenteHernandez!F:F) -> 0.73283372 | E14: =AVERAGE(VicenteHernandez!G:G) -> 0.83022138 | F14: =AVERAGE(VicenteHernandez!H:H) -> -13.813483 | G14: =AVERAGE(VicenteHernandez!I:I) -> 0 | H14: =AVERAGE(VicenteHernandez!J:J) -> 0.4 | I14: =AVERAGE(VicenteHernandez!K:K) -> 1.4081733 | J14: =AVERAGE(VicenteHernandez!L:L) -> 0.62402043 | K14: =AVERAGE(VicenteHernandez!M:M) -> 1.1892173 | L14: =AVERAGE(VicenteHernandez!N:N) -> 0.35 | M14: =AVERAGE(VicenteHernandez!O:O) -> 0.2 | N14: 0
A15: Jug14 | B15: =AVERAGE(VicenteLineros!D:D) -> 2.3861959 | C15: =AVERAGE(VicenteLineros!E:E) -> 0.50410209 | D15: =AVERAGE(VicenteLineros!F:F) -> 1.0424821 | E15: =AVERAGE(VicenteLineros!G:G) -> 1.4658556 | F15: =AVERAGE(VicenteLineros!H:H) -> -17.207487 | G15: =AVERAGE(VicenteLineros!I:I) -> 0 | H15: =AVERAGE(VicenteLineros!J:J) -> 0 | I15: =AVERAGE(VicenteLineros!K:K) -> 0.77703197 | J15: =AVERAGE(VicenteLineros!L:L) -> 0.86628335 | K15: =AVERAGE(VicenteLineros!M:M) -> 1.5464784 | L15: =AVERAGE(VicenteLineros!N:N) -> 0.125 | M15: =AVERAGE(VicenteLineros!O:O) -> 0 | N15: 0
A16: Jug15 | B16: =AVERAGE(yoelchupa!D:D) -> 0.98633273 | C16: =AVERAGE(yoelchupa!E:E) -> 0.35610244 | D16: =AVERAGE(yoelchupa!F:F) -> -0.18960736 | E16: =AVERAGE(yoelchupa!G:G) -> 2.0916656 | F16: =AVERAGE(yoelchupa!H:H) -> -8.8179761 | G16: =AVERAGE(yoelchupa!I:I) -> 0 | H16: =AVERAGE(yoelchupa!J:J) -> 0 | I16: =AVERAGE(yoelchupa!K:K) -> 0.40165355 | J16: =AVERAGE(yoelchupa!L:L) -> 0.70561871 | K16: =AVERAGE(yoelchupa!M:M) -> 0.44338771 | L16: =AVERAGE(yoelchupa!N:N) -> 0 | M16: =AVERAGE(yoelchupa!O:O) -> 0 | N16: 0
A18: Percentil50 (comun) | B18: =_xlfn.PERCENTILE.EXC(B2:B16,0.5) -> 2.0518295 | C18: =_xlfn.PERCENTILE.EXC(C2:C16,0.5) -> 0.77786704 | D18: =_xlfn.PERCENTILE.EXC(D2:D16,0.5) -> 0.38569024 | E18: =_xlfn.PERCENTILE.EXC(E2:E16,0.5) -> 1.279408 | F18: =_xlfn.PERCENTILE.EXC(F2:F16,0.5) -> -13.004235 | G18: =_xlfn.PERCENTILE.EXC(G2:G16,0.5) -> 0 | H18: =_xlfn.PERCENTILE.EXC(H2:H16,0.5) -> 0.066666667 | I18: =_xlfn.PERCENTILE.EXC(I2:I16,0.5) -> 0.77703197 | ... M18: =_xlfn.PERCENTILE.EXC(M2:M16,0.5) -> 0.16666667
A19: Percentil75 (activacion) | B19: =_xlfn.PERCENTILE.EXC(B2:B16,0.75) -> 2.8526182 | C19: =_xlfn.PERCENTILE.EXC(C2:C16,0.75) -> 1.1515256 | D19: =_xlfn.PERCENTILE.EXC(D2:D16,0.75) -> 0.77751226 | E19: =_xlfn.PERCENTILE.EXC(E2:E16,0.75) -> 1.6251923 | F19: =_xlfn.PERCENTILE.EXC(F2:F16,0.25) -> -17.188127 | G19: =_xlfn.PERCENTILE.EXC(G2:G16,0.75) -> 0 | H19: =_xlfn.PERCENTILE.EXC(H2:H16,0.75) -> 0.23333333 | I19: =_xlfn.PERCENTILE.EXC(I2:I16,0.75) -> 1.4081733 | J19: =_xlfn.PERCENTILE.EXC(J2:J16,0.75) -> 0.94824225 | K19: =_xlfn.PERCENTILE.EXC(K2:K16,0.75) -> 2.5125074 | L19: =_xlfn.PERCENTILE.EXC(L2:L16,0.75) -> 0.35 | M19: =_xlfn.PERCENTILE.EXC(M2:M16,0.75) -> 0.25
A20: Percentil90 (critico) | B20: =_xlfn.PERCENTILE.EXC(B2:B16,0.9) -> 3.9632106 | C20: =_xlfn.PERCENTILE.EXC(C2:C16,0.9) -> 1.7901113 | D20: =_xlfn.PERCENTILE.EXC(D2:D16,0.9) -> 1.5482009 | E20: =_xlfn.PERCENTILE.EXC(E2:E16,0.9) -> 2.1808269 | F20: =_xlfn.PERCENTILE.EXC(F2:F16,0.1) -> -17.520917 | G20: =_xlfn.PERCENTILE.EXC(G2:G16,0.9) -> 0 | H20: =_xlfn.PERCENTILE.EXC(H2:H16,0.9) -> 0.49281046 | I20: =_xlfn.PERCENTILE.EXC(I2:I16,0.9) -> 3.1039175 | J20: =_xlfn.PERCENTILE.EXC(J2:J16,0.9) -> 1.4261264 | K20: =_xlfn.PERCENTILE.EXC(K2:K16,0.9) -> 4.3536585 | L20: =_xlfn.PERCENTILE.EXC(L2:L16,0.9) -> 0.45344538 | M20: =_xlfn.PERCENTILE.EXC(M2:M16,0.9) -> 0.32190476
F21: por -1, al ser menor mejor, y mayor peor
