Workbook

Sheet AlexVargas
A1: AttemptID | B1: LapID | C1: LapDuration_s | D1: AttemptDuration_s | E1: LapProgress_0_1 | F1: DeathOccurred | G1: MeanDeviation_m | H1: SpeedSD_mps | I1: MicroCorrectionsRate_per_s | J1: ObstacleHitRate
A2: 27 | B2: 1 | C2: 6.742 | D2: 38.14 | E2: 0.314 | F2: 1 | G2: 12.3855 | H2: 5.003 | I2: 4.4498 | J2: 0
A3: 28 | B3: 1 | C3: 11.358 | D3: 22.716 | E3: 0.416 | F3: 1 | G3: 8.9897 | H3: 4.3271 | I3: 5.6348 | J3: 0.077
A4: 29 | B4: 1 | C4: 23.696 | D4: 33.238 | E4: 0.812 | F4: 1 | G4: 12.0159 | H4: 4.9017 | I4: 6.4567 | J4: 0.385
A5: 30 | B5: 1 | C5: 26.328 | D5: 37.672 | E5: 0.996 | F5: 1 | G5: 9.7905 | H5: 5.2742 | I5: 5.3176 | J5: 0.231

Sheet AntoFlores
A1: AttemptID | B1: LapID | C1: LapDuration_s | D1: AttemptDuration_s | E1: LapProgress_0_1 | F1: DeathOccurred | G1: MeanDeviation_m | H1: SpeedSD_mps | I1: MicroCorrectionsRate_per_s | J1: ObstacleHitRate
A2: 4 | B2: 1 | C2: 17.502 | D2: 85.714 | E2: 0.603 | F2: 1 | G2: 8.7849 | H2: 4.8765 | I2: 0.5142 | J2: 0.154
A3: 5 | B3: 1 | C3: 25.96 | D3: 36.178 | E3: 1 | F3: 0 | G3: 9.4946 | H3: 4.6232 | I3: 1.4253 | J3: 0.385
A4: 5 | B4: 2 | C4: 14.028 | D4: 64.126 | E4: 0.577 | F4: 1 | G4: 8.5578 | H4: 2.7802 | I4: 0.0713 | J4: 0
A5: 6 | B5: 1 | C5: 24.293 | D5: 37.825 | E5: 0.809 | F5: 1 | G5: 9.0844 | H5: 4.8385 | I5: 1.3996 | J5: 0.462
A6: 7 | B6: 1 | C6: 18.981 | D6: 31.228 | E6: 0.647 | F6: 1 | G6: 8.0471 | H6: 4.263 | I6: 1.4225 | J6: 0.231
A7: 8 | B7: 1 | C7: 16.057 | D7: 26.857 | E7: 0.606 | F7: 1 | G7: 10.0321 | H7: 4.7205 | I7: 1.8061 | J7: 0.231
A8: 9 | B8: 1 | C8: 25.643 | D8: 35.886 | E8: 1 | F8: 1 | G8: 9.9943 | H8: 4.5197 | I8: 3.1198 | J8: 0.385
A9: 10 | B9: 1 | C9: 38.162 | D9: 49.999 | E9: 0.76 | F9: 1 | G9: 17.3157 | H9: 6.9082 | I9: 1.3626 | J9: 0.385
A10: 11 | B10: 1 | C10: 25.395 | D10: 38.853 | E10: 0.76 | F10: 1 | G10: 10.6642 | H10: 3.6992 | I10: 2.6777 | J10: 0.462
A11: 12 | B11: 1 | C11: 26.385 | D11: 37.689 | E11: 0.858 | F11: 1 | G11: 9.2446 | H11: 3.3813 | I11: 2.274 | J11: 0.308
A12: 13 | B12: 1 | C12: 14.253 | D12: 24.968 | E12: 0.548 | F12: 1 | G12: 9.4343 | H12: 3.8057 | I12: 2.8767 | J12: 0.077
A13: 15 | B13: 1 | C13: 10.262 | D13: 19.759 | E13: 0.505 | F13: 1 | G13: 8.7729 | H13: 3.035 | I13: 3.6055 | J13: 0.077
... A20: 20 | B20: 3 | C20: 9.519 | D20: 98.218 | E20: 0.416 | F20: 1 | G20: 9.1045 | H20: 6.5949 | I20: 1.891 | J20: 0

Sheet BenjaCarrasco
A1: AttemptID | B1: LapID | C1: LapDuration_s | D1: AttemptDuration_s | E1: LapProgress_0_1 | F1: DeathOccurred | G1: MeanDeviation_m | H1: SpeedSD_mps | I1: MicroCorrectionsRate_per_s | J1: ObstacleHitRate
A2: 4 | B2: 1 | C2: 14.39 | D2: 51.263 | E2: 0.554 | F2: 1 | G2: 7.2509 | H2: 2.5932 | I2: 3.0577 | J2: 0.077
A3: 5 | B3: 1 | C3: 22.721 | D3: 31.071 | E3: 0.74 | F3: 1 | G3: 8.3571 | H3: 4.8002 | I3: 6.9099 | J3: 0.231
A4: 6 | B4: 1 | C4: 25.24 | D4: 40.899 | E4: 1 | F4: 0 | G4: 7.8983 | H4: 4.4537 | I4: 7.7258 | J4: 0.231

Sheet CamilaCarrascoBaier
A1: AttemptID | B1: LapID | C1: LapDuration_s | D1: AttemptDuration_s | E1: LapProgress_0_1 | F1: DeathOccurred | G1: MeanDeviation_m | H1: SpeedSD_mps | I1: MicroCorrectionsRate_per_s | J1: ObstacleHitRate
A2: 6 | B2: 1 | C2: 13.163 | D2: 30.628 | E2: 0.417 | F2: 1 | G2: 9.6056 | H2: 4.8532 | I2: 0.1519 | J2: 0.077
A3: 7 | B3: 1 | C3: 13.723 | D3: 24.46 | E3: 0.505 | F3: 1 | G3: 12.1277 | H3: 4.6603 | I3: 2.1133 | J3: 0.154
A4: 8 | B4: 1 | C4: 7.706 | D4: 19.963 | E4: 0.407 | F4: 1 | G4: 5.9881 | H4: 2.5594 | I4: 1.8167 | J4: 0.077
A5: 9 | B5: 1 | C5: 16.112 | D5: 26.485 | E5: 0.601 | F5: 1 | G5: 12.9791 | H5: 5.3716 | I5: 2.3585 | J5: 0.154
A6: 10 | B6: 1 | C6: 9.721 | D6: 21.55 | E6: 0.471 | F6: 1 | G6: 7.9156 | H6: 4.4217 | I6: 1.0287 | J6: 0.154
A7: 11 | B7: 1 | C7: 6.561 | D7: 16.259 | E7: 0.389 | F7: 1 | G7: 3.6809 | H7: 4.0874 | I7: 3.2009 | J7: 0.077
A8: 12 | B8: 1 | C8: 9.486 | D8: 20.125 | E8: 0.438 | F8: 1 | G8: 9.9953 | H8: 5.1533 | I8: 4.006 | J8: 0.154
A9: 13 | B9: 1 | C9: 9.851 | D9: 21.965 | E9: 0.416 | F9: 1 | G9: 7.4628 | H9: 4.911 | I9: 1.2182 | J9: 0.077
A10: 14 | B10: 1 | C10: 8.116 | D10: 19.565 | E10: 0.449 | F10: 1 | G10: 5.7605 | H10: 4.484 | I10: 2.2179 | J10: 0.077
A11: 15 | B11: 1 | C11: 14.475 | D11: 22.819 | E11: 0.546 | F11: 1 | G11: 4.7019 | H11: 4.1086 | I11: 1.0363 | J11: 0.231
A12: 16 | B12: 1 | C12: 8.939 | D12: 21.384 | E12: 0.465 | F12: 1 | G12: 8.4776 | H12: 3.1139 | I12: 5.3699 | J12: 0
A13: 17 | B13: 1 | C13: 24.682 | D13: 38.924 | E13: 0.866 | F13: 1 | G13: 8.3628 | H13: 4.1123 | I13: 2.4309 | J13: 0.308
... A16: 20 | B16: 1 | C16: 3.658 | D16: 13.791 | E16: 0.351 | F16: 0 | G16: 6.3551 | H16: 0.1475 | I16: 0 | J16: 0

Sheet CataAguilar
A1: AttemptID | B1: LapID | C1: LapDuration_s | D1: AttemptDuration_s | E1: LapProgress_0_1 | F1: DeathOccurred | G1: MeanDeviation_m | H1: SpeedSD_mps | I1: MicroCorrectionsRate_per_s | J1: ObstacleHitRate
A2: 88 | B2: 1 | C2: 8.173 | D2: 57.736 | E2: 0.356 | F2: 1 | G2: 7.4584 | H2: 4.5837 | I2: 3.4258 | J2: 0.077
A3: 90 | B3: 1 | C3: 3.728 | D3: 12.61 | E3: 0.284 | F3: 1 | G3: 4.7645 | H3: 3.3479 | I3: 0 | J3: 0
A4: 91 | B4: 1 | C4: 11.819 | D4: 20.991 | E4: 0.472 | F4: 1 | G4: 6.601 | H4: 4.8336 | I4: 3.7227 | J4: 0.231
A5: 92 | B5: 1 | C5: 16.055 | D5: 28.155 | E5: 0.61 | F5: 1 | G5: 8.1311 | H5: 4.4105 | I5: 4.7338 | J5: 0.231
A6: 93 | B6: 1 | C6: 11.54 | D6: 22.165 | E6: 0.472 | F6: 1 | G6: 9.5355 | H6: 4.5576 | I6: 4.5929 | J6: 0.154
A7: 94 | B7: 1 | C7: 17.734 | D7: 28.375 | E7: 0.573 | F7: 1 | G7: 19.8978 | H7: 6.6731 | I7: 2.8195 | J7: 0.077
A8: 95 | B8: 1 | C8: 20.958 | D8: 34.784 | E8: 0.641 | F8: 1 | G8: 15.7844 | H8: 4.2876 | I8: 3.5309 | J8: 0.308
A9: 96 | B9: 1 | C9: 17.259 | D9: 27.661 | E9: 0.648 | F9: 1 | G9: 10.1127 | H9: 4.9434 | I9: 2.7232 | J9: 0.231
A10: 97 | B10: 1 | C10: 26.049 | D10: 35.969 | E10: 0.928 | F10: 1 | G10: 6.2281 | H10: 6.1163 | I10: 4.0309 | J10: 0.538
A11: 98 | B11: 1 | C11: 12.295 | D11: 30.327 | E11: 0.502 | F11: 1 | G11: 10.4885 | H11: 4.9181 | I11: 3.5786 | J11: 0.154
A12: 99 | B12: 1 | C12: 20.3 | D12: 30.104 | E12: 0.618 | F12: 1 | G12: 14.5514 | H12: 4.6659 | I12: 2.9064 | J12: 0.308
A13: 101 | B13: 1 | C13: 30.855 | D13: 39.684 | E13: 1 | F13: 1 | G13: 9.0541 | H13: 4.6308 | I13: 3.6622 | J13: 0.231
... A22: 107 | B22: 4 | C22: 25.22 | D22: 160.589 | E22: 1 | F22: 0 | G22: 7.2029 | H22: 5.2928 | I22: 4.441 | J22: 0.308

Sheet DiegoContreras
A1: AttemptID | B1: LapID | C1: LapDuration_s | D1: AttemptDuration_s | E1: LapProgress_0_1 | F1: DeathOccurred | G1: MeanDeviation_m | H1: SpeedSD_mps | I1: MicroCorrectionsRate_per_s | J1: ObstacleHitRate
A2: 29 | B2: 1 | C2: 9.509 | D2: 48.037 | E2: 0.416 | F2: 1 | G2: 14.1627 | H2: 3.4023 | I2: 3.2601 | J2: 0.077
A3: 30 | B3: 1 | C3: 19.007 | D3: 31.918 | E3: 0.678 | F3: 1 | G3: 11.5604 | H3: 5.3838 | I3: 2.2623 | J3: 0.231
A4: 31 | B4: 1 | C4: 27.264 | D4: 39.617 | E4: 1 | F4: 1 | G4: 10.6993 | H4: 3.3189 | I4: 1.1003 | J4: 0.154
A5: 32 | B5: 1 | C5: 15.663 | D5: 68.519 | E5: 0.529 | F5: 1 | G5: 11.0009 | H5: 5.4317 | I5: 2.9368 | J5: 0.154

Sheet FranPerez
A1: AttemptID | B1: LapID | C1: LapDuration_s | D1: AttemptDuration_s | E1: LapProgress_0_1 | F1: DeathOccurred | G1: MeanDeviation_m | H1: SpeedSD_mps | I1: MicroCorrectionsRate_per_s | J1: ObstacleHitRate

Sheet JoaquinAguilar
A1: AttemptID | B1: LapID | C1: LapDuration_s | D1: AttemptDuration_s | E1: LapProgress_0_1 | F1: DeathOccurred | G1: MeanDeviation_m | H1: SpeedSD_mps | I1: MicroCorrectionsRate_per_s | J1: ObstacleHitRate

Sheet LourdesArtigas
A1: AttemptID | B1: LapID | C1: LapDuration_s | D1: AttemptDuration_s | E1: LapProgress_0_1 | F1: DeathOccurred | G1: MeanDeviation_m | H1: SpeedSD_mps | I1: MicroCorrectionsRate_per_s | J1: ObstacleHitRate
A2: 10 | B2: 1 | C2: 10.042 | D2: 50.19 | E2: 0.416 | F2: 1 | G2: 10.593 | H2: 5.0051 | I2: 0.0996 | J2: 0.077
A3: 11 | B3: 1 | C3: 25.92 | D3: 36.838 | E3: 0.999 | F3: 0 | G3: 9.3901 | H3: 3.5733 | I3: 3.5494 | J3: 0.462
A4: 12 | B4: 1 | C4: 24.76 | D4: 47.952 | E4: 1 | F4: 0 | G4: 8.5521 | H4: 4.0814 | I4: 3.3118 | J4: 0.231
A5: 12 | B5: 2 | C5: 25.28 | D5: 87.772 | E5: 1 | F5: 0 | G5: 8.4334 | H5: 3.9376 | I5: 3.5997 | J5: 0.231
A6: 12 | B6: 3 | C6: 25.36 | D6: 127.112 | E6: 1 | F6: 0 | G6: 7.8626 | H6: 4.1936 | I6: 2.9968 | J6: 0.231
A7: 12 | B7: 4 | C7: 15.509 | D7: 157.221 | E7: 0.53 | F7: 1 | G7: 8.2256 | H7: 5.4955 | I7: 1.9343 | J7: 0

Sheet Pantrucas
A1: AttemptID | B1: LapID | C1: LapDuration_s | D1: AttemptDuration_s | E1: LapProgress_0_1 | F1: DeathOccurred | G1: MeanDeviation_m | H1: SpeedSD_mps | I1: MicroCorrectionsRate_per_s | J1: ObstacleHitRate
A2: 14 | B2: 1 | C2: 19.966 | D2: 32.621 | E2: 0.712 | F2: 1 | G2: 8.6282 | H2: 4.4363 | I2: 2.955 | J2: 0.231
A3: 15 | B3: 1 | C3: 10.39 | D3: 58.904 | E3: 0.416 | F3: 1 | G3: 12.073 | H3: 6.6351 | I3: 2.4062 | J3: 0.077

Sheet Sepumae
A1: AttemptID | B1: LapID | C1: LapDuration_s | D1: AttemptDuration_s | E1: LapProgress_0_1 | F1: DeathOccurred | G1: MeanDeviation_m | H1: SpeedSD_mps | I1: MicroCorrectionsRate_per_s | J1: ObstacleHitRate
A2: 9 | B2: 1 | C2: 9.051 | D2: 59.209 | E2: 0.416 | F2: 1 | G2: 10.7428 | H2: 4.1732 | I2: 4.1982 | J2: 0.077
A3: 10 | B3: 1 | C3: 6.993 | D3: 62.781 | E3: 0.356 | F3: 1 | G3: 1.9565 | H3: 4.8055 | I3: 0 | J3: 0.077

Sheet VicenteFigueroa
A1: AttemptID | B1: LapID | C1: LapDuration_s | D1: AttemptDuration_s | E1: LapProgress_0_1 | F1: DeathOccurred | G1: MeanDeviation_m | H1: SpeedSD_mps | I1: MicroCorrectionsRate_per_s | J1: ObstacleHitRate
A2: 9 | B2: 1 | C2: 12.665 | D2: 46.769 | E2: 0.505 | F2: 1 | G2: 8.7194 | H2: 5.4513 | I2: 5.0534 | J2: 0.231
A3: 10 | B3: 1 | C3: 28.062 | D3: 41.378 | E3: 1 | F3: 1 | G3: 8.4993 | H3: 5.6116 | I3: 5.9154 | J3: 0.385
A4: 11 | B4: 1 | C4: 20.071 | D4: 29.408 | E4: 0.764 | F4: 1 | G4: 6.3908 | H4: 5.1861 | I4: 4.9326 | J4: 0.231
A5: 12 | B5: 1 | C5: 17.659 | D5: 28.648 | E5: 0.535 | F5: 1 | G5: 9.0008 | H5: 5.5138 | I5: 3.964 | J5: 0.231
A6: 13 | B6: 1 | C6: 22.355 | D6: 32.836 | E6: 0.744 | F6: 1 | G6: 7.6876 | H6: 6.1813 | I6: 6.6205 | J6: 0.231

Sheet VicenteHernandez
A1: AttemptID | B1: LapID | C1: LapDuration_s | D1: AttemptDuration_s | E1: LapProgress_0_1 | F1: DeathOccurred | G1: MeanDeviation_m | H1: SpeedSD_mps | I1: MicroCorrectionsRate_per_s | J1: ObstacleHitRate
A2: 8 | B2: 1 | C2: 7.054 | D2: 54.338 | E2: 0.356 | F2: 1 | G2: 12.5833 | H2: 5.5273 | I2: 3.9696 | J2: 0.077
A3: 9 | B3: 1 | C3: 21.557 | D3: 35.443 | E3: 0.776 | F3: 1 | G3: 8.5717 | H3: 5.28 | I3: 6.4016 | J3: 0.154
A4: 10 | B4: 1 | C4: 14.859 | D4: 28.542 | E4: 0.53 | F4: 1 | G4: 8.2021 | H4: 3.3623 | I4: 3.4323 | J4: 0.077
A5: 11 | B5: 1 | C5: 25.72 | D5: 36.701 | E5: 1 | F5: 0 | G5: 7.4849 | H5: 4.5442 | I5: 4.6268 | J5: 0
A6: 11 | B6: 2 | C6: 14.872 | D6: 65.553 | E6: 0.536 | F6: 1 | G6: 12.3001 | H6: 2.9113 | I6: 2.3534 | J6: 0.077
A7: 12 | B7: 1 | C7: 25.92 | D7: 38.608 | E7: 1 | F7: 0 | G7: 6.9171 | H7: 4.4595 | I7: 4.3596 | J7: 0.154
A8: 12 | B8: 2 | C8: 24.82 | D8: 77.888 | E8: 1 | F8: 0 | G8: 7.6887 | H8: 4.3218 | I8: 4.0693 | J8: 0
A9: 12 | B9: 3 | C9: 21.8 | D9: 113.248 | E9: 0.698 | F9: 1 | G9: 8.3783 | H9: 3.8009 | I9: 4.266 | J9: 0.154
A10: 13 | B10: 1 | C10: 27.285 | D10: 49.365 | E10: 0.449 | F10: 1 | G10: 32.2194 | H10: 5.5877 | I10: 0.5131 | J10: 0.077
A11: 14 | B11: 1 | C11: 25.134 | D11: 34.329 | E11: 0.828 | F11: 1 | G11: 10.3564 | H11: 5.5185 | I11: 3.5808 | J11: 0.462

Sheet VicenteLineros
A1: AttemptID | B1: LapID | C1: LapDuration_s | D1: AttemptDuration_s | E1: LapProgress_0_1 | F1: DeathOccurred | G1: MeanDeviation_m | H1: SpeedSD_mps | I1: MicroCorrectionsRate_per_s | J1: ObstacleHitRate
A2: 34 | B2: 1 | C2: 20.433 | D2: 56.971 | E2: 0.59 | F2: 1 | G2: 11.4184 | H2: 5.6607 | I2: 2.496 | J2: 0.385
A3: 35 | B3: 1 | C3: 20.949 | D3: 32.136 | E3: 0.735 | F3: 1 | G3: 9.739 | H3: 3.754 | I3: 1.623 | J3: 0.308
A4: 36 | B4: 1 | C4: 14.295 | D4: 27.287 | E4: 0.566 | F4: 1 | G4: 6.927 | H4: 4.3146 | I4: 1.7488 | J4: 0.231
A5: 37 | B5: 1 | C5: 16.058 | D5: 25.663 | E5: 0.505 | F5: 1 | G5: 14.3504 | H5: 4.2611 | I5: 2.1796 | J5: 0.231
A6: 38 | B6: 1 | C6: 14.256 | D6: 23.038 | E6: 0.527 | F6: 1 | G6: 9.9792 | H6: 3.252 | I6: 1.4731 | J6: 0.077
A7: 39 | B7: 1 | C7: 18.844 | D7: 28.148 | E7: 0.59 | F7: 1 | G7: 8.6455 | H7: 5.0766 | I7: 3.6615 | J7: 0.308
A8: 40 | B8: 1 | C8: 19.872 | D8: 31.488 | E8: 0.686 | F8: 1 | G8: 7.7827 | H8: 4.2535 | I8: 3.5729 | J8: 0.385
A9: 41 | B9: 1 | C9: 21.29 | D9: 30.218 | E9: 0.78 | F9: 1 | G9: 9.2851 | H9: 3.1777 | I9: 1.8788 | J9: 0.231
A10: 42 | B10: 1 | C10: 24.917 | D10: 34.627 | E10: 0.841 | F10: 1 | G10: 8.1926 | H10: 3.3638 | I10: 2.3277 | J10: 0.538
A11: 43 | B11: 1 | C11: 15.299 | D11: 25.902 | E11: 0.515 | F11: 1 | G11: 9.559 | H11: 4.7755 | I11: 1.0458 | J11: 0.154
A12: 44 | B12: 1 | C12: 20.397 | D12: 29.858 | E12: 0.686 | F12: 1 | G12: 7.5058 | H12: 3.5067 | I12: 1.1766 | J12: 0.154
A13: 45 | B13: 1 | C13: 21.056 | D13: 31.279 | E13: 0.73 | F13: 1 | G13: 7.0023 | H13: 4.3491 | I13: 2.0897 | J13: 0.154
... A24: 54 | B24: 2 | C24: 21.958 | D24: 71.427 | E24: 0.65 | F24: 1 | G24: 11.6751 | H24: 5.0652 | I24: 1.5029 | J24: 0.231

Sheet yoelchupa
A1: AttemptID | B1: LapID | C1: LapDuration_s | D1: AttemptDuration_s | E1: LapProgress_0_1 | F1: DeathOccurred | G1: MeanDeviation_m | H1: SpeedSD_mps | I1: MicroCorrectionsRate_per_s | J1: ObstacleHitRate
A2: 7 | B2: 1 | C2: 25.12 | D2: 400.362 | E2: 1 | F2: 0 | G2: 10.0205 | H2: 5.0072 | I2: 4.2596 | J2: 0.308

Sheet Thersholds
A1: Jugador | B1: LapDuration_s | C1: AttemptDuration_s | D1: LapProgress_0_1 | E1: DeathOccurred | F1: MeanDeviation_m | G1: SpeedSD_mps | H1: MicroCorrectionsRate_per_s | I1: ObstacleHitRate | J1: AbandonoPilar
A2: Jug1 | B2: =AVERAGE(AlexVargas!C:C) -> 17.031 | C2: =AVERAGE(AlexVargas!D:D) -> 32.9415 | D2: =AVERAGE(AlexVargas!E:E) -> 0.6345 | E2: =AVERAGE(AlexVargas!F:F) -> 1 | F2: =AVERAGE(AlexVargas!G:G) -> 10.7954 | G2: =AVERAGE(AlexVargas!H:H) -> 4.8765 | H2: =AVERAGE(AlexVargas!I:I) -> 5.464725 | I2: =AVERAGE(AlexVargas!J:J) -> 0.17325 | J2: 0
A3: Jug2 | B3: =AVERAGE(AntoFlores!C:C) -> 20.630842 | C3: =AVERAGE(AntoFlores!D:D) -> 45.101632 | D3: =AVERAGE(AntoFlores!E:E) -> 0.72878947 | E3: =AVERAGE(AntoFlores!F:F) -> 0.78947368 | F3: =AVERAGE(AntoFlores!G:G) -> 9.1304211 | G3: =AVERAGE(AntoFlores!H:H) -> 4.4306263 | H3: =AVERAGE(AntoFlores!I:I) -> 1.9293211 | I3: =AVERAGE(AntoFlores!J:J) -> 0.25526316 | J3: 0
A4: Jug3 | B4: =AVERAGE(BenjaCarrasco!C:C) -> 20.783667 | C4: =AVERAGE(BenjaCarrasco!D:D) -> 41.077667 | D4: =AVERAGE(BenjaCarrasco!E:E) -> 0.76466667 | E4: =AVERAGE(BenjaCarrasco!F:F) -> 0.66666667 | F4: =AVERAGE(BenjaCarrasco!G:G) -> 7.8354333 | G4: =AVERAGE(BenjaCarrasco!H:H) -> 3.9490333 | H4: =AVERAGE(BenjaCarrasco!I:I) -> 5.8978 | I4: =AVERAGE(BenjaCarrasco!J:J) -> 0.17966667 | J4: 0
A5: Jug4 | B5: =AVERAGE(CamilaCarrascoBaier!C:C) -> 11.7974 | C5: =AVERAGE(CamilaCarrascoBaier!D:D) -> 23.613533 | D5: =AVERAGE(CamilaCarrascoBaier!E:E) -> 0.49426667 | E5: =AVERAGE(CamilaCarrascoBaier!F:F) -> 0.93333333 | F5: =AVERAGE(CamilaCarrascoBaier!G:G) -> 7.7123533 | G5: =AVERAGE(CamilaCarrascoBaier!H:H) -> 3.9873 | H5: =AVERAGE(CamilaCarrascoBaier!I:I) -> 2.0566733 | I5: =AVERAGE(CamilaCarrascoBaier!J:J) -> 0.1232 | J5: 0
A6: Jug5 | B6: =AVERAGE(CataAguilar!C:C) -> 18.652095 | C6: =AVERAGE(CataAguilar!D:D) -> 46.266952 | D6: =AVERAGE(CataAguilar!E:E) -> 0.68690476 | E6: =AVERAGE(CataAguilar!F:F) -> 0.76190476 | F6: =AVERAGE(CataAguilar!G:G) -> 9.0116048 | G6: =AVERAGE(CataAguilar!H:H) -> 4.7764524 | H6: =AVERAGE(CataAguilar!I:I) -> 3.5160857 | I6: =AVERAGE(CataAguilar!J:J) -> 0.24190476 | J6: 0
A7: Jug6 | B7: =AVERAGE(DiegoContreras!C:C) -> 17.86075 | C7: =AVERAGE(DiegoContreras!D:D) -> 47.02275 | D7: =AVERAGE(DiegoContreras!E:E) -> 0.65575 | E7: =AVERAGE(DiegoContreras!F:F) -> 1 | F7: =AVERAGE(DiegoContreras!G:G) -> 11.855825 | G7: =AVERAGE(DiegoContreras!H:H) -> 4.384175 | H7: =AVERAGE(DiegoContreras!I:I) -> 2.389875 | I7: =AVERAGE(DiegoContreras!J:J) -> 0.154 | J7: 0
A8: Jug7 | J8: 0
A9: Jug8 | J9: 0
A10: Jug9 | B10: =AVERAGE(LourdesArtigas!C:C) -> 21.145167 | C10: =AVERAGE(LourdesArtigas!D:D) -> 84.514167 | D10: =AVERAGE(LourdesArtigas!E:E) -> 0.82416667 | E10: =AVERAGE(LourdesArtigas!F:F) -> 0.33333333 | F10: =AVERAGE(LourdesArtigas!G:G) -> 8.8428 | G10: =AVERAGE(LourdesArtigas!H:H) -> 4.3810833 | H10: =AVERAGE(LourdesArtigas!I:I) -> 2.5819333 | I10: =AVERAGE(LourdesArtigas!J:J) -> 0.20533333 | J10: 0
A11: Jug10 | B11: =AVERAGE(Pantrucas!C:C) -> 15.178 | C11: =AVERAGE(Pantrucas!D:D) -> 45.7625 | D11: =AVERAGE(Pantrucas!E:E) -> 0.564 | E11: =AVERAGE(Pantrucas!F:F) -> 1 | F11: =AVERAGE(Pantrucas!G:G) -> 10.3506 | G11: =AVERAGE(Pantrucas!H:H) -> 5.5357 | H11: =AVERAGE(Pantrucas!I:I) -> 2.6806 | I11: =AVERAGE(Pantrucas!J:J) -> 0.154 | J11: 0
A12: Jug11 | B12: =AVERAGE(Sepumae!C:C) -> 8.022 | C12: =AVERAGE(Sepumae!D:D) -> 60.995 | D12: =AVERAGE(Sepumae!E:E) -> 0.386 | E12: =AVERAGE(Sepumae!F:F) -> 1 | F12: =AVERAGE(Sepumae!G:G) -> 6.34965 | G12: =AVERAGE(Sepumae!H:H) -> 4.48935 | H12: =AVERAGE(Sepumae!I:I) -> 2.0991 | I12: =AVERAGE(Sepumae!J:J) -> 0.077 | J12: 0
A13: Jug12 | B13: =AVERAGE(VicenteFigueroa!C:C) -> 20.1624 | C13: =AVERAGE(VicenteFigueroa!D:D) -> 35.8078 | D13: =AVERAGE(VicenteFigueroa!E:E) -> 0.7096 | E13: =AVERAGE(VicenteFigueroa!F:F) -> 1 | F13: =AVERAGE(VicenteFigueroa!G:G) -> 8.05958 | G13: =AVERAGE(VicenteFigueroa!H:H) -> 5.58882 | H13: =AVERAGE(VicenteFigueroa!I:I) -> 5.29718 | I13: =AVERAGE(VicenteFigueroa!J:J) -> 0.2618 | J13: 0
A14: Jug13 | B14: =AVERAGE(VicenteHernandez!C:C) -> 20.9021 | C14: =AVERAGE(VicenteHernandez!D:D) -> 53.4015 | D14: =AVERAGE(VicenteHernandez!E:E) -> 0.7173 | E14: =AVERAGE(VicenteHernandez!F:F) -> 0.7 | F14: =AVERAGE(VicenteHernandez!G:G) -> 11.4702 | G14: =AVERAGE(VicenteHernandez!H:H) -> 4.53135 | H14: =AVERAGE(VicenteHernandez!I:I) -> 3.75725 | I14: =AVERAGE(VicenteHernandez!J:J) -> 0.1232 | J14: 0
A15: Jug14 | B15: =AVERAGE(VicenteLineros!C:C) -> 21.44887 | C15: =AVERAGE(VicenteLineros!D:D) -> 36.091043 | D15: =AVERAGE(VicenteLineros!E:E) -> 0.74334783 | E15: =AVERAGE(VicenteLineros!F:F) -> 0.91304348 | F15: =AVERAGE(VicenteLineros!G:G) -> 9.1546696 | G15: =AVERAGE(VicenteLineros!H:H) -> 4.0432739 | H15: =AVERAGE(VicenteLineros!I:I) -> 2.4784565 | I15: =AVERAGE(VicenteLineros!J:J) -> 0.27778261 | J15: 0
A16: Jug15 | B16: =AVERAGE(yoelchupa!C:C) -> 25.12 | C16: =AVERAGE(yoelchupa!D:D) -> 400.362 | D16: =AVERAGE(yoelchupa!E:E) -> 1 | E16: =AVERAGE(yoelchupa!F:F) -> 0 | F16: =AVERAGE(yoelchupa!G:G) -> 10.0205 | G16: =AVERAGE(yoelchupa!H:H) -> 5.0072 | H16: =AVERAGE(yoelchupa!I:I) -> 4.2596 | I16: =AVERAGE(yoelchupa!J:J) -> 0.308 | J16: 0
A18: Percentil50 (comun) | B18: =_xlfn.PERCENTILE.EXC(B2:B16,0.5) -> 20.1624 | C18: =_xlfn.PERCENTILE.EXC(C2:C16,0.5) -> 45.7625 | D18: =_xlfn.PERCENTILE.EXC(D2:D16,0.5) -> 0.7096 | E18: =_xlfn.PERCENTILE.EXC(E2:E16,0.5) -> 0.91304348 | F18: =_xlfn.PERCENTILE.EXC(F2:F16,0.5) -> 9.1304211 | G18: =_xlfn.PERCENTILE.EXC(G2:G16,0.5) -> 4.48935 | H18: =_xlfn.PERCENTILE.EXC(H2:H16,0.5) -> 2.6806 | I18: =_xlfn.PERCENTILE.EXC(I2:I16,0.5) -> 0.17966667
A19: Percentil75 (activacion) | B19: =_xlfn.PERCENTILE.EXC(B2:B16,0.75) -> 21.023633 | C19: =_xlfn.PERCENTILE.EXC(C2:C16,0.75) -> 57.19825 | D19: =_xlfn.PERCENTILE.EXC(D2:D16,0.75) -> 0.75400725 | E19: =_xlfn.PERCENTILE.EXC(E2:E16,0.75) -> 1 | F19: =_xlfn.PERCENTILE.EXC(F2:F16,0.75) -> 10.573 | G19: =_xlfn.PERCENTILE.EXC(G2:G16,0.75) -> 4.94185 | H19: =_xlfn.PERCENTILE.EXC(H2:H16,0.75) -> 4.77839 | I19: =_xlfn.PERCENTILE.EXC(I2:I16,0.75) -> 0.25853158
A20: Percentil90 (critico) | B20: =_xlfn.PERCENTILE.EXC(B2:B16,0.9) -> 23.651548 | C20: =_xlfn.PERCENTILE.EXC(C2:C16,0.9) -> 274.02287 | D20: =_xlfn.PERCENTILE.EXC(D2:D16,0.9) -> 0.92966667 | E20: =_xlfn.PERCENTILE.EXC(E2:E16,0.9) -> 1 | F20: =_xlfn.PERCENTILE.EXC(F2:F16,0.9) -> 11.701575 | G20: =_xlfn.PERCENTILE.EXC(G2:G16,0.9) -> 5.567572 | H20: =_xlfn.PERCENTILE.EXC(H2:H16,0.9) -> 5.72457 | I20: =_xlfn.PERCENTILE.EXC(I2:I16,0.9) -> 0.29591304
