Workbook

Sheet AlexVargas
A1: AttemptID | B1: SegmentId | C1: TotalDuration_s | D1: AverageAngle_deg | E1: TimeLookingAway_s | F1: PercentTimeLookingAway | G1: ReorientationCount | H1: EndedInDeath | I1: TargetPlatform
A2: 5 | B2: JetpackSegment_19 | C2: 1.106431 | D2: 33.54782 | E2: 0.8270662 | F2: 0.7475079 | G2: 0 | H2: 0 | I2: TargetAnchor1
A3: 5 | B3: JetpackSegment_20 | C3: 1.346356 | D3: 34.3897 | E3: 0.8491271 | F3: 0.6306853 | G3: 0 | H3: 0 | I3: TargetAnchor2
A4: 5 | B4: JetpackSegment_21 | C4: 1.382411 | D4: 36.6046 | E4: 0.9759936 | F4: 0.7060084 | G4: 0 | H4: 0 | I4: TargetAnchor3
A5: 5 | B5: JetpackSegment_22 | C5: 1.823849 | D5: 31.60164 | E5: 1.039362 | F5: 0.569873 | G5: 0 | H5: 0 | I5: TargetAnchor4
A6: 5 | B6: JetpackSegment_23 | C6: 1.555996 | D6: 26.56187 | E6: 0.6354756 | F6: 0.4084044 | G6: 0 | H6: 0 | I6: TargetAnchor5
A7: 5 | B7: JetpackSegment_24 | C7: 2.014931 | D7: 32.71986 | E7: 1.233651 | F7: 0.6122546 | G7: 0 | H7: 0 | I7: TargetAnchor6
A8: 5 | B8: JetpackSegment_25 | C8: 1.664929 | D8: 29.84252 | E8: 0.9798942 | F8: 0.5885502 | G8: 0 | H8: 0 | I8: TargetAnchor7
A9: 5 | B9: JetpackSegment_26 | C9: 1.422773 | D9: 79.08394 | E9: 1.422773 | F9: 1 | G9: 0 | H9: 0 | I9: TargetAnchor8

Sheet AntoFlores
A1: AttemptID | B1: SegmentId | C1: TotalDuration_s | D1: AverageAngle_deg | E1: TimeLookingAway_s | F1: PercentTimeLookingAway | G1: ReorientationCount | H1: EndedInDeath | I1: TargetPlatform
A2: 10 | B2: JetpackSegment_41 | C2: 1.035248 | D2: 12.66092 | E2: 0 | F2: 0 | G2: 0 | H2: 0 | I2: TargetAnchor1
A3: 10 | B3: JetpackSegment_42 | C3: 1.319254 | D3: 17.98614 | E3: 0.2984923 | F3: 0.2262584 | G3: 0 | H3: 0 | I3: TargetAnchor2
A4: 10 | B4: JetpackSegment_43 | C4: 1.102132 | D4: 30.09183 | E4: 0.4865859 | F4: 0.4414951 | G4: 0 | H4: 0 | I4: TargetAnchor3
A5: 10 | B5: JetpackSegment_44 | C5: 1.888763 | D5: 35.33296 | E5: 1.113561 | F5: 0.5895717 | G5: 0 | H5: 0 | I5: TargetAnchor4
A6: 10 | B6: JetpackSegment_45 | C6: 1.775001 | D6: 30.33202 | E6: 0.7343312 | F6: 0.4137075 | G6: 0 | H6: 0 | I6: TargetAnchor5
A7: 10 | B7: JetpackSegment_46 | C7: 1.890867 | D7: 23.89471 | E7: 0.5428809 | F7: 0.2871069 | G7: 0 | H7: 0 | I7: TargetAnchor6
A8: 10 | B8: JetpackSegment_47 | C8: 1.666613 | D8: 33.98272 | E8: 0.7280908 | F8: 0.4368685 | G8: 0 | H8: 0 | I8: TargetAnchor7
A9: 10 | B9: JetpackSegment_48 | C9: 2.037118 | D9: 75.79543 | E9: 1.418661 | F9: 0.6964059 | G9: 0 | H9: 0 | I9: TargetAnchor8

Sheet BenjaCarrasco
A1: AttemptID | B1: SegmentId | C1: TotalDuration_s | D1: AverageAngle_deg | E1: TimeLookingAway_s | F1: PercentTimeLookingAway | G1: ReorientationCount | H1: EndedInDeath | I1: TargetPlatform
A2: 6 | B2: JetpackSegment_27 | C2: 1.145066 | D2: 29.0175 | E2: 0.5612065 | F2: 0.4901082 | G2: 0 | H2: 0 | I2: TargetAnchor1
A3: 6 | B3: JetpackSegment_28 | C3: 1.475886 | D3: 39.69421 | E3: 0.916091 | F3: 0.6207057 | G3: 0 | H3: 0 | I3: TargetAnchor2
A4: 6 | B4: JetpackSegment_29 | C4: 1.141662 | D4: 30.12482 | E4: 0.5173087 | F4: 0.4531188 | G4: 0 | H4: 0 | I4: TargetAnchor3
A5: 6 | B5: JetpackSegment_30 | C5: 2.44975 | D5: 56.47467 | E5: 1.802208 | F5: 0.73567 | G5: 0 | H5: 1 | I5: TargetAnchor4
A6: 7 | B6: JetpackSegment_31 | C6: 1.5917 | D6: 34.96486 | E6: 0.9041092 | F6: 0.568015 | G6: 0 | H6: 0 | I6: TargetAnchor1
A7: 7 | B7: JetpackSegment_32 | C7: 0.8688743 | D7: 25.5302 | E7: 0.2572773 | F7: 0.2961042 | G7: 0 | H7: 0 | I7: TargetAnchor2
A8: 7 | B8: JetpackSegment_33 | C8: 1.025192 | D8: 38.41597 | E8: 0.6963714 | F8: 0.6792592 | G8: 0 | H8: 0 | I8: TargetAnchor3
A9: 7 | B9: JetpackSegment_34 | C9: 1.593589 | D9: 35.37707 | E9: 1.03648 | F9: 0.6504063 | G9: 0 | H9: 0 | I9: TargetAnchor4
A10: 7 | B10: JetpackSegment_35 | C10: 1.455038 | D10: 30.86498 | E10: 0.8178166 | F10: 0.5620585 | G10: 0 | H10: 0 | I10: TargetAnchor5
A11: 7 | B11: JetpackSegment_36 | C11: 1.50893 | D11: 35.42895 | E11: 0.9193335 | F11: 0.6092619 | G11: 0 | H11: 0 | I11: TargetAnchor6
A12: 7 | B12: JetpackSegment_37 | C12: 1.590115 | D12: 46.37529 | E12: 1.157663 | F12: 0.7280374 | G12: 0 | H12: 0 | I12: TargetAnchor7
A13: 7 | B13: JetpackSegment_38 | C13: 1.479761 | D13: 79.27034 | E13: 1.479761 | F13: 1 | G13: 0 | H13: 0 | I13: TargetAnchor8

Sheet CamilaCarrascoBaier
A1: AttemptID | B1: SegmentId | C1: TotalDuration_s | D1: AverageAngle_deg | E1: TimeLookingAway_s | F1: PercentTimeLookingAway | G1: ReorientationCount | H1: EndedInDeath | I1: TargetPlatform
A2: 8 | B2: JetpackSegment_25 | C2: 1.116259 | D2: 18.08292 | E2: 0.2278537 | F2: 0.2041225 | G2: 0 | H2: 0 | I2: TargetAnchor1
A3: 8 | B3: JetpackSegment_26 | C3: 1.476774 | D3: 31.72499 | E3: 0.6391793 | F3: 0.4328215 | G3: 0 | H3: 0 | I3: TargetAnchor2
A4: 8 | B4: JetpackSegment_27 | C4: 2.715775 | D4: 56.52604 | E4: 1.427598 | F4: 0.5256687 | G4: 0 | H4: 1 | I4: TargetAnchor3
A5: 9 | B5: JetpackSegment_28 | C5: 1.343527 | D5: 29.79132 | E5: 0.4326061 | F5: 0.3219928 | G5: 0 | H5: 0 | I5: TargetAnchor1
A6: 9 | B6: JetpackSegment_29 | C6: 1.634246 | D6: 28.4378 | E6: 0.4015956 | F6: 0.2457375 | G6: 0 | H6: 1 | I6: TargetAnchor2
A7: 10 | B7: JetpackSegment_30 | C7: 1.099843 | D7: 14.4378 | E7: 0.09978311 | F7: 0.09072484 | G7: 0 | H7: 0 | I7: TargetAnchor1
A8: 10 | B8: JetpackSegment_31 | C8: 1.165377 | D8: 20.00159 | E8: 0.3421537 | F8: 0.2935992 | G8: 0 | H8: 0 | I8: TargetAnchor2
A9: 10 | B9: JetpackSegment_32 | C9: 1.716802 | D9: 56.44999 | E9: 1.054 | F9: 0.6139324 | G9: 0 | H9: 1 | I9: TargetAnchor3
A10: 11 | B10: JetpackSegment_33 | C10: 1.115701 | D10: 22.34888 | E10: 0.25975 | F10: 0.2328132 | G10: 0 | H10: 0 | I10: TargetAnchor1
A11: 11 | B11: JetpackSegment_34 | C11: 1.681374 | D11: 27.4453 | E11: 0.5719826 | F11: 0.3401877 | G11: 0 | H11: 0 | I11: TargetAnchor2
A12: 11 | B12: JetpackSegment_35 | C12: 1.269129 | D12: 15.06921 | E12: 0 | F12: 0 | G12: 0 | H12: 0 | I12: TargetAnchor3
A13: 11 | B13: JetpackSegment_36 | C13: 0.777494 | D13: 38.46574 | E13: 0.777494 | F13: 1 | G13: 0 | H13: 0 | I13: TargetAnchor4
... A34: 15 | B34: JetpackSegment_57 | C34: 2.293518 | D34: 100.6861 | E34: 2.293518 | F34: 1 | G34: 0 | H34: 0 | I34: TargetAnchor8

Sheet CataAguilar
A1: AttemptID | B1: SegmentId | C1: TotalDuration_s | D1: AverageAngle_deg | E1: TimeLookingAway_s | F1: PercentTimeLookingAway | G1: ReorientationCount | H1: EndedInDeath | I1: TargetPlatform
A2: 22 | B2: JetpackSegment_64 | C2: 1.217642 | D2: 26.19255 | E2: 0.2893313 | F2: 0.2376161 | G2: 0 | H2: 1 | I2: TargetAnchor1
A3: 23 | B3: JetpackSegment_65 | C3: 1.003138 | D3: 46.26139 | E3: 1.003138 | F3: 1 | G3: 0 | H3: 0 | I3: TargetAnchor1
A4: 23 | B4: JetpackSegment_66 | C4: 1.223033 | D4: 23.54798 | E4: 0.3538937 | F4: 0.2893574 | G4: 0 | H4: 0 | I4: TargetAnchor2
A5: 23 | B5: JetpackSegment_67 | C5: 1.781157 | D5: 41.47798 | E5: 1.65258 | F5: 0.9278131 | G5: 0 | H5: 1 | I5: TargetAnchor3
A6: 25 | B6: JetpackSegment_69 | C6: 0.9327995 | D6: 30.6262 | E6: 0.5859675 | F6: 0.6281816 | G6: 0 | H6: 1 | I6: TargetAnchor1
A7: 25 | B7: JetpackSegment_70 | C7: 0.8217124 | D7: 25.67625 | E7: 0.3101837 | F7: 0.3774845 | G7: 0 | H7: 0 | I7: TargetAnchor2
A8: 25 | B8: JetpackSegment_71 | C8: 1.146116 | D8: 40.70988 | E8: 1.048045 | F8: 0.914432 | G8: 0 | H8: 0 | I8: TargetAnchor3
A9: 26 | B9: JetpackSegment_73 | C9: 1.29928 | D9: 29.17172 | E9: 0.5608238 | F9: 0.4316419 | G9: 0 | H9: 1 | I9: TargetAnchor1
A10: 27 | B10: JetpackSegment_74 | C10: 1.423467 | D10: 32.65302 | E10: 0.7400264 | F10: 0.5198761 | G10: 0 | H10: 1 | I10: TargetAnchor1
A11: 28 | B11: JetpackSegment_75 | C11: 1.632855 | D11: 54.8017 | E11: 1.124985 | F11: 0.6889678 | G11: 0 | H11: 0 | I11: TargetAnchor1
A12: 28 | B12: JetpackSegment_76 | C12: 0.8610528 | D12: 13.18481 | E12: 0 | F12: 0 | G12: 0 | H12: 0 | I12: TargetAnchor2
A13: 28 | B13: JetpackSegment_77 | C13: 1.194422 | D13: 32.89865 | E13: 0.8203349 | F13: 0.6868052 | G13: 0 | H13: 0 | I13: TargetAnchor3
... A52: 38 | B52: JetpackSegment_117 | C52: 1.874041 | D52: 75.70287 | E52: 1.333197 | F52: 0.7114025 | G52: 0 | H52: 0 | I52: TargetAnchor8

Sheet DiegoContreras
A1: AttemptID | B1: SegmentId | C1: TotalDuration_s | D1: AverageAngle_deg | E1: TimeLookingAway_s | F1: PercentTimeLookingAway | G1: ReorientationCount | H1: EndedInDeath | I1: TargetPlatform
A2: 8 | B2: JetpackSegment_23 | C2: 1.343988 | D2: 40.86718 | E2: 0.8319242 | F2: 0.6189969 | G2: 0 | H2: 0 | I2: TargetAnchor1
A3: 8 | B3: JetpackSegment_24 | C3: 2.2475 | D3: 83.66524 | E3: 1.865604 | F3: 0.8300799 | G3: 0 | H3: 1 | I3: TargetAnchor2
A4: 9 | B4: JetpackSegment_25 | C4: 1.357274 | D4: 52.28814 | E4: 1.020935 | F4: 0.7521952 | G4: 0 | H4: 0 | I4: TargetAnchor1
A5: 9 | B5: JetpackSegment_26 | C5: 1.884214 | D5: 56.06268 | E5: 1.373829 | F5: 0.7291257 | G5: 0 | H5: 0 | I5: TargetAnchor2
A6: 9 | B6: JetpackSegment_27 | C6: 1.190298 | D6: 17.40217 | E6: 0.100281 | F6: 0.08424868 | G6: 0 | H6: 0 | I6: TargetAnchor3
A7: 9 | B7: JetpackSegment_28 | C7: 1.969426 | D7: 24.0262 | E7: 0.7084936 | F7: 0.3597462 | G7: 0 | H7: 0 | I7: TargetAnchor4
A8: 9 | B8: JetpackSegment_29 | C8: 1.940055 | D8: 39.51477 | E8: 1.32763 | F8: 0.684326 | G8: 0 | H8: 0 | I8: TargetAnchor5
A9: 9 | B9: JetpackSegment_30 | C9: 1.978175 | D9: 46.03128 | E9: 1.473798 | F9: 0.7450294 | G9: 0 | H9: 0 | I9: TargetAnchor6
A10: 9 | B10: JetpackSegment_31 | C10: 1.873399 | D10: 31.123 | E10: 0.4476418 | F10: 0.2389464 | G10: 0 | H10: 0 | I10: TargetAnchor7
A11: 9 | B11: JetpackSegment_32 | C11: 1.484444 | D11: 60.07986 | E11: 1.171052 | F11: 0.7888829 | G11: 0 | H11: 0 | I11: TargetAnchor8

Sheet FranPerez
A1: AttemptID | B1: SegmentId | C1: TotalDuration_s | D1: AverageAngle_deg | E1: TimeLookingAway_s | F1: PercentTimeLookingAway | G1: ReorientationCount | H1: EndedInDeath | I1: TargetPlatform
A2: 10 | B2: JetpackSegment_56 | C2: 1.321775 | D2: 39.82246 | E2: 0.6198165 | F2: 0.4689275 | G2: 0 | H2: 0 | I2: TargetAnchor1
A3: 10 | B3: JetpackSegment_57 | C3: 1.456395 | D3: 43.22823 | E3: 0.9967216 | F3: 0.6843761 | G3: 0 | H3: 0 | I3: TargetAnchor2
A4: 10 | B4: JetpackSegment_58 | C4: 1.210815 | D4: 13.61625 | E4: 0 | F4: 0 | G4: 0 | H4: 0 | I4: TargetAnchor3
A5: 10 | B5: JetpackSegment_59 | C5: 1.565221 | D5: 11.0845 | E5: 0 | F5: 0 | G5: 0 | H5: 0 | I5: TargetAnchor4
A6: 10 | B6: JetpackSegment_60 | C6: 1.728793 | D6: 27.44887 | E6: 0.5486585 | F6: 0.3173651 | G6: 0 | H6: 0 | I6: TargetAnchor5
A7: 10 | B7: JetpackSegment_61 | C7: 1.68739 | D7: 16.95908 | E7: 0.5271837 | F7: 0.3124255 | G7: 0 | H7: 0 | I7: TargetAnchor6
A8: 10 | B8: JetpackSegment_62 | C8: 1.579671 | D8: 15.85514 | E8: 0.2311801 | F8: 0.146347 | G8: 0 | H8: 0 | I8: TargetAnchor7
A9: 10 | B9: JetpackSegment_63 | C9: 1.916775 | D9: 63.73117 | E9: 1.916775 | F9: 1 | G9: 0 | H9: 0 | I9: TargetAnchor8

Sheet JoaquinAguilar
A1: AttemptID | B1: SegmentId | C1: TotalDuration_s | D1: AverageAngle_deg | E1: TimeLookingAway_s | F1: PercentTimeLookingAway | G1: ReorientationCount | H1: EndedInDeath | I1: TargetPlatform
A2: 12 | B2: JetpackSegment_38 | C2: 1.416001 | D2: 40.23479 | E2: 0.6906384 | F2: 0.4877388 | G2: 0 | H2: 0 | I2: TargetAnchor1
A3: 12 | B3: JetpackSegment_39 | C3: 0.7832494 | D3: 27.53026 | E3: 0.35981 | F3: 0.4593811 | G3: 0 | H3: 0 | I3: TargetAnchor2
A4: 12 | B4: JetpackSegment_40 | C4: 0.8758548 | D4: 22.45053 | E4: 0.1763668 | F4: 0.2013653 | G4: 0 | H4: 0 | I4: TargetAnchor3
A5: 12 | B5: JetpackSegment_41 | C5: 0.9855475 | D5: 33.60109 | E5: 0.7069807 | F5: 0.7173482 | G5: 0 | H5: 0 | I5: TargetAnchor4
A6: 12 | B6: JetpackSegment_42 | C6: 1.330586 | D6: 37.81254 | E6: 0.8450024 | F6: 0.6350604 | G6: 0 | H6: 0 | I6: TargetAnchor5
A7: 12 | B7: JetpackSegment_43 | C7: 1.835331 | D7: 35.2054 | E7: 1.07248 | F7: 0.5843525 | G7: 0 | H7: 0 | I7: TargetAnchor6
A8: 12 | B8: JetpackSegment_44 | C8: 2.541776 | D8: 21.25562 | E8: 0.6683107 | F8: 0.2629306 | G8: 0 | H8: 0 | I8: TargetAnchor7
A9: 13 | B9: JetpackSegment_49 | C9: 1.683554 | D9: 32.42584 | E9: 0.8636558 | F9: 0.5129956 | G9: 0 | H9: 0 | I9: TargetAnchor1
A10: 13 | B10: JetpackSegment_50 | C10: 0.7488801 | D10: 35.13388 | E10: 0.4017045 | F10: 0.5364069 | G10: 0 | H10: 0 | I10: TargetAnchor2
A11: 13 | B11: JetpackSegment_51 | C11: 1.894747 | D11: 49.58167 | E11: 0.8876008 | F11: 0.4684535 | G11: 0 | H11: 0 | I11: TargetAnchor3
A12: 13 | B12: JetpackSegment_52 | C12: 0.6041479 | D12: 63.47974 | E12: 0.6041479 | F12: 1 | G12: 0 | H12: 1 | I12: TargetAnchor4
A13: 14 | B13: JetpackSegment_53 | C13: 2.591548 | D13: 33.68594 | E13: 1.082394 | F13: 0.4176629 | G13: 0 | H13: 1 | I13: TargetAnchor1
... A21: 15 | B21: JetpackSegment_61 | C21: 2.266901 | D21: 98.91949 | E21: 2.266901 | F21: 1 | G21: 0 | H21: 0 | I21: TargetAnchor8

Sheet LourdesArtigas
A1: AttemptID | B1: SegmentId | C1: TotalDuration_s | D1: AverageAngle_deg | E1: TimeLookingAway_s | F1: PercentTimeLookingAway | G1: ReorientationCount | H1: EndedInDeath | I1: TargetPlatform
A2: 7 | B2: JetpackSegment_23 | C2: 1.805907 | D2: 36.65567 | E2: 1.315674 | F2: 0.7285395 | G2: 0 | H2: 1 | I2: TargetAnchor1
A3: 8 | B3: JetpackSegment_24 | C3: 1.471677 | D3: 22.93515 | E3: 0.3966297 | F3: 0.2695087 | G3: 0 | H3: 0 | I3: TargetAnchor1
A4: 8 | B4: JetpackSegment_25 | C4: 1.108758 | D4: 22.31112 | E4: 0 | F4: 0 | G4: 0 | H4: 0 | I4: TargetAnchor2
A5: 8 | B5: JetpackSegment_26 | C5: 1.616092 | D5: 31.30719 | E5: 0.6651338 | F5: 0.4115692 | G5: 0 | H5: 0 | I5: TargetAnchor3
A6: 8 | B6: JetpackSegment_27 | C6: 1.552138 | D6: 9.852679 | E6: 0 | F6: 0 | G6: 0 | H6: 0 | I6: TargetAnchor4
A7: 8 | B7: JetpackSegment_28 | C7: 0.232589 | D7: 29.92887 | E7: 0.1181683 | F7: 0.5080563 | G7: 0 | H7: 1 | I7: TargetAnchor5
A8: 9 | B8: JetpackSegment_29 | C8: 1.39127 | D8: 22.84759 | E8: 0.3362298 | F8: 0.2416712 | G8: 0 | H8: 0 | I8: TargetAnchor1
A9: 9 | B9: JetpackSegment_30 | C9: 1.51105 | D9: 28.03988 | E9: 0.4780765 | F9: 0.3163869 | G9: 0 | H9: 0 | I9: TargetAnchor2
A10: 9 | B10: JetpackSegment_31 | C10: 1.646298 | D10: 34.7378 | E10: 0.8556035 | F10: 0.5197136 | G10: 0 | H10: 1 | I10: TargetAnchor3
A11: 10 | B11: JetpackSegment_32 | C11: 1.398294 | D11: 19.39837 | E11: 0.3633445 | F11: 0.2598485 | G11: 0 | H11: 0 | I11: TargetAnchor1
A12: 10 | B12: JetpackSegment_33 | C12: 1.257297 | D12: 20.4276 | E12: 0.046735 | F12: 0.03717101 | G12: 0 | H12: 0 | I12: TargetAnchor2
A13: 10 | B13: JetpackSegment_34 | C13: 1.778768 | D13: 37.22781 | E13: 0.7182196 | F13: 0.4037737 | G13: 0 | H13: 1 | I13: TargetAnchor3
... A36: 18 | B36: JetpackSegment_60 | C36: 2.208259 | D36: 73.47993 | E36: 1.470289 | F36: 0.6658137 | G36: 0 | H36: 0 | I36: TargetAnchor8

Sheet Pantrucas
A1: AttemptID | B1: SegmentId | C1: TotalDuration_s | D1: AverageAngle_deg | E1: TimeLookingAway_s | F1: PercentTimeLookingAway | G1: ReorientationCount | H1: EndedInDeath | I1: TargetPlatform
A2: 10 | B2: JetpackSegment_40 | C2: 0.4129167 | D2: 30.19716 | E2: 0.2020885 | F2: 0.4894172 | G2: 0 | H2: 0 | I2: TargetAnchor1
A3: 10 | B3: JetpackSegment_41 | C3: 0.7686157 | D3: 23.00081 | E3: 0.1632538 | F3: 0.2123998 | G3: 0 | H3: 0 | I3: TargetAnchor2
A4: 10 | B4: JetpackSegment_42 | C4: 0.1786447 | D4: 67.05137 | E4: 0.1786447 | F4: 1 | G4: 0 | H4: 1 | I4: TargetAnchor2
A5: 11 | B5: JetpackSegment_43 | C5: 0.8336958 | D5: 57.28975 | E5: 0.569692 | F5: 0.6833331 | G5: 0 | H5: 0 | I5: TargetAnchor1
A6: 11 | B6: JetpackSegment_44 | C6: 0.7001154 | D6: 49.58961 | E6: 0.5156015 | F6: 0.7364522 | G6: 0 | H6: 0 | I6: TargetAnchor2
A7: 11 | B7: JetpackSegment_45 | C7: 0.3677067 | D7: 22.79173 | E7: 0 | F7: 0 | G7: 0 | H7: 0 | I7: TargetAnchor3
A8: 11 | B8: JetpackSegment_46 | C8: 0.7785243 | D8: 25.89805 | E8: 0.3406594 | F8: 0.4375707 | G8: 0 | H8: 0 | I8: TargetAnchor4
A9: 11 | B9: JetpackSegment_47 | C9: 0.712199 | D9: 33.58588 | E9: 0.3932161 | F9: 0.5521154 | G9: 0 | H9: 0 | I9: TargetAnchor5
A10: 11 | B10: JetpackSegment_48 | C10: 0.7921341 | D10: 32.55475 | E10: 0.4460486 | F10: 0.5630973 | G10: 0 | H10: 0 | I10: TargetAnchor6
A11: 11 | B11: JetpackSegment_49 | C11: 0.9226461 | D11: 34.25831 | E11: 0.5017118 | F11: 0.543775 | G11: 0 | H11: 0 | I11: TargetAnchor7
A12: 11 | B12: JetpackSegment_50 | C12: 1.574481 | D12: 98.85504 | E12: 1.574481 | F12: 1 | G12: 0 | H12: 0 | I12: TargetAnchor8

Sheet Sepumae
A1: AttemptID | B1: SegmentId | C1: TotalDuration_s | D1: AverageAngle_deg | E1: TimeLookingAway_s | F1: PercentTimeLookingAway | G1: ReorientationCount | H1: EndedInDeath | I1: TargetPlatform
A2: 3 | B2: JetpackSegment_14 | C2: 1.474719 | D2: 25.70963 | E2: 0.654853 | F2: 0.4440528 | G2: 0 | H2: 0 | I2: TargetAnchor1
A3: 3 | B3: JetpackSegment_15 | C3: 1.136974 | D3: 13.68062 | E3: 0 | F3: 0 | G3: 0 | H3: 0 | I3: TargetAnchor2
A4: 3 | B4: JetpackSegment_16 | C4: 1.133723 | D4: 15.64771 | E4: 0.1423765 | F4: 0.1255831 | G4: 0 | H4: 0 | I4: TargetAnchor3
A5: 3 | B5: JetpackSegment_17 | C5: 1.48319 | D5: 17.44866 | E5: 0 | F5: 0 | G5: 0 | H5: 0 | I5: TargetAnchor4
A6: 3 | B6: JetpackSegment_18 | C6: 1.882238 | D6: 26.5973 | E6: 0.5068599 | F6: 0.2692857 | G6: 0 | H6: 0 | I6: TargetAnchor5
A7: 3 | B7: JetpackSegment_19 | C7: 2.107349 | D7: 32.97905 | E7: 1.041317 | F7: 0.4941363 | G7: 0 | H7: 0 | I7: TargetAnchor6
A8: 3 | B8: JetpackSegment_20 | C8: 1.578618 | D8: 11.21944 | E8: 0 | F8: 0 | G8: 0 | H8: 0 | I8: TargetAnchor7
A9: 3 | B9: JetpackSegment_21 | C9: 1.915921 | D9: 75.14381 | E9: 1.915921 | F9: 1 | G9: 0 | H9: 0 | I9: TargetAnchor8

Sheet VicenteFigueroa
A1: AttemptID | B1: SegmentId | C1: TotalDuration_s | D1: AverageAngle_deg | E1: TimeLookingAway_s | F1: PercentTimeLookingAway | G1: ReorientationCount | H1: EndedInDeath | I1: TargetPlatform
A2: 5 | B2: JetpackSegment_22 | C2: 0.8738006 | D2: 26.36712 | E2: 0.3885444 | F2: 0.4446602 | G2: 0 | H2: 0 | I2: TargetAnchor1
A3: 5 | B3: JetpackSegment_23 | C3: 1.067107 | D3: 40.01033 | E3: 0.7041316 | F3: 0.6598511 | G3: 0 | H3: 0 | I3: TargetAnchor2
A4: 5 | B4: JetpackSegment_24 | C4: 1.16364 | D4: 30.61289 | E4: 0.594891 | F4: 0.5112328 | G4: 0 | H4: 0 | I4: TargetAnchor3
A5: 5 | B5: JetpackSegment_25 | C5: 1.479468 | D5: 22.18548 | E5: 0.2925237 | F5: 0.1977222 | G5: 0 | H5: 0 | I5: TargetAnchor4
A6: 5 | B6: JetpackSegment_26 | C6: 1.42445 | D6: 26.95476 | E6: 0.6232845 | F6: 0.4375615 | G6: 0 | H6: 0 | I6: TargetAnchor5
A7: 5 | B7: JetpackSegment_27 | C7: 1.327219 | D7: 25.49847 | E7: 0.5309229 | F7: 0.4000268 | G7: 0 | H7: 0 | I7: TargetAnchor6
A8: 5 | B8: JetpackSegment_28 | C8: 1.650321 | D8: 14.87343 | E8: 0.2286799 | F8: 0.1385669 | G8: 0 | H8: 0 | I8: TargetAnchor7
A9: 5 | B9: JetpackSegment_29 | C9: 2.005406 | D9: 110.5294 | E9: 2.005406 | F9: 1 | G9: 0 | H9: 0 | I9: TargetAnchor8

Sheet VicenteHernandez
A1: AttemptID | B1: SegmentId | C1: TotalDuration_s | D1: AverageAngle_deg | E1: TimeLookingAway_s | F1: PercentTimeLookingAway | G1: ReorientationCount | H1: EndedInDeath | I1: TargetPlatform
A2: 8 | B2: JetpackSegment_21 | C2: 0.8063729 | D2: 20.86013 | E2: 0.236801 | F2: 0.2936619 | G2: 0 | H2: 0 | I2: TargetAnchor1
A3: 8 | B3: JetpackSegment_22 | C3: 1.42792 | D3: 48.54085 | E3: 1.104511 | F3: 0.7735109 | G3: 0 | H3: 0 | I3: TargetAnchor2
A4: 8 | B4: JetpackSegment_23 | C4: 1.960511 | D4: 38.75284 | E4: 1.294476 | F4: 0.660275 | G4: 0 | H4: 1 | I4: TargetAnchor3
A5: 9 | B5: JetpackSegment_24 | C5: 1.098933 | D5: 27.76866 | E5: 0.5334506 | F5: 0.4854259 | G5: 0 | H5: 0 | I5: TargetAnchor1
A6: 9 | B6: JetpackSegment_25 | C6: 2.182908 | D6: 56.6179 | E6: 1.615345 | F6: 0.7399967 | G6: 0 | H6: 1 | I6: TargetAnchor2
A7: 10 | B7: JetpackSegment_26 | C7: 1.819601 | D7: 40.967 | E7: 1.192966 | F7: 0.6556196 | G7: 0 | H7: 0 | I7: TargetAnchor1
A8: 10 | B8: JetpackSegment_27 | C8: 1.585778 | D8: 45.64928 | E8: 0.76612 | F8: 0.4831194 | G8: 0 | H8: 0 | I8: TargetAnchor2
A9: 10 | B9: JetpackSegment_28 | C9: 1.065531 | D9: 22.10887 | E9: 0.2266256 | F9: 0.212688 | G9: 0 | H9: 0 | I9: TargetAnchor3
A10: 10 | B10: JetpackSegment_29 | C10: 2.691544 | D10: 12.72284 | E10: 0 | F10: 0 | G10: 0 | H10: 1 | I10: TargetAnchor4
A11: 11 | B11: JetpackSegment_30 | C11: 1.58818 | D11: 43.151 | E11: 1.176418 | F11: 0.7407333 | G11: 0 | H11: 0 | I11: TargetAnchor1
A12: 11 | B12: JetpackSegment_31 | C12: 1.877834 | D12: 53.89465 | E12: 1.368832 | F12: 0.7289417 | G12: 0 | H12: 0 | I12: TargetAnchor2
A13: 11 | B13: JetpackSegment_32 | C13: 1.520943 | D13: 38.34552 | E13: 1.151608 | F13: 0.7571673 | G13: 0 | H13: 0 | I13: TargetAnchor3
... A23: 12 | B23: JetpackSegment_42 | C23: 2.115282 | D23: 95.44385 | E23: 2.115282 | F23: 1 | G23: 0 | H23: 0 | I23: TargetAnchor8

Sheet VicenteLineros
A1: AttemptID | B1: SegmentId | C1: TotalDuration_s | D1: AverageAngle_deg | E1: TimeLookingAway_s | F1: PercentTimeLookingAway | G1: ReorientationCount | H1: EndedInDeath | I1: TargetPlatform
A2: 7 | B2: JetpackSegment_23 | C2: 1.142552 | D2: 28.55252 | E2: 0.4740358 | F2: 0.4148921 | G2: 0 | H2: 0 | I2: TargetAnchor1
A3: 7 | B3: JetpackSegment_24 | C3: 1.536595 | D3: 41.65071 | E3: 0.9801636 | F3: 0.63788 | G3: 0 | H3: 0 | I3: TargetAnchor2
A4: 7 | B4: JetpackSegment_25 | C4: 1.29132 | D4: 39.78495 | E4: 0.9218355 | F4: 0.7138707 | G4: 0 | H4: 0 | I4: TargetAnchor3
A5: 7 | B5: JetpackSegment_26 | C5: 1.906701 | D5: 32.80827 | E5: 0.9771538 | F5: 0.5124839 | G5: 0 | H5: 0 | I5: TargetAnchor4
A6: 7 | B6: JetpackSegment_27 | C6: 2.033011 | D6: 37.88918 | E6: 1.248255 | F6: 0.6139933 | G6: 0 | H6: 0 | I6: TargetAnchor5
A7: 7 | B7: JetpackSegment_28 | C7: 2.738691 | D7: 45.42035 | E7: 2.271844 | F7: 0.8295366 | G7: 0 | H7: 0 | I7: TargetAnchor6
A8: 7 | B8: JetpackSegment_29 | C8: 2.243126 | D8: 28.62078 | E8: 0.8973762 | F8: 0.4000562 | G8: 0 | H8: 0 | I8: TargetAnchor7
A9: 7 | B9: JetpackSegment_30 | C9: 2.094583 | D9: 77.77382 | E9: 2.094583 | F9: 1 | G9: 0 | H9: 0 | I9: TargetAnchor8

Sheet yoelchupa
A1: AttemptID | B1: SegmentId | C1: TotalDuration_s | D1: AverageAngle_deg | E1: TimeLookingAway_s | F1: PercentTimeLookingAway | G1: ReorientationCount | H1: EndedInDeath | I1: TargetPlatform
A2: 3 | B2: JetpackSegment_19 | C2: 0.9488631 | D2: 18.28903 | E2: 0.2408571 | F2: 0.2538376 | G2: 0 | H2: 0 | I2: TargetAnchor1
A3: 3 | B3: JetpackSegment_20 | C3: 1.419871 | D3: 29.50466 | E3: 0.5299599 | F3: 0.373245 | G3: 0 | H3: 0 | I3: TargetAnchor2
A4: 3 | B4: JetpackSegment_21 | C4: 1.025992 | D4: 19.41324 | E4: 0.2830053 | F4: 0.2758357 | G4: 0 | H4: 0 | I4: TargetAnchor3
A5: 3 | B5: JetpackSegment_22 | C5: 1.955034 | D5: 19.45429 | E5: 0.4695293 | F5: 0.2401643 | G5: 0 | H5: 0 | I5: TargetAnchor4
A6: 3 | B6: JetpackSegment_23 | C6: 1.654979 | D6: 18.00519 | E6: 0.3474837 | F6: 0.2099626 | G6: 0 | H6: 0 | I6: TargetAnchor5
A7: 3 | B7: JetpackSegment_24 | C7: 1.874843 | D7: 17.5249 | E7: 0.3744953 | F7: 0.1997476 | G7: 0 | H7: 0 | I7: TargetAnchor6
A8: 3 | B8: JetpackSegment_25 | C8: 1.903561 | D8: 16.603 | E8: 0.3683822 | F8: 0.1935227 | G8: 0 | H8: 0 | I8: TargetAnchor7
A9: 3 | B9: JetpackSegment_26 | C9: 1.706517 | D9: 54.81153 | E9: 1.557789 | F9: 0.9128475 | G9: 0 | H9: 0 | I9: TargetAnchor8

Sheet Thresholds
A1: Jugador | B1: TotalDuration_s | C1: AverageAngle_deg | D1: TimeLookingAway_s | E1: PercentTimeLookingAway | F1: ReorientationCount | G1: EndedInDeath | H1: AbandonoPilar
A2: Jug1 | B2: =AVERAGE(AlexVargas!C:C) -> 1.5397095 | C2: =AVERAGE(AlexVargas!D:D) -> 38.043994 | D2: =AVERAGE(AlexVargas!E:E) -> 0.99541784 | E2: =AVERAGE(AlexVargas!F:F) -> 0.65791047 | F2: =AVERAGE(AlexVargas!G:G) -> 0 | G2: =AVERAGE(AlexVargas!H:H) -> 0 | H2: 0
A3: Jug2 | B3: =AVERAGE(AntoFlores!C:C) -> 1.5893745 | C3: =AVERAGE(AntoFlores!D:D) -> 32.509591 | D3: =AVERAGE(AntoFlores!E:E) -> 0.66532539 | E3: =AVERAGE(AntoFlores!F:F) -> 0.38642675 | F3: =AVERAGE(AntoFlores!G:G) -> 0 | G3: =AVERAGE(AntoFlores!H:H) -> 0 | H3: 0
A4: Jug3 | B4: =AVERAGE(BenjaCarrasco!C:C) -> 1.4437969 | C4: =AVERAGE(BenjaCarrasco!D:D) -> 40.128238 | D4: =AVERAGE(BenjaCarrasco!E:E) -> 0.92213552 | E4: =AVERAGE(BenjaCarrasco!F:F) -> 0.6160621 | F4: =AVERAGE(BenjaCarrasco!G:G) -> 0 | G4: =AVERAGE(BenjaCarrasco!H:H) -> 0.083333333 | H4: 0
A5: Jug4 | B5: =AVERAGE(CamilaCarrascoBaier!C:C) -> 1.5677033 | C5: =AVERAGE(CamilaCarrascoBaier!D:D) -> 31.952885 | D5: =AVERAGE(CamilaCarrascoBaier!E:E) -> 0.61446208 | E5: =AVERAGE(CamilaCarrascoBaier!F:F) -> 0.36318548 | F5: =AVERAGE(CamilaCarrascoBaier!G:G) -> 0 | G5: =AVERAGE(CamilaCarrascoBaier!H:H) -> 0.21212121 | H5: 0
A6: Jug5 | B6: =AVERAGE(CataAguilar!C:C) -> 1.4479122 | C6: =AVERAGE(CataAguilar!D:D) -> 43.31733 | D6: =AVERAGE(CataAguilar!E:E) -> 1.0785797 | E6: =AVERAGE(CataAguilar!F:F) -> 0.72279442 | F6: =AVERAGE(CataAguilar!G:G) -> 0 | G6: =AVERAGE(CataAguilar!H:H) -> 0.29411765 | H6: 0
A7: Jug6 | B7: =AVERAGE(DiegoContreras!C:C) -> 1.7268773 | C7: =AVERAGE(DiegoContreras!D:D) -> 45.106052 | D7: =AVERAGE(DiegoContreras!E:E) -> 1.0321189 | E7: =AVERAGE(DiegoContreras!F:F) -> 0.58315773 | F7: =AVERAGE(DiegoContreras!G:G) -> 0 | G7: =AVERAGE(DiegoContreras!H:H) -> 0.1 | H7: 0
A8: Jug7 | B8: =AVERAGE(FranPerez!C:C) -> 1.5583544 | C8: =AVERAGE(FranPerez!D:D) -> 28.968212 | D8: =AVERAGE(FranPerez!E:E) -> 0.60504193 | E8: =AVERAGE(FranPerez!F:F) -> 0.36618015 | F8: =AVERAGE(FranPerez!G:G) -> 0 | G8: =AVERAGE(FranPerez!H:H) -> 0 | H8: 0
A9: Jug8 | B9: =AVERAGE(JoaquinAguilar!C:C) -> 1.4091102 | C9: =AVERAGE(JoaquinAguilar!D:D) -> 32.508608 | D9: =AVERAGE(JoaquinAguilar!E:E) -> 0.61260586 | E9: =AVERAGE(JoaquinAguilar!F:F) -> 0.41224022 | F9: =AVERAGE(JoaquinAguilar!G:G) -> 0 | G9: =AVERAGE(JoaquinAguilar!H:H) -> 0.1 | H9: 0
A10: Jug9 | B10: =AVERAGE(LourdesArtigas!C:C) -> 1.6737905 | C10: =AVERAGE(LourdesArtigas!D:D) -> 30.591413 | D10: =AVERAGE(LourdesArtigas!E:E) -> 0.65768963 | E10: =AVERAGE(LourdesArtigas!F:F) -> 0.36079302 | F10: =AVERAGE(LourdesArtigas!G:G) -> 0 | G10: =AVERAGE(LourdesArtigas!H:H) -> 0.31428571 | H10: 0
A11: Jug10 | B11: =AVERAGE(Pantrucas!C:C) -> 0.73106177 | C11: =AVERAGE(Pantrucas!D:D) -> 43.188405 | D11: =AVERAGE(Pantrucas!E:E) -> 0.44412704 | E11: =AVERAGE(Pantrucas!F:F) -> 0.56528734 | F11: =AVERAGE(Pantrucas!G:G) -> 0 | G11: =AVERAGE(Pantrucas!H:H) -> 0.090909091 | H11: 0
A12: Jug11 | B12: =AVERAGE(Sepumae!C:C) -> 1.5890915 | C12: =AVERAGE(Sepumae!D:D) -> 27.303278 | D12: =AVERAGE(Sepumae!E:E) -> 0.53266592 | E12: =AVERAGE(Sepumae!F:F) -> 0.29163224 | F12: =AVERAGE(Sepumae!G:G) -> 0 | G12: =AVERAGE(Sepumae!H:H) -> 0 | H12: 0
A13: Jug12 | B13: =AVERAGE(VicenteFigueroa!C:C) -> 1.3739264 | C13: =AVERAGE(VicenteFigueroa!D:D) -> 37.128985 | D13: =AVERAGE(VicenteFigueroa!E:E) -> 0.671048 | E13: =AVERAGE(VicenteFigueroa!F:F) -> 0.47370269 | F13: =AVERAGE(VicenteFigueroa!G:G) -> 0 | G13: =AVERAGE(VicenteFigueroa!H:H) -> 0 | H13: 0
A14: Jug13 | B14: =AVERAGE(VicenteHernandez!C:C) -> 1.5537498 | C14: =AVERAGE(VicenteHernandez!D:D) -> 37.448168 | D14: =AVERAGE(VicenteHernandez!E:E) -> 0.91453414 | E14: =AVERAGE(VicenteHernandez!F:F) -> 0.56078816 | F14: =AVERAGE(VicenteHernandez!G:G) -> 0 | G14: =AVERAGE(VicenteHernandez!H:H) -> 0.18181818 | H14: 0
A15: Jug14 | B15: =AVERAGE(VicenteLineros!C:C) -> 1.8733224 | C15: =AVERAGE(VicenteLineros!D:D) -> 41.562573 | D15: =AVERAGE(VicenteLineros!E:E) -> 1.2331559 | E15: =AVERAGE(VicenteLineros!F:F) -> 0.6403391 | F15: =AVERAGE(VicenteLineros!G:G) -> 0 | G15: =AVERAGE(VicenteLineros!H:H) -> 0 | H15: 0
A16: Jug15 | B16: =AVERAGE(yoelchupa!C:C) -> 1.5612075 | C16: =AVERAGE(yoelchupa!D:D) -> 24.20073 | D16: =AVERAGE(yoelchupa!E:E) -> 0.52143772 | E16: =AVERAGE(yoelchupa!F:F) -> 0.33239537 | F16: =AVERAGE(yoelchupa!G:G) -> 0 | G16: =AVERAGE(yoelchupa!H:H) -> 0 | H16: 0
A18: Percentil50 (comun) | B18: =_xlfn.PERCENTILE.EXC(B2:B16,0.5) -> 1.5583544 | C18: =_xlfn.PERCENTILE.EXC(C2:C16,0.5) -> 37.128985 | D18: =_xlfn.PERCENTILE.EXC(D2:D16,0.5) -> 0.66532539 | E18: =_xlfn.PERCENTILE.EXC(E2:E16,0.5) -> 0.47370269 | F18: =_xlfn.PERCENTILE.EXC(F2:F16,0.5) -> 0 | G18: =_xlfn.PERCENTILE.EXC(G2:G16,0.5) -> 0.083333333
A19: Percentil75 (activacion) | B19: =_xlfn.PERCENTILE.EXC(B2:B16,0.75) -> 1.5893745 | C19: =_xlfn.PERCENTILE.EXC(C2:C16,0.75) -> 41.562573 | D19: =_xlfn.PERCENTILE.EXC(D2:D16,0.75) -> 0.99541784 | E19: =_xlfn.PERCENTILE.EXC(E2:E16,0.75) -> 0.6160621 | F19: =_xlfn.PERCENTILE.EXC(F2:F16,0.75) -> 0 | G19: =_xlfn.PERCENTILE.EXC(G2:G16,0.75) -> 0.18181818
A20: Percentil90 (critico) | B20: =_xlfn.PERCENTILE.EXC(B2:B16,0.9) -> 1.7854553 | C20: =_xlfn.PERCENTILE.EXC(C2:C16,0.9) -> 44.032819 | D20: =_xlfn.PERCENTILE.EXC(D2:D16,0.9) -> 1.1404102 | E20: =_xlfn.PERCENTILE.EXC(E2:E16,0.9) -> 0.68386405 | F20: =_xlfn.PERCENTILE.EXC(F2:F16,0.9) -> 0 | G20: =_xlfn.PERCENTILE.EXC(G2:G16,0.9) -> 0.30218487
