Workbook

Sheet AlexVargas
A1: AttemptID | B1: StartTime | C1: Duration | D1: Efficiency | E1: ZigZag_Average | F1: Curvature_Normalized | G1: MaxLateralOffset | H1: LandingError | I1: TotalDistance | J1: VerticalOscillation | K1: EndedInDeath | L1: TargetAnchorName
A2: 5 | B2: 271.1181 | C2: 1.109192 | D2: 1 | E2: 2.991158 | F2: 9.650102 | G2: 0.4037648 | H2: 0.550744 | I2: 13.32833 | J2: 7.1543 | K2: 0 | L2: TargetAnchor1
A3: 5 | B3: 274.7936 | C3: 1.350189 | D3: 1 | E3: 4.091953 | F3: 11.83334 | G3: 0.336526 | H3: 1.222057 | I3: 15.90674 | J3: 7.454029 | K3: 0 | L3: TargetAnchor2
A4: 5 | B4: 278.4771 | C4: 1.375824 | D4: 1 | E4: 2.755126 | F4: 8.153111 | G4: 0.408815 | H4: 0.3082411 | I4: 17.23409 | J4: 9.532919 | K4: 0 | L4: TargetAnchor3
A5: 5 | B5: 282.5152 | C5: 1.811615 | D5: 1 | E5: 2.92289 | F5: 7.214046 | G5: 0.4789846 | H5: 1.440025 | I5: 23.09449 | J5: 14.38636 | K5: 0 | L5: TargetAnchor4
A6: 5 | B6: 287.697 | C6: 1.545441 | D6: 1 | E6: 3.480418 | F6: 9.313696 | G6: 0.4191649 | H6: 0.3882406 | I6: 17.18965 | J6: 6.40557 | K6: 0 | L6: TargetAnchor5
A7: 5 | B7: 292.0114 | C7: 2.005188 | D7: 1 | E7: 2.184894 | F7: 6.487746 | G7: 0.5000904 | H7: 0.4938024 | I7: 25.59471 | J7: 16.05804 | K7: 0 | L7: TargetAnchor6
A8: 5 | B8: 297.6134 | C8: 1.661255 | D8: 1 | E8: 2.469836 | F8: 7.422134 | G8: 0.420603 | H8: 0.2610886 | I8: 20.63152 | J8: 11.4144 | K8: 0 | L8: TargetAnchor7
A9: 5 | B9: 302.8073 | C9: 1.426178 | D9: 0.9926934 | E9: 5.857187 | F9: 12.86735 | G9: 0.5348606 | H9: 7.103593 | I9: 14.56633 | J9: 8.968008 | K9: 0 | L9: TargetAnchor8

Sheet AntoFlores
A1: AttemptID | B1: StartTime | C1: Duration | D1: Efficiency | E1: ZigZag_Average | F1: Curvature_Normalized | G1: MaxLateralOffset | H1: LandingError | I1: TotalDistance | J1: VerticalOscillation | K1: EndedInDeath | L1: TargetAnchorName
A2: 10 | B2: 505.7989 | C2: 1.033508 | D2: 1 | E2: 2.352925 | F2: 13.77534 | G2: 0.1246178 | H2: 3.08695 | I2: 10.59003 | J2: 2.315184 | K2: 0 | L2: TargetAnchor1
A3: 10 | B3: 512.1264 | C3: 1.319275 | D3: 1 | E3: 2.669192 | F3: 13.93233 | G3: 0.1334435 | H3: 0.5509285 | I3: 13.79395 | J3: 3.786723 | K3: 0 | L3: TargetAnchor2
A4: 10 | B4: 519.1501 | C4: 1.105286 | D4: 1 | E4: 2.445814 | F4: 12.99595 | G4: 0.1605598 | H4: 0.3967551 | I4: 12.04469 | J4: 4.139048 | K4: 0 | L4: TargetAnchor3
A5: 10 | B5: 522.9641 | C5: 1.890503 | D5: 1 | E5: 1.660715 | F5: 6.644165 | G5: 0.4542525 | H5: 2.993035 | I5: 23.49539 | J5: 14.18373 | K5: 0 | L5: TargetAnchor4
A6: 10 | B6: 531.1147 | C6: 1.774353 | D6: 1 | E6: 3.174071 | F6: 14.8355 | G6: 0.2122916 | H6: 0.6712831 | I6: 18.8277 | J6: 5.243174 | K6: 0 | L6: TargetAnchor5
A7: 10 | B7: 538.9738 | C7: 1.889282 | D7: 1 | E7: 2.432122 | F7: 12.23716 | G7: 0.1793226 | H7: 1.169065 | I7: 20.07364 | J7: 5.733253 | K7: 0 | L7: TargetAnchor6
A8: 10 | B8: 545.7593 | C8: 1.666016 | D8: 1 | E8: 1.847293 | F8: 10.27357 | G8: 0.1752009 | H8: 0.20969 | I8: 17.98103 | J8: 5.870501 | K8: 0 | L8: TargetAnchor7
A9: 10 | B9: 555.0938 | C9: 2.037354 | D9: 0.9605643 | E9: 1.510973 | F9: 5.759601 | G9: 0.3547401 | H9: 12.58587 | I9: 25.44697 | J9: 14.53892 | K9: 0 | L9: TargetAnchor8

Sheet BenjaCarrasco
A1: AttemptID | B1: StartTime | C1: Duration | D1: Efficiency | E1: ZigZag_Average | F1: Curvature_Normalized | G1: MaxLateralOffset | H1: LandingError | I1: TotalDistance | J1: VerticalOscillation | K1: EndedInDeath | L1: TargetAnchorName
A2: 6 | B2: 281.7392 | C2: 1.146576 | D2: 1 | E2: 1.637135 | F2: 8.627183 | G2: 0.2132278 | H2: 0.9590376 | I2: 12.904 | J2: 6.172073 | K2: 0 | L2: TargetAnchor1
A3: 6 | B3: 284.8634 | C3: 1.474274 | D3: 1 | E3: 1.853805 | F3: 9.530754 | G3: 0.2868041 | H3: 0.2962304 | I3: 17.11668 | J3: 9.148504 | K3: 0 | L3: TargetAnchor2
A4: 6 | B4: 289.9137 | C4: 1.14563 | D4: 1 | E4: 2.256402 | F4: 12.24193 | G4: 0.1583434 | H4: 0.7892566 | I4: 12.34928 | J4: 3.980687 | K4: 0 | L4: TargetAnchor3
A5: 6 | B5: 292.9601 | C5: 2.450043 | D5: 0.5791818 | E5: 2.122525 | F5: 11.19772 | G5: 0.3939744 | H5: 33.36732 | I5: 28.05336 | J5: 13.53173 | K5: 1 | L5: TargetAnchor4
A6: 7 | B6: 301.8217 | C6: 1.597565 | D6: 1 | E6: 1.607703 | F6: 7.6327 | G6: 0.3339438 | H6: 1.354718 | I6: 19.16765 | J6: 10.14299 | K6: 0 | L6: TargetAnchor1
A7: 7 | B7: 305.9694 | C7: 0.8644104 | D7: 1 | E7: 2.417833 | F7: 10.46134 | G7: 0.1846591 | H7: 3.339225 | I7: 9.707069 | J7: 4.250436 | K7: 0 | L7: TargetAnchor2
A8: 7 | B8: 308.6776 | C8: 1.026306 | D8: 1 | E8: 2.033883 | F8: 10.44849 | G8: 0.1719113 | H8: 0.7841848 | I8: 11.67949 | J8: 5.230802 | K8: 0 | L8: TargetAnchor3
A9: 7 | B9: 312.8758 | C9: 1.591583 | D9: 1 | E9: 2.057472 | F9: 7.603812 | G9: 0.3600227 | H9: 1.822034 | I9: 20.02323 | J9: 11.21067 | K9: 0 | L9: TargetAnchor4
A10: 7 | B10: 317.0833 | C10: 1.457886 | D10: 1 | E10: 1.842601 | F10: 7.695928 | G10: 0.3573977 | H10: 2.362429 | I10: 17.23864 | J10: 8.580883 | K10: 0 | L10: TargetAnchor5
A11: 7 | B11: 321.4928 | C11: 1.507874 | D11: 1 | E11: 1.724702 | F11: 7.693768 | G11: 0.2990001 | H11: 1.023902 | I11: 18.38184 | J11: 9.792146 | K11: 0 | L11: TargetAnchor6
A12: 7 | B12: 326.693 | C12: 1.5914 | D12: 1 | E12: 1.379318 | F12: 6.52106 | G12: 0.2835739 | H12: 0.4428095 | I12: 20.30567 | J12: 11.62376 | K12: 0 | L12: TargetAnchor7
A13: 7 | B13: 332.4681 | C13: 1.479553 | D13: 0.9830605 | E13: 2.513709 | F13: 6.981343 | G13: 0.399073 | H13: 8.929351 | I13: 17.64298 | J13: 9.379798 | K13: 0 | L13: TargetAnchor8

Sheet CamilaCarrascoBaier
A1: AttemptID | B1: StartTime | C1: Duration | D1: Efficiency | E1: ZigZag_Average | F1: Curvature_Normalized | G1: MaxLateralOffset | H1: LandingError | I1: TotalDistance | J1: VerticalOscillation | K1: EndedInDeath | L1: TargetAnchorName
A2: 8 | B2: 407.8795 | C2: 1.114532 | D2: 1 | E2: 1.908274 | F2: 7.330432 | G2: 0.1959176 | H2: 0.1628127 | I2: 11.45417 | J2: 3.071656 | K2: 0 | L2: TargetAnchor1
A3: 8 | B3: 414.6092 | C3: 1.480804 | D3: 1 | E3: 2.705663 | F3: 9.588902 | G3: 0.3592938 | H3: 1.502257 | I3: 16.92997 | J3: 7.718627 | K3: 0 | L3: TargetAnchor2
A4: 8 | B4: 419.8583 | C4: 2.716705 | D4: 0.9112756 | E4: 2.61328 | F4: 8.739966 | G4: 0.6557026 | H4: 9.915148 | I4: 34.6844 | J4: 22.62792 | K4: 1 | L4: TargetAnchor3
A5: 9 | B5: 432.2801 | C5: 1.344147 | D5: 1 | E5: 2.364137 | F5: 9.033658 | G5: 0.2380537 | H5: 1.105307 | I5: 14.65538 | J5: 5.821973 | K5: 0 | L5: TargetAnchor1
A6: 9 | B6: 435.4388 | C6: 1.634216 | D6: 1 | E6: 2.543941 | F6: 8.382358 | G6: 0.5718963 | H6: 11.96464 | I6: 20.63715 | J6: 11.35782 | K6: 1 | L6: TargetAnchor2
A7: 10 | B7: 445.2897 | C7: 1.097412 | D7: 1 | E7: 2.096931 | F7: 7.697505 | G7: 0.1901606 | H7: 2.633484 | I7: 11.71393 | J7: 4.341305 | K7: 0 | L7: TargetAnchor1
A8: 10 | B8: 449.6339 | C8: 1.161835 | D8: 1 | E8: 3.159875 | F8: 11.16774 | G8: 0.3071631 | H8: 3.150199 | I8: 12.44966 | J8: 4.656608 | K8: 0 | L8: TargetAnchor2
A9: 10 | B9: 453.7531 | C9: 1.71637 | D9: 1 | E9: 1.856177 | F9: 5.616993 | G9: 0.6763453 | H9: 9.613131 | I9: 24.45385 | J9: 15.67324 | K9: 1 | L9: TargetAnchor3
A10: 11 | B10: 461.8595 | C10: 1.118042 | D10: 1 | E10: 2.538529 | F10: 9.334689 | G10: 0.1963852 | H10: 1.620386 | I10: 11.96561 | J10: 4.539469 | K10: 0 | L10: TargetAnchor1
A11: 11 | B11: 465.6405 | C11: 1.66626 | D11: 1 | E11: 2.482528 | F11: 8.432117 | G11: 0.3310064 | H11: 2.666546 | I11: 18.54804 | J11: 7.754258 | K11: 0 | L11: TargetAnchor2
A12: 11 | B12: 469.969 | C12: 1.26889 | D12: 1 | E12: 3.936398 | F12: 14.30715 | G12: 0.3011813 | H12: 2.197485 | I12: 14.30702 | J12: 6.219713 | K12: 0 | L12: TargetAnchor3
A13: 11 | B13: 472.2645 | C13: 0.7766724 | D13: 1 | E13: 3.780636 | F13: 23.70354 | G13: 0.1562885 | H13: 28.18817 | I13: 5.103894 | J13: 3.098145 | K13: 0 | L13: TargetAnchor4
... A34: 15 | B34: 580.0782 | C34: 2.291748 | D34: 0.933471 | E34: 4.701624 | F34: 9.311681 | G34: 0.6690385 | H34: 11.07589 | I34: 26.76059 | J34: 16.40648 | K34: 0 | L34: TargetAnchor8

Sheet CataAguilar
A1: AttemptID | B1: StartTime | C1: Duration | D1: Efficiency | E1: ZigZag_Average | F1: Curvature_Normalized | G1: MaxLateralOffset | H1: LandingError | I1: TotalDistance | J1: VerticalOscillation | K1: EndedInDeath | L1: TargetAnchorName

Sheet DiegoContreras
A1: AttemptID | B1: StartTime | C1: Duration | D1: Efficiency | E1: ZigZag_Average | F1: Curvature_Normalized | G1: MaxLateralOffset | H1: LandingError | I1: TotalDistance | J1: VerticalOscillation | K1: EndedInDeath | L1: TargetAnchorName
A2: 8 | B2: 460.7286 | C2: 1.339966 | D2: 1 | E2: 1.462317 | F2: 7.477647 | G2: 0.2115743 | H2: 2.199905 | I2: 15.84023 | J2: 8.082349 | K2: 0 | L2: TargetAnchor1
A3: 8 | B3: 467.0708 | C3: 2.248505 | D3: 1 | E3: 1.363293 | F3: 4.859024 | G3: 0.5773063 | H3: 11.89889 | I3: 34.22945 | J3: 25.58607 | K3: 1 | L3: TargetAnchor2
A4: 9 | B4: 474.8241 | C4: 1.355652 | D4: 1 | E4: 1.524498 | F4: 8.252692 | G4: 0.2410284 | H4: 2.254004 | I4: 15.5171 | J4: 8.791001 | K4: 0 | L4: TargetAnchor1
A5: 9 | B5: 480.165 | C5: 1.881989 | D5: 1 | E5: 2.043267 | F5: 8.150061 | G5: 0.4378172 | H5: 3.16995 | I5: 23.56635 | J5: 14.37313 | K5: 0 | L5: TargetAnchor2
A6: 9 | B6: 485.5802 | C6: 1.179413 | D6: 1 | E6: 1.949673 | F6: 9.164643 | G6: 0.2183592 | H6: 0.6177001 | I6: 14.8917 | J6: 8.20047 | K6: 0 | L6: TargetAnchor3
A7: 9 | B7: 490.3115 | C7: 1.965454 | D7: 1 | E7: 1.344794 | F7: 5.448165 | G7: 0.3238256 | H7: 2.033702 | I7: 26.90493 | J7: 17.11287 | K7: 0 | L7: TargetAnchor4
A8: 9 | B8: 497.2871 | C8: 1.935883 | D8: 1 | E8: 1.689385 | F8: 6.541299 | G8: 0.352465 | H8: 1.332002 | I8: 25.30991 | J8: 16.57736 | K8: 0 | L8: TargetAnchor5
A9: 9 | B9: 504.29 | C9: 1.975891 | D9: 1 | E9: 1.44604 | F9: 4.936097 | G9: 0.4098081 | H9: 1.693099 | I9: 29.29522 | J9: 20.2352 | K9: 0 | L9: TargetAnchor6
A10: 9 | B10: 518.8933 | C10: 1.873779 | D10: 1 | E10: 1.970646 | F10: 10.16544 | G10: 0.2294249 | H10: 1.791849 | I10: 22.2936 | J10: 10.47569 | K10: 0 | L10: TargetAnchor7
A11: 9 | B11: 525.3192 | C11: 1.485291 | D11: 0.9949151 | E11: 2.193408 | F11: 6.28339 | G11: 0.401956 | H11: 8.685822 | I11: 17.8031 | J11: 9.569335 | K11: 0 | L11: TargetAnchor8

Sheet FranPerez
A1: AttemptID | B1: StartTime | C1: Duration | D1: Efficiency | E1: ZigZag_Average | F1: Curvature_Normalized | G1: MaxLateralOffset | H1: LandingError | I1: TotalDistance | J1: VerticalOscillation | K1: EndedInDeath | L1: TargetAnchorName
A2: 10 | B2: 495.9814 | C2: 1.318451 | D2: 1 | E2: 2.792159 | F2: 9.330626 | G2: 0.3609496 | H2: 1.85484 | I2: 14.36384 | J2: 6.488256 | K2: 0 | L2: TargetAnchor1
A3: 10 | B3: 500.0139 | C3: 1.455566 | D3: 1 | E3: 3.100274 | F3: 9.261591 | G3: 0.4050211 | H3: 2.266116 | I3: 16.06777 | J3: 9.130721 | K3: 0 | L3: TargetAnchor2
A4: 10 | B4: 504.7527 | C4: 1.2211 | D4: 1 | E4: 5.74819 | F4: 18.58801 | G4: 0.2413473 | H4: 1.987222 | I4: 12.67892 | J4: 3.894834 | K4: 0 | L4: TargetAnchor3
A5: 10 | B5: 510.5932 | C5: 1.547699 | D5: 1 | E5: 4.686971 | F5: 12.90726 | G5: 0.2056476 | H5: 2.312533 | I5: 15.61445 | J5: 2.988975 | K5: 0 | L5: TargetAnchor4
A6: 10 | B6: 516.2225 | C6: 1.72168 | D6: 1 | E6: 5.325408 | F6: 15.36746 | G6: 0.3260894 | H6: 1.259888 | I6: 17.67343 | J6: 4.168658 | K6: 0 | L6: TargetAnchor5
A7: 10 | B7: 520.5729 | C7: 1.680115 | D7: 1 | E7: 2.639277 | F7: 8.533431 | G7: 0.3197722 | H7: 1.324984 | I7: 18.24791 | J7: 6.545077 | K7: 0 | L7: TargetAnchor6
A8: 10 | B8: 526.2291 | C8: 1.584534 | D8: 1 | E8: 3.85905 | F8: 12.8882 | G8: 0.2715858 | H8: 1.757002 | I8: 16.46837 | J8: 4.081098 | K8: 0 | L8: TargetAnchor7
A9: 10 | B9: 533.9175 | C9: 1.906555 | D9: 1 | E9: 5.620111 | F9: 13.43414 | G9: 0.518519 | H9: 6.911128 | I9: 17.57051 | J9: 8.095402 | K9: 0 | L9: TargetAnchor8

Sheet JoaquinAguilar
A1: AttemptID | B1: StartTime | C1: Duration | D1: Efficiency | E1: ZigZag_Average | F1: Curvature_Normalized | G1: MaxLateralOffset | H1: LandingError | I1: TotalDistance | J1: VerticalOscillation | K1: EndedInDeath | L1: TargetAnchorName
A2: 12 | B2: 532.5699 | C2: 1.419434 | D2: 1 | E2: 2.724915 | F2: 10.11077 | G2: 0.2696623 | H2: 1.927993 | I2: 15.36185 | J2: 7.489989 | K2: 0 | L2: TargetAnchor1
A3: 12 | B3: 538.0065 | C3: 0.7843628 | D3: 1 | E3: 3.91587 | F3: 11.57088 | G3: 0.2626718 | H3: 1.056199 | I3: 8.799043 | J3: 3.518222 | K3: 0 | L3: TargetAnchor2
A4: 12 | B4: 540.278 | C4: 0.8737183 | D4: 1 | E4: 2.700176 | F4: 8.109192 | G4: 0.3046093 | H4: 0.9917797 | I4: 11.32122 | J4: 5.708577 | K4: 0 | L4: TargetAnchor3
A5: 12 | B5: 544.5996 | C5: 0.9855957 | D5: 1 | E5: 1.913724 | F5: 6.336562 | G5: 0.1863645 | H5: 3.435174 | I5: 10.57045 | J5: 3.952691 | K5: 0 | L5: TargetAnchor4
A6: 12 | B6: 549.1684 | C6: 1.326965 | D6: 1 | E6: 3.33625 | F6: 7.376491 | G6: 0.4909763 | H6: 0.9782208 | I6: 16.73442 | J6: 9.527253 | K6: 0 | L6: TargetAnchor5
A7: 12 | B7: 554.2428 | C7: 1.831116 | D7: 1 | E7: 2.603417 | F7: 6.363809 | G7: 0.533678 | H7: 1.082377 | I7: 25.77312 | J7: 17.38566 | K7: 0 | L7: TargetAnchor6
A8: 12 | B8: 559.0786 | C8: 2.541382 | D8: 1 | E8: 1.950752 | F8: 4.908154 | G8: 0.6909898 | H8: 2.523011 | I8: 40.14258 | J8: 31.19309 | K8: 0 | L8: TargetAnchor7
A9: 13 | B9: 809.3195 | C9: 1.682007 | D9: 1 | E9: 2.59502 | F9: 7.608818 | G9: 0.5051159 | H9: 2.122993 | I9: 21.82748 | J9: 14.12726 | K9: 0 | L9: TargetAnchor1
A10: 13 | B10: 812.9619 | C10: 0.7528076 | D10: 1 | E10: 4.298837 | F10: 12.95605 | G10: 0.2263981 | H10: 0.4440008 | I10: 7.963236 | J10: 3.04282 | K10: 0 | L10: TargetAnchor2
A11: 13 | B11: 818.699 | C11: 1.89447 | D11: 0.9778747 | E11: 10.1986 | F11: 43.02056 | G11: 0.2224054 | H11: 2.52752 | I11: 17.30563 | J11: 7.6771 | K11: 0 | L11: TargetAnchor3
A12: 13 | B12: 821.9358 | C12: 0.6055298 | D12: 0 | E12: 2.489463 | F12: 6.989958 | G12: 0.4647908 | H12: 33.16919 | I12: 8.547562 | J12: 6.946445 | K12: 1 | L12: TargetAnchor4
A13: 14 | B13: 827.4434 | C13: 2.5896 | D13: 0.9936066 | E13: 1.901081 | F13: 4.417596 | G13: 0.897499 | H13: 10.35172 | I13: 42.60395 | J13: 32.09825 | K13: 1 | L13: TargetAnchor1
... A21: 15 | B21: 863.1933 | C21: 2.252991 | D21: 0.9409254 | E21: 4.511875 | F21: 6.095294 | G21: 1.055987 | H21: 12.74122 | I21: 29.60891 | J21: 18.47773 | K21: 0 | L21: TargetAnchor8

Sheet LourdesArtigas
A1: AttemptID | B1: StartTime | C1: Duration | D1: Efficiency | E1: ZigZag_Average | F1: Curvature_Normalized | G1: MaxLateralOffset | H1: LandingError | I1: TotalDistance | J1: VerticalOscillation | K1: EndedInDeath | L1: TargetAnchorName
A2: 7 | B2: 446.1819 | C2: 1.805756 | D2: 1 | E2: 1.387448 | F2: 5.610885 | G2: 0.4514162 | H2: 9.551118 | I2: 29.92063 | J2: 22.76926 | K2: 1 | L2: TargetAnchor1
A3: 8 | B3: 455.9825 | C3: 1.468292 | D3: 1 | E3: 1.947183 | F3: 12.03487 | G3: 0.1604877 | H3: 0.9709837 | I3: 15.20874 | J3: 3.14604 | K3: 0 | L3: TargetAnchor1
A4: 8 | B4: 461.9864 | C4: 1.10675 | D4: 1 | E4: 1.897368 | F4: 11.39892 | G4: 0.1802638 | H4: 4.509753 | I4: 11.98452 | J4: 4.035634 | K4: 0 | L4: TargetAnchor2
A5: 8 | B5: 468.842 | C5: 1.616608 | D5: 1 | E5: 2.665482 | F5: 16.77674 | G5: 0.1857797 | H5: 0.470901 | I5: 17.00013 | J5: 4.893638 | K5: 0 | L5: TargetAnchor3
A6: 8 | B6: 473.4698 | C6: 1.551483 | D6: 1 | E6: 2.872695 | F6: 14.83007 | G6: 0.2039912 | H6: 3.506746 | I6: 16.46513 | J6: 3.695255 | K6: 0 | L6: TargetAnchor4
A7: 8 | B7: 476.123 | C7: 0.2337646 | D7: 0 | E7: 0.8792564 | F7: 2.300127 | G7: 0.4141331 | H7: 24.41107 | I7: 4.969436 | J7: 4.702812 | K7: 1 | L7: TargetAnchor5
A8: 9 | B8: 482.7632 | C8: 1.391846 | D8: 1 | E8: 2.083718 | F8: 13.60753 | G8: 0.1282474 | H8: 3.081091 | I8: 14.08794 | J8: 2.067614 | K8: 0 | L8: TargetAnchor1
A9: 9 | B9: 487.1122 | C9: 1.512268 | D9: 1 | E9: 2.069347 | F9: 13.27041 | G9: 0.1462907 | H9: 1.567855 | I9: 15.43775 | J9: 2.402619 | K9: 0 | L9: TargetAnchor2
A10: 9 | B10: 490.8377 | C10: 1.643921 | D10: 1 | E10: 2.025733 | F10: 8.679819 | G10: 0.3727324 | H10: 9.416831 | I10: 23.33843 | J10: 13.10295 | K10: 1 | L10: TargetAnchor3
A11: 10 | B11: 499.1471 | C11: 1.398285 | D11: 1 | E11: 2.211928 | F11: 13.62982 | G11: 0.1423081 | H11: 3.175053 | I11: 14.93031 | J11: 4.616047 | K11: 0 | L11: TargetAnchor1
A12: 10 | B12: 503.5327 | C12: 1.260101 | D12: 1 | E12: 2.293401 | F12: 12.70164 | G12: 0.1870887 | H12: 3.390502 | I12: 13.72252 | J12: 4.296481 | K12: 0 | L12: TargetAnchor2
A13: 10 | B13: 506.813 | C13: 1.77713 | D13: 1 | E13: 1.763226 | F13: 7.889113 | G13: 0.3659804 | H13: 9.998215 | I13: 25.25563 | J13: 13.93353 | K13: 1 | L13: TargetAnchor3
... A36: 18 | B36: 672.7187 | C36: 2.210754 | D36: 0.8003259 | E36: 2.009677 | F36: 6.518145 | G36: 0.5087076 | H36: 7.61373 | I36: 30.83204 | J36: 22.00045 | K36: 0 | L36: TargetAnchor8

Sheet Pantrucas
A1: AttemptID | B1: StartTime | C1: Duration | D1: Efficiency | E1: ZigZag_Average | F1: Curvature_Normalized | G1: MaxLateralOffset | H1: LandingError | I1: TotalDistance | J1: VerticalOscillation | K1: EndedInDeath | L1: TargetAnchorName
A2: 10 | B2: 392.2116 | C2: 0.4169006 | D2: 1 | E2: 2.008369 | F2: 11.46387 | G2: 0.07854269 | H2: 2.123289 | I2: 4.204589 | J2: 1.13096 | K2: 0 | L2: TargetAnchor1
A3: 10 | B3: 394.581 | C3: 0.7700195 | D3: 1 | E3: 2.347746 | F3: 10.41105 | G3: 0.2760681 | H3: 5.654843 | I3: 9.245714 | J3: 4.724679 | K3: 0 | L3: TargetAnchor2
A4: 10 | B4: 396.5178 | C4: 0.1803284 | D4: 0 | E4: 1.581979 | F4: 5.116552 | G4: 0.2149937 | H4: 11.3279 | I4: 3.091885 | J4: 3.061276 | K4: 1 | L4: TargetAnchor2
A5: 11 | B5: 402.1414 | C5: 0.8339539 | D5: 1 | E5: 2.151955 | F5: 11.04002 | G5: 0.1218245 | H5: 1.430184 | I5: 9.746153 | J5: 3.272903 | K5: 0 | L5: TargetAnchor1
A6: 11 | B6: 406.2003 | C6: 0.7023315 | D6: 1 | E6: 2.397926 | F6: 11.70381 | G6: 0.1397801 | H6: 1.021832 | I6: 8.195369 | J6: 2.83552 | K6: 0 | L6: TargetAnchor2
A7: 11 | B7: 410.2029 | C7: 0.3670044 | D7: 1 | E7: 7.716798 | F7: 30.55269 | G7: 0.1455245 | H7: 3.483327 | I7: 5.051469 | J7: 2.605604 | K7: 0 | L7: TargetAnchor3
A8: 11 | B8: 413.7376 | C8: 0.7787476 | D8: 1 | E8: 2.508728 | F8: 8.748376 | G8: 0.1647569 | H8: 2.383909 | I8: 10.6103 | J8: 2.545049 | K8: 0 | L8: TargetAnchor4
A9: 11 | B9: 417.5056 | C9: 0.7196655 | D9: 1 | E9: 2.097778 | F9: 7.92296 | G9: 0.1955818 | H9: 0.5591313 | I9: 9.796565 | J9: 2.089896 | K9: 0 | L9: TargetAnchor5
A10: 11 | B10: 421.5771 | C10: 0.7911682 | D10: 1 | E10: 1.699725 | F10: 6.451329 | G10: 0.1943104 | H10: 1.084581 | I10: 12.11957 | J10: 4.068383 | K10: 0 | L10: TargetAnchor6
A11: 11 | B11: 425.4861 | C11: 0.923584 | D11: 1 | E11: 1.701111 | F11: 7.233209 | G11: 0.2143064 | H11: 0.6622775 | I11: 12.69975 | J11: 4.02493 | K11: 0 | L11: TargetAnchor7
A12: 11 | B12: 430.5388 | C12: 1.571442 | D12: 0.8312095 | E12: 3.539382 | F12: 10.39914 | G12: 0.3799865 | H12: 12.67906 | I12: 20.42121 | J12: 12.18646 | K12: 0 | L12: TargetAnchor8

Sheet Sepumae
A1: AttemptID | B1: StartTime | C1: Duration | D1: Efficiency | E1: ZigZag_Average | F1: Curvature_Normalized | G1: MaxLateralOffset | H1: LandingError | I1: TotalDistance | J1: VerticalOscillation | K1: EndedInDeath | L1: TargetAnchorName
A2: 3 | B2: 175.513 | C2: 1.478577 | D2: 1 | E2: 1.633179 | F2: 8.319053 | G2: 0.2758139 | H2: 0.325969 | I2: 16.88334 | J2: 8.905748 | K2: 0 | L2: TargetAnchor1
A3: 3 | B3: 179.2505 | C3: 1.133301 | D3: 1 | E3: 2.536715 | F3: 13.69334 | G3: 0.1718073 | H3: 1.746004 | I3: 12.22661 | J3: 4.079041 | K3: 0 | L3: TargetAnchor2
A4: 3 | B4: 183.328 | C4: 1.132843 | D4: 1 | E4: 1.809973 | F4: 8.742851 | G4: 0.1901105 | H4: 1.829169 | I4: 12.21437 | J4: 4.330596 | K4: 0 | L4: TargetAnchor3
A5: 3 | B5: 187.2609 | C5: 1.481247 | D5: 1 | E5: 1.829677 | F5: 7.486166 | G5: 0.3153737 | H5: 2.989756 | I5: 17.59736 | J5: 8.809739 | K5: 0 | L5: TargetAnchor4
A6: 3 | B6: 191.3097 | C6: 1.876022 | D6: 1 | E6: 2.349564 | F6: 10.71541 | G6: 0.1960473 | H6: 1.316273 | I6: 20.83062 | J6: 8.338103 | K6: 0 | L6: TargetAnchor5
A7: 3 | B7: 196.4503 | C7: 2.102951 | D7: 1 | E7: 2.129011 | F7: 9.755424 | G7: 0.2512877 | H7: 1.735172 | I7: 25.09745 | J7: 12.28672 | K7: 0 | L7: TargetAnchor6
A8: 3 | B8: 202.0134 | C8: 1.577896 | D8: 1 | E8: 1.575576 | F8: 9.078751 | G8: 0.1676329 | H8: 2.666522 | I8: 16.66036 | J8: 4.737376 | K8: 0 | L8: TargetAnchor7
A9: 3 | B9: 206.7474 | C9: 1.908325 | D9: 0.9569383 | E9: 2.963499 | F9: 7.87826 | G9: 0.4058539 | H9: 9.804563 | I9: 23.69818 | J9: 13.42689 | K9: 0 | L9: TargetAnchor8

Sheet VicenteFigueroa
A1: AttemptID | B1: StartTime | C1: Duration | D1: Efficiency | E1: ZigZag_Average | F1: Curvature_Normalized | G1: MaxLateralOffset | H1: LandingError | I1: TotalDistance | J1: VerticalOscillation | K1: EndedInDeath | L1: TargetAnchorName
A2: 5 | B2: 285.4541 | C2: 0.8760071 | D2: 1 | E2: 1.994548 | F2: 10.81666 | G2: 0.1551881 | H2: 0.6424431 | I2: 9.772985 | J2: 4.241057 | K2: 0 | L2: TargetAnchor1
A3: 5 | B3: 289.4827 | C3: 1.067047 | D3: 1 | E3: 1.621214 | F3: 8.178818 | G3: 0.2311902 | H3: 0.7468442 | I3: 12.2897 | J3: 5.748066 | K3: 0 | L3: TargetAnchor2
A4: 5 | B4: 292.8835 | C4: 1.162109 | D4: 1 | E4: 1.921545 | F4: 9.289088 | G4: 0.2482561 | H4: 0.4599226 | I4: 14.27337 | J4: 7.700734 | K4: 0 | L4: TargetAnchor3
A5: 5 | B5: 297.0183 | C5: 1.474609 | D5: 1 | E5: 1.992152 | F5: 8.691779 | G5: 0.2525089 | H5: 2.529191 | I5: 17.41916 | J5: 7.855822 | K5: 0 | L5: TargetAnchor4
A6: 5 | B6: 301.4738 | C6: 1.423981 | D6: 1 | E6: 1.818265 | F6: 8.386775 | G6: 0.2168688 | H6: 0.9782533 | I6: 15.6097 | J6: 5.489549 | K6: 0 | L6: TargetAnchor5
A7: 5 | B7: 306.4085 | C7: 1.324127 | D7: 1 | E7: 1.865012 | F7: 9.683535 | G7: 0.1873213 | H7: 3.141889 | I7: 14.63731 | J7: 5.043101 | K7: 0 | L7: TargetAnchor6
A8: 5 | B8: 311.9871 | C8: 1.647705 | D8: 1 | E8: 2.128856 | F8: 11.64636 | G8: 0.1933466 | H8: 1.355598 | I8: 17.54799 | J8: 4.955923 | K8: 0 | L8: TargetAnchor7
A9: 5 | B9: 317.7639 | C9: 2.002808 | D9: 0.8416499 | E9: 2.981284 | F9: 9.033762 | G9: 0.4334286 | H9: 12.96594 | I9: 24.42117 | J9: 15.33902 | K9: 0 | L9: TargetAnchor8

Sheet VicenteHernandez
A1: AttemptID | B1: StartTime | C1: Duration | D1: Efficiency | E1: ZigZag_Average | F1: Curvature_Normalized | G1: MaxLateralOffset | H1: LandingError | I1: TotalDistance | J1: VerticalOscillation | K1: EndedInDeath | L1: TargetAnchorName
A2: 8 | B2: 514.8327 | C2: 0.8091431 | D2: 1 | E2: 1.865255 | F2: 9.744402 | G2: 0.140487 | H2: 2.481283 | I2: 8.805234 | J2: 3.543428 | K2: 0 | L2: TargetAnchor1
A3: 8 | B3: 521.2491 | C3: 1.42688 | D3: 1 | E3: 2.2082 | F3: 7.677938 | G3: 0.329733 | H3: 1.742126 | I3: 18.69421 | J3: 11.2249 | K3: 0 | L3: TargetAnchor2
A4: 8 | B4: 525.6614 | C4: 1.958435 | D4: 1 | E4: 1.664541 | F4: 6.426728 | G4: 0.4529892 | H4: 9.258481 | I4: 28.23131 | J4: 18.84444 | K4: 1 | L4: TargetAnchor3
A5: 9 | B5: 536.1213 | C5: 1.098328 | D5: 1 | E5: 2.960907 | F5: 13.23826 | G5: 0.2980954 | H5: 3.419515 | I5: 13.8671 | J5: 7.782413 | K5: 0 | L5: TargetAnchor1
A6: 9 | B6: 541.9545 | C6: 2.182251 | D6: 1 | E6: 1.54793 | F6: 4.916394 | G6: 0.5453597 | H6: 12.89527 | I6: 34.31871 | J6: 24.1053 | K6: 1 | L6: TargetAnchor2
A7: 10 | B7: 549.5432 | C7: 1.819702 | D7: 1 | E7: 1.943807 | F7: 8.556392 | G7: 0.365922 | H7: 2.241592 | I7: 23.62631 | J7: 14.14689 | K7: 0 | L7: TargetAnchor1
A8: 10 | B8: 555.6257 | C8: 1.585022 | D8: 1 | E8: 3.242691 | F8: 15.499 | G8: 0.2102353 | H8: 1.754892 | I8: 16.31911 | J8: 5.974936 | K8: 0 | L8: TargetAnchor2
A9: 10 | B9: 564.4196 | C9: 1.065674 | D9: 1 | E9: 1.645087 | F9: 8.201359 | G9: 0.2057342 | H9: 2.863449 | I9: 11.63405 | J9: 4.377121 | K9: 0 | L9: TargetAnchor3
A10: 10 | B10: 567.3795 | C10: 2.690369 | D10: 0.457626 | E10: 2.520025 | F10: 8.322053 | G10: 0.6373758 | H10: 37.50336 | I10: 34.82349 | J10: 24.72454 | K10: 1 | L10: TargetAnchor4
A11: 11 | B11: 576.0378 | C11: 1.589783 | D11: 1 | E11: 2.112794 | F11: 10.10509 | G11: 0.3581834 | H11: 2.502042 | I11: 18.81739 | J11: 10.78147 | K11: 0 | L11: TargetAnchor1
A12: 11 | B12: 581.2527 | C12: 1.873901 | D12: 1 | E12: 3.104038 | F12: 12.73782 | G12: 0.2977199 | H12: 2.020916 | I12: 20.71338 | J12: 7.940738 | K12: 0 | L12: TargetAnchor2
A13: 11 | B13: 586.8517 | C13: 1.519531 | D13: 1 | E13: 3.572976 | F13: 17.24653 | G13: 0.302575 | H13: 2.081779 | I13: 16.988 | J13: 7.31098 | K13: 0 | L13: TargetAnchor3
... A23: 12 | B23: 654.155 | C23: 2.111145 | D23: 0.9464993 | E23: 1.985065 | F23: 5.046868 | G23: 0.5552878 | H23: 13.11297 | I23: 27.53283 | J23: 16.82032 | K23: 0 | L23: TargetAnchor8

Sheet VicenteLineros
A1: AttemptID | B1: StartTime | C1: Duration | D1: Efficiency | E1: ZigZag_Average | F1: Curvature_Normalized | G1: MaxLateralOffset | H1: LandingError | I1: TotalDistance | J1: VerticalOscillation | K1: EndedInDeath | L1: TargetAnchorName
A2: 7 | B2: 372.4581 | C2: 1.141113 | D2: 1 | E2: 1.670639 | F2: 8.92245 | G2: 0.17598 | H2: 0.5285112 | I2: 13.1068 | J2: 5.819465 | K2: 0 | L2: TargetAnchor1
A3: 7 | B3: 376.4491 | C3: 1.536652 | D3: 1 | E3: 1.725633 | F3: 8.420404 | G3: 0.3043236 | H3: 0.9514818 | I3: 19.05893 | J3: 11.97424 | K3: 0 | L3: TargetAnchor2
A4: 7 | B4: 383.8914 | C4: 1.288025 | D4: 1 | E4: 2.497276 | F4: 13.04347 | G4: 0.2716027 | H4: 0.9888206 | I4: 14.74226 | J4: 6.599646 | K4: 0 | L4: TargetAnchor3
A5: 7 | B5: 389.5523 | C5: 1.899445 | D5: 1 | E5: 2.619127 | F5: 10.81156 | G5: 0.2536093 | H5: 2.171681 | I5: 22.52947 | J5: 9.341515 | K5: 0 | L5: TargetAnchor4
A6: 7 | B6: 394.0108 | C6: 2.030945 | D6: 1 | E6: 1.477151 | F6: 8.133855 | G6: 0.2825196 | H6: 2.395109 | I6: 21.79263 | J6: 9.794909 | K6: 0 | L6: TargetAnchor5
A7: 7 | B7: 398.6229 | C7: 2.741913 | D7: 0.991987 | E7: 1.982365 | F7: 10.25832 | G7: 0.4080328 | H7: 1.081465 | I7: 32.07861 | J7: 19.7508 | K7: 0 | L7: TargetAnchor6
A8: 7 | B8: 408.4907 | C8: 2.243988 | D8: 1 | E8: 2.054324 | F8: 9.498872 | G8: 0.3232461 | H8: 1.693083 | I8: 29.41276 | J8: 16.49295 | K8: 0 | L8: TargetAnchor7
A9: 7 | B9: 417.4655 | C9: 2.089447 | D9: 0.9648336 | E9: 1.954169 | F9: 5.858121 | G9: 0.5025302 | H9: 11.40003 | I9: 27.35379 | J9: 16.77693 | K9: 0 | L9: TargetAnchor8

Sheet yoelchupa
A1: AttemptID | B1: StartTime | C1: Duration | D1: Efficiency | E1: ZigZag_Average | F1: Curvature_Normalized | G1: MaxLateralOffset | H1: LandingError | I1: TotalDistance | J1: VerticalOscillation | K1: EndedInDeath | L1: TargetAnchorName
A2: 3 | B2: 231.987 | C2: 0.9450836 | D2: 1 | E2: 1.759829 | F2: 8.591727 | G2: 0.2093798 | H2: 0.878248 | I2: 10.03659 | J2: 3.402042 | K2: 0 | L2: TargetAnchor1
A3: 3 | B3: 236.6175 | C3: 1.422836 | D3: 1 | E3: 2.482524 | F3: 10.38051 | G3: 0.1945475 | H3: 0.9466862 | I3: 15.0666 | J3: 4.810579 | K3: 0 | L3: TargetAnchor2
A4: 3 | B4: 241.692 | C4: 1.027527 | D4: 1 | E4: 1.809274 | F4: 9.196442 | G4: 0.1774519 | H4: 1.058849 | I4: 10.8205 | J4: 3.537029 | K4: 0 | L4: TargetAnchor3
A5: 3 | B5: 246.9651 | C5: 1.958466 | D5: 1 | E5: 2.740634 | F5: 12.041 | G5: 0.1798852 | H5: 0.797631 | I5: 20.02955 | J5: 4.01218 | K5: 0 | L5: TargetAnchor4
A6: 3 | B6: 252.2321 | C6: 1.654205 | D6: 1 | E6: 2.832488 | F6: 12.23837 | G6: 0.1800565 | H6: 0.8604826 | I6: 17.1268 | J6: 4.013685 | K6: 0 | L6: TargetAnchor5
A7: 3 | B7: 256.8741 | C7: 1.879059 | D7: 1 | E7: 2.213788 | F7: 9.589727 | G7: 0.237108 | H7: 1.548103 | I7: 19.8531 | J7: 6.015684 | K7: 0 | L7: TargetAnchor6
A8: 3 | B8: 262.0522 | C8: 1.892578 | D8: 1 | E8: 1.856671 | F8: 9.421298 | G8: 0.2028576 | H8: 0.8174191 | I8: 19.90424 | J8: 5.67323 | K8: 0 | L8: TargetAnchor7
A9: 3 | B9: 267.11 | C9: 1.710693 | D9: 1 | E9: 2.689139 | F9: 6.566755 | G9: 0.512526 | H9: 8.213024 | I9: 19.65638 | J9: 9.596971 | K9: 0 | L9: TargetAnchor8

Sheet Thresholds
A1: Jugador | B1: Duration | C1: Efficiency | D1: ZigZag_Average | E1: Curvature_Normalized | F1: MaxLateralOffset | G1: LandingError | H1: TotalDistance | I1: VerticalOscillation | J1: EndedInDeath | K1: AbandonoPilar
A2: Jug1 | B2: =AVERAGE(AlexVargas!C:C) -> 1.5356103 | C2: =AVERAGE(AlexVargas!D:D) -> 0.99908668 | D2: =AVERAGE(AlexVargas!E:E) -> 3.3441828 | E2: =AVERAGE(AlexVargas!F:F) -> 9.1176906 | F2: =AVERAGE(AlexVargas!G:G) -> 0.43785116 | G2: =AVERAGE(AlexVargas!H:H) -> 1.470974 | H2: =AVERAGE(AlexVargas!I:I) -> 18.443232 | I2: =AVERAGE(AlexVargas!J:J) -> 10.171703 | J2: =AVERAGE(AlexVargas!K:K) -> 0 | K2: 0
A3: Jug2 | B3: =AVERAGE(AntoFlores!C:C) -> 1.5894471 | C3: =AVERAGE(AntoFlores!D:D) -> 0.99507054 | D3: =AVERAGE(AntoFlores!E:E) -> 2.2616381 | E3: =AVERAGE(AntoFlores!F:F) -> 11.306702 | F3: =AVERAGE(AntoFlores!G:G) -> 0.2243036 | G3: =AVERAGE(AntoFlores!H:H) -> 2.7079471 | H3: =AVERAGE(AntoFlores!I:I) -> 17.781675 | I3: =AVERAGE(AntoFlores!J:J) -> 6.9763166 | J3: =AVERAGE(AntoFlores!K:K) -> 0 | K3: 0
A4: Jug3 | B4: =AVERAGE(BenjaCarrasco!C:C) -> 1.444425 | C4: =AVERAGE(BenjaCarrasco!D:D) -> 0.96352019 | D4: =AVERAGE(BenjaCarrasco!E:E) -> 1.953924 | E4: =AVERAGE(BenjaCarrasco!F:F) -> 8.8863357 | F4: =AVERAGE(BenjaCarrasco!G:G) -> 0.28682761 | G4: =AVERAGE(BenjaCarrasco!H:H) -> 4.6225415 | H4: =AVERAGE(BenjaCarrasco!I:I) -> 17.047491 | I4: =AVERAGE(BenjaCarrasco!J:J) -> 8.5870399 | J4: =AVERAGE(BenjaCarrasco!K:K) -> 0.083333333 | K4: 0
A5: Jug4 | B5: =AVERAGE(CamilaCarrascoBaier!C:C) -> 1.566779 | C5: =AVERAGE(CamilaCarrascoBaier!D:D) -> 0.97189314 | D5: =AVERAGE(CamilaCarrascoBaier!E:E) -> 2.923161 | E5: =AVERAGE(CamilaCarrascoBaier!F:F) -> 10.516998 | F5: =AVERAGE(CamilaCarrascoBaier!G:G) -> 0.36953408 | G5: =AVERAGE(CamilaCarrascoBaier!H:H) -> 5.499568 | H5: =AVERAGE(CamilaCarrascoBaier!I:I) -> 17.883483 | I5: =AVERAGE(CamilaCarrascoBaier!J:J) -> 8.6357815 | J5: =AVERAGE(CamilaCarrascoBaier!K:K) -> 0.21212121 | K5: 0
A6: Jug5 | K6: 0
A7: Jug6 | B7: =AVERAGE(DiegoContreras!C:C) -> 1.7241823 | C7: =AVERAGE(DiegoContreras!D:D) -> 0.99949151 | D7: =AVERAGE(DiegoContreras!E:E) -> 1.6987321 | E7: =AVERAGE(DiegoContreras!F:F) -> 7.1278458 | F7: =AVERAGE(DiegoContreras!G:G) -> 0.3403565 | G7: =AVERAGE(DiegoContreras!H:H) -> 3.5676923 | H7: =AVERAGE(DiegoContreras!I:I) -> 22.565159 | I7: =AVERAGE(DiegoContreras!J:J) -> 13.900348 | J7: =AVERAGE(DiegoContreras!K:K) -> 0.1 | K7: 0
A8: Jug7 | B8: =AVERAGE(FranPerez!C:C) -> 1.5544625 | C8: =AVERAGE(FranPerez!D:D) -> 1 | D8: =AVERAGE(FranPerez!E:E) -> 4.22143 | E8: =AVERAGE(FranPerez!F:F) -> 12.53884 | F8: =AVERAGE(FranPerez!G:G) -> 0.3311165 | G8: =AVERAGE(FranPerez!H:H) -> 2.4592141 | H8: =AVERAGE(FranPerez!I:I) -> 16.08565 | I8: =AVERAGE(FranPerez!J:J) -> 5.6741276 | J8: =AVERAGE(FranPerez!K:K) -> 0 | K8: 0
A9: Jug8 | B9: =AVERAGE(JoaquinAguilar!C:C) -> 1.407248 | C9: =AVERAGE(JoaquinAguilar!D:D) -> 0.94562034 | D9: =AVERAGE(JoaquinAguilar!E:E) -> 3.7346886 | E9: =AVERAGE(JoaquinAguilar!F:F) -> 10.886055 | F9: =AVERAGE(JoaquinAguilar!G:G) -> 0.42304297 | G9: =AVERAGE(JoaquinAguilar!H:H) -> 4.3709587 | H9: =AVERAGE(JoaquinAguilar!I:I) -> 17.825275 | I9: =AVERAGE(JoaquinAguilar!J:J) -> 10.38987 | J9: =AVERAGE(JoaquinAguilar!K:K) -> 0.1 | K9: 0
A10: Jug9 | B10: =AVERAGE(LourdesArtigas!C:C) -> 1.6733598 | C10: =AVERAGE(LourdesArtigas!D:D) -> 0.95668368 | D10: =AVERAGE(LourdesArtigas!E:E) -> 2.2159574 | E10: =AVERAGE(LourdesArtigas!F:F) -> 12.156541 | F10: =AVERAGE(LourdesArtigas!G:G) -> 0.22910319 | G10: =AVERAGE(LourdesArtigas!H:H) -> 4.5951786 | H10: =AVERAGE(LourdesArtigas!I:I) -> 19.223892 | I10: =AVERAGE(LourdesArtigas!J:J) -> 7.4992608 | J10: =AVERAGE(LourdesArtigas!K:K) -> 0.22857143 | K10: 0
A11: Jug10 | B11: =AVERAGE(Pantrucas!C:C) -> 0.73228596 | C11: =AVERAGE(Pantrucas!D:D) -> 0.89374632 | D11: =AVERAGE(Pantrucas!E:E) -> 2.7046815 | E11: =AVERAGE(Pantrucas!F:F) -> 11.00391 | F11: =AVERAGE(Pantrucas!G:G) -> 0.19324324 | G11: =AVERAGE(Pantrucas!H:H) -> 3.8554849 | H11: =AVERAGE(Pantrucas!I:I) -> 9.5620522 | I11: =AVERAGE(Pantrucas!J:J) -> 3.8677873 | J11: =AVERAGE(Pantrucas!K:K) -> 0.090909091 | K11: 0
A12: Jug11 | B12: =AVERAGE(Sepumae!C:C) -> 1.5863953 | C12: =AVERAGE(Sepumae!D:D) -> 0.99461729 | D12: =AVERAGE(Sepumae!E:E) -> 2.1033992 | E12: =AVERAGE(Sepumae!F:F) -> 9.4586569 | F12: =AVERAGE(Sepumae!G:G) -> 0.2467409 | G12: =AVERAGE(Sepumae!H:H) -> 2.8016785 | H12: =AVERAGE(Sepumae!I:I) -> 18.151036 | I12: =AVERAGE(Sepumae!J:J) -> 8.1142766 | J12: =AVERAGE(Sepumae!K:K) -> 0 | K12: 0
A13: Jug12 | B13: =AVERAGE(VicenteFigueroa!C:C) -> 1.3722991 | C13: =AVERAGE(VicenteFigueroa!D:D) -> 0.98020624 | D13: =AVERAGE(VicenteFigueroa!E:E) -> 2.0403595 | E13: =AVERAGE(VicenteFigueroa!F:F) -> 9.4658471 | F13: =AVERAGE(VicenteFigueroa!G:G) -> 0.23976358 | G13: =AVERAGE(VicenteFigueroa!H:H) -> 2.8525102 | H13: =AVERAGE(VicenteFigueroa!I:I) -> 15.746423 | I13: =AVERAGE(VicenteFigueroa!J:J) -> 7.046659 | J13: =AVERAGE(VicenteFigueroa!K:K) -> 0 | K13: 0
A14: Jug13 | B14: =AVERAGE(VicenteHernandez!C:C) -> 1.5530757 | C14: =AVERAGE(VicenteHernandez!D:D) -> 0.94442126 | D14: =AVERAGE(VicenteHernandez!E:E) -> 2.2223329 | E14: =AVERAGE(VicenteHernandez!F:F) -> 9.1971851 | F14: =AVERAGE(VicenteHernandez!G:G) -> 0.34632714 | G14: =AVERAGE(VicenteHernandez!H:H) -> 6.5448684 | H14: =AVERAGE(VicenteHernandez!I:I) -> 19.475953 | I14: =AVERAGE(VicenteHernandez!J:J) -> 11.178953 | J14: =AVERAGE(VicenteHernandez!K:K) -> 0.18181818 | K14: 0
A15: Jug14 | B15: =AVERAGE(VicenteLineros!C:C) -> 1.871441 | C15: =AVERAGE(VicenteLineros!D:D) -> 0.99460258 | D15: =AVERAGE(VicenteLineros!E:E) -> 1.9975855 | E15: =AVERAGE(VicenteLineros!F:F) -> 9.3683815 | F15: =AVERAGE(VicenteLineros!G:G) -> 0.31523054 | G15: =AVERAGE(VicenteLineros!H:H) -> 2.6512727 | H15: =AVERAGE(VicenteLineros!I:I) -> 22.509406 | I15: =AVERAGE(VicenteLineros!J:J) -> 12.068807 | J15: =AVERAGE(VicenteLineros!K:K) -> 0 | K15: 0
A16: Jug15 | B16: =AVERAGE(yoelchupa!C:C) -> 1.5613059 | C16: =AVERAGE(yoelchupa!D:D) -> 1 | D16: =AVERAGE(yoelchupa!E:E) -> 2.2980434 | E16: =AVERAGE(yoelchupa!F:F) -> 9.7532286 | F16: =AVERAGE(yoelchupa!G:G) -> 0.23672656 | G16: =AVERAGE(yoelchupa!H:H) -> 1.8900554 | H16: =AVERAGE(yoelchupa!I:I) -> 16.56172 | I16: =AVERAGE(yoelchupa!J:J) -> 5.132675 | J16: =AVERAGE(yoelchupa!K:K) -> 0 | K16: 0
A18: Percentil50 (comun) | B18: =_xlfn.PERCENTILE.EXC(B2:B16,0.5) -> 1.5578842 | C18: =_xlfn.PERCENTILE.EXC(C2:C16,0.5) -> 0.98740441 | D18: =_xlfn.PERCENTILE.EXC(D2:D16,0.5) -> 2.2419855 | E18: =_xlfn.PERCENTILE.EXC(E2:E16,0.5) -> 9.6095379 | F18: =_xlfn.PERCENTILE.EXC(F2:F16,0.5) -> 0.30102907 | G18: =_xlfn.PERCENTILE.EXC(G2:G16,0.5) -> 3.2101012 | H18: =_xlfn.PERCENTILE.EXC(H2:H16,0.5) -> 17.854379 | I18: =_xlfn.PERCENTILE.EXC(I2:I16,0.5) -> 8.3506583 | J18: =_xlfn.PERCENTILE.EXC(J2:J16,0.5) -> 0.041666667
A19: Percentil75 (activacion) | B19: =_xlfn.PERCENTILE.EXC(B2:B16,0.75) -> 1.6104253 | C19: =_xlfn.PERCENTILE.EXC(C2:C16,0.75) -> 0.99918788 | D19: =_xlfn.PERCENTILE.EXC(D2:D16,0.75) -> 3.0284165 | E19: =_xlfn.PERCENTILE.EXC(E2:E16,0.75) -> 11.079608 | F19: =_xlfn.PERCENTILE.EXC(F2:F16,0.75) -> 0.35212887 | G19: =_xlfn.PERCENTILE.EXC(G2:G16,0.75) -> 4.6020193 | H19: =_xlfn.PERCENTILE.EXC(H2:H16,0.75) -> 19.286907 | I19: =_xlfn.PERCENTILE.EXC(I2:I16,0.75) -> 10.587141 | J19: =_xlfn.PERCENTILE.EXC(J2:J16,0.75) -> 0.12045455
A20: Percentil90 (critico) | B20: =_xlfn.PERCENTILE.EXC(B2:B16,0.9) -> 1.7978116 | C20: =_xlfn.PERCENTILE.EXC(C2:C16,0.9) -> 1 | D20: =_xlfn.PERCENTILE.EXC(D2:D16,0.9) -> 3.9780593 | E20: =_xlfn.PERCENTILE.EXC(E2:E16,0.9) -> 12.347691 | F20: =_xlfn.PERCENTILE.EXC(F2:F16,0.9) -> 0.43044707 | G20: =_xlfn.PERCENTILE.EXC(G2:G16,0.9) -> 6.0222182 | H20: =_xlfn.PERCENTILE.EXC(H2:H16,0.9) -> 22.537283 | I20: =_xlfn.PERCENTILE.EXC(I2:I16,0.9) -> 12.984577 | J20: =_xlfn.PERCENTILE.EXC(J2:J16,0.9) -> 0.22034632
