Workbook

Sheet adap_CataAguilar
A1: Checkpoint | B1: Tiempo Absoluto (seg) | C1: Tiempo Desde Anterior (seg) | D1: Muertes entre checkpoints | E1: Muertes totales | F1: Muertes por enemigos | G1: Muertes por vacío | H1: Enemigos eliminados | I1: Disparos Blaster | J1: Acertados Blaster | K1: Fallados Blaster | L1: Precisión Blaster (%) | M1: Disparos Escopeta | N1: Acertados Escopeta | O1: Fallados Escopeta | P1: Precisión Escopeta (%) | Q1: Disparos Totales | R1: Acertados Totales | S1: Fallados Totales | T1: Precisión Total (%)
A2: Checkpoint_1 | B2: 0.3 | C2: 0 | D2: 0 | E2: 0 | F2: 0 | G2: 0 | H2: 0 | I2: 0 | J2: 0 | K2: 0 | L2: 0 | M2: 0 | N2: 0 | O2: 0 | P2: 0 | Q2: 0 | R2: 0 | S2: 0 | T2: 0
A3: Checkpoint_2 | B3: 137.46 | C3: 137.16 | D3: 0 | E3: 0 | F3: 0 | G3: 0 | H3: 6 | I3: 89 | J3: 42 | K3: 47 | L3: 47.2 | M3: 0 | N3: 0 | O3: 0 | P3: 0 | Q3: 89 | R3: 42 | S3: 47 | T3: 47.2
A4: Checkpoint_3 | B4: 206.68 | C4: 69.22 | D4: 0 | E4: 0 | F4: 0 | G4: 0 | H4: 0 | I4: 30 | J4: 27 | K4: 3 | L4: 90 | M4: 0 | N4: 0 | O4: 0 | P4: 0 | Q4: 30 | R4: 27 | S4: 3 | T4: 90
A5: Checkpoint_4 | B5: 288.32 | C5: 81.64 | D5: 1 | E5: 1 | F5: 0 | G5: 1 | H5: 0 | I5: 0 | J5: 0 | K5: 0 | L5: 0 | M5: 0 | N5: 0 | O5: 0 | P5: 0 | Q5: 0 | R5: 0 | S5: 0 | T5: 0
A6: Checkpoint_5 | B6: 665.58 | C6: 377.26 | D6: 12 | E6: 13 | F6: 0 | G6: 12 | H6: 1 | I6: 0 | J6: 0 | K6: 0 | L6: 0 | M6: 0 | N6: 0 | O6: 0 | P6: 0 | Q6: 0 | R6: 0 | S6: 0 | T6: 0
A7: Checkpoint_6 | B7: 53.62 | C7: 0 | D7: 0 | E7: 0 | F7: 0 | G7: 0 | H7: 0 | I7: 0 | J7: 0 | K7: 0 | L7: 0 | M7: 0 | N7: 0 | O7: 0 | P7: 0 | Q7: 0 | R7: 0 | S7: 0 | T7: 0
A8: Checkpoint_7 | B8: 80.24 | C8: 26.62 | D8: 1 | E8: 1 | F8: 1 | G8: 0 | H8: 4 | I8: 42 | J8: 34 | K8: 8 | L8: 81 | M8: 0 | N8: 0 | O8: 0 | P8: 0 | Q8: 42 | R8: 34 | S8: 8 | T8: 81
A9: Checkpoint_8 | B9: 164.74 | C9: 84.5 | D9: 4 | E9: 5 | F9: 0 | G9: 4 | H9: 0 | I9: 0 | J9: 0 | K9: 0 | L9: 0 | M9: 0 | N9: 0 | O9: 0 | P9: 0 | Q9: 0 | R9: 0 | S9: 0 | T9: 0
A10: Checkpoint_9 | B10: 446.72 | C10: 281.98 | D10: 17 | E10: 22 | F10: 0 | G10: 17 | H10: 0 | I10: 0 | J10: 0 | K10: 0 | L10: 0 | M10: 0 | N10: 0 | O10: 0 | P10: 0 | Q10: 0 | R10: 0 | S10: 0 | T10: 0
A11: Checkpoint_10 | B11: 460.68 | C11: 13.96 | D11: 0 | E11: 22 | F11: 0 | G11: 0 | H11: 0 | I11: 0 | J11: 0 | K11: 0 | L11: 0 | M11: 0 | N11: 0 | O11: 0 | P11: 0 | Q11: 0 | R11: 0 | S11: 0 | T11: 0
A12: Final_Level | B12: 453.95 | C12: 453.95 | D12: 5 | E12: 5 | F12: 0 | G12: 5 | H12: 4 | I12: 259 | J12: 194 | K12: 65 | L12: 74.9 | M12: 10 | N12: 2 | O12: 8 | P12: 20 | Q12: 269 | R12: 196 | S12: 73 | T12: 72.9

Sheet adap_GonzaloCampos
A1: Checkpoint | B1: Tiempo Absoluto (seg) | C1: Tiempo Desde Anterior (seg) | D1: Muertes entre checkpoints | E1: Muertes totales | F1: Muertes por enemigos | G1: Muertes por vacío | H1: Enemigos eliminados | I1: Disparos Blaster | J1: Acertados Blaster | K1: Fallados Blaster | L1: Precisión Blaster (%) | M1: Disparos Escopeta | N1: Acertados Escopeta | O1: Fallados Escopeta | P1: Precisión Escopeta (%) | Q1: Disparos Totales | R1: Acertados Totales | S1: Fallados Totales | T1: Precisión Total (%)
A2: Checkpoint_1 | B2: 0 | C2: 0 | D2: 0 | E2: 0 | F2: 0 | G2: 0 | H2: 0 | I2: 0 | J2: 0 | K2: 0 | L2: 0 | M2: 0 | N2: 0 | O2: 0 | P2: 0 | Q2: 0 | R2: 0 | S2: 0 | T2: 0
A3: Checkpoint_2 | B3: 133.04 | C3: 133.04 | D3: 0 | E3: 0 | F3: 0 | G3: 0 | H3: 6 | I3: 121 | J3: 42 | K3: 79 | L3: 34.7 | M3: 0 | N3: 0 | O3: 0 | P3: 0 | Q3: 121 | R3: 42 | S3: 79 | T3: 34.7
A4: Checkpoint_3 | B4: 193.18 | C4: 60.14 | D4: 0 | E4: 0 | F4: 0 | G4: 0 | H4: 0 | I4: 53 | J4: 27 | K4: 26 | L4: 50.9 | M4: 0 | N4: 0 | O4: 0 | P4: 0 | Q4: 53 | R4: 27 | S4: 26 | T4: 50.9
A5: Checkpoint_4 | B5: 0.52 | C5: 0 | D5: 0 | E5: 0 | F5: 0 | G5: 0 | H5: 0 | I5: 0 | J5: 0 | K5: 0 | L5: 0 | M5: 0 | N5: 0 | O5: 0 | P5: 0 | Q5: 0 | R5: 0 | S5: 0 | T5: 0
A6: Checkpoint_5 | B6: 228.1 | C6: 227.58 | D6: 3 | E6: 3 | F6: 0 | G6: 3 | H6: 0 | I6: 0 | J6: 0 | K6: 0 | L6: 0 | M6: 0 | N6: 0 | O6: 0 | P6: 0 | Q6: 0 | R6: 0 | S6: 0 | T6: 0
A7: Checkpoint_6 | B7: 22.3 | C7: 0 | D7: 0 | E7: 0 | F7: 0 | G7: 0 | H7: 0 | I7: 0 | J7: 0 | K7: 0 | L7: 0 | M7: 0 | N7: 0 | O7: 0 | P7: 0 | Q7: 0 | R7: 0 | S7: 0 | T7: 0
A8: Checkpoint_7 | B8: 35.8 | C8: 13.5 | D8: 1 | E8: 1 | F8: 1 | G8: 0 | H8: 0 | I8: 19 | J8: 0 | K8: 19 | L8: 0 | M8: 1 | N8: 0 | O8: 1 | P8: 0 | Q8: 20 | R8: 0 | S8: 20 | T8: 0
A9: Checkpoint_8 | B9: 148.64 | C9: 112.84 | D9: 6 | E9: 7 | F9: 0 | G9: 6 | H9: 4 | I9: 33 | J9: 19 | K9: 14 | L9: 57.6 | M9: 1 | N9: 1 | O9: 0 | P9: 100 | Q9: 34 | R9: 20 | S9: 14 | T9: 58.8
A10: Checkpoint_9 | B10: 189.72 | C10: 41.08 | D10: 0 | E10: 7 | F10: 0 | G10: 0 | H10: 0 | I10: 0 | J10: 0 | K10: 0 | L10: 0 | M10: 0 | N10: 0 | O10: 0 | P10: 0 | Q10: 0 | R10: 0 | S10: 0 | T10: 0
A11: Checkpoint_10 | B11: 204.76 | C11: 15.04 | D11: 0 | E11: 7 | F11: 0 | G11: 0 | H11: 0 | I11: 0 | J11: 0 | K11: 0 | L11: 0 | M11: 0 | N11: 0 | O11: 0 | P11: 0 | Q11: 0 | R11: 0 | S11: 0 | T11: 0
A12: Final_Level | B12: 524.34 | C12: 319.58 | D12: 11 | E12: 18 | F12: 2 | G12: 9 | H12: 7 | I12: 442 | J12: 298 | K12: 144 | L12: 67.4 | M12: 39 | N12: 28 | O12: 11 | P12: 71.8 | Q12: 481 | R12: 326 | S12: 155 | T12: 67.8

Sheet adap_IgnaciaDelgado
A1: Checkpoint | B1: Tiempo Absoluto (seg) | C1: Tiempo Desde Anterior (seg) | D1: Muertes entre checkpoints | E1: Muertes totales | F1: Muertes por enemigos | G1: Muertes por vacío | H1: Enemigos eliminados | I1: Disparos Blaster | J1: Acertados Blaster | K1: Fallados Blaster | L1: Precisión Blaster (%) | M1: Disparos Escopeta | N1: Acertados Escopeta | O1: Fallados Escopeta | P1: Precisión Escopeta (%) | Q1: Disparos Totales | R1: Acertados Totales | S1: Fallados Totales | T1: Precisión Total (%)
A2: Checkpoint_1 | B2: 0.28 | C2: 0 | D2: 0 | E2: 0 | F2: 0 | G2: 0 | H2: 0 | I2: 0 | J2: 0 | K2: 0 | L2: 0 | M2: 0 | N2: 0 | O2: 0 | P2: 0 | Q2: 0 | R2: 0 | S2: 0 | T2: 0
A3: Checkpoint_2 | B3: 108.28 | C3: 108 | D3: 0 | E3: 0 | F3: 0 | G3: 0 | H3: 6 | I3: 80 | J3: 42 | K3: 38 | L3: 52.5 | M3: 0 | N3: 0 | O3: 0 | P3: 0 | Q3: 80 | R3: 42 | S3: 38 | T3: 52.5
A4: Checkpoint_3 | B4: 160.54 | C4: 52.26 | D4: 0 | E4: 0 | F4: 0 | G4: 0 | H4: 0 | I4: 37 | J4: 27 | K4: 10 | L4: 73 | M4: 0 | N4: 0 | O4: 0 | P4: 0 | Q4: 37 | R4: 27 | S4: 10 | T4: 73
A5: Checkpoint_4 | B5: 209.38 | C5: 48.84 | D5: 0 | E5: 0 | F5: 0 | G5: 0 | H5: 0 | I5: 0 | J5: 0 | K5: 0 | L5: 0 | M5: 0 | N5: 0 | O5: 0 | P5: 0 | Q5: 0 | R5: 0 | S5: 0 | T5: 0
A6: Checkpoint_5 | B6: 471.78 | C6: 262.4 | D6: 7 | E6: 7 | F6: 0 | G6: 7 | H6: 0 | I6: 0 | J6: 0 | K6: 0 | L6: 0 | M6: 0 | N6: 0 | O6: 0 | P6: 0 | Q6: 0 | R6: 0 | S6: 0 | T6: 0
A7: Checkpoint_6 | B7: 951.76 | C7: 479.98 | D7: 1 | E7: 8 | F7: 0 | G7: 1 | H7: 15 | I7: 220 | J7: 84 | K7: 136 | L7: 38.2 | M7: 111 | N7: 14 | O7: 97 | P7: 12.6 | Q7: 331 | R7: 98 | S7: 233 | T7: 29.6
A8: Checkpoint_7 | B8: 971.8 | C8: 20.04 | D8: 0 | E8: 8 | F8: 0 | G8: 0 | H8: 4 | I8: 34 | J8: 18 | K8: 16 | L8: 52.9 | M8: 2 | N8: 2 | O8: 0 | P8: 100 | Q8: 36 | R8: 20 | S8: 16 | T8: 55.6
A9: Checkpoint_8 | B9: 987.66 | C9: 15.86 | D9: 0 | E9: 8 | F9: 0 | G9: 0 | H9: 0 | I9: 0 | J9: 0 | K9: 0 | L9: 0 | M9: 0 | N9: 0 | O9: 0 | P9: 0 | Q9: 0 | R9: 0 | S9: 0 | T9: 0
A10: Checkpoint_9 | B10: 1057.96 | C10: 70.3 | D10: 4 | E10: 12 | F10: 0 | G10: 4 | H10: 0 | I10: 0 | J10: 0 | K10: 0 | L10: 0 | M10: 0 | N10: 0 | O10: 0 | P10: 0 | Q10: 0 | R10: 0 | S10: 0 | T10: 0
A11: Checkpoint_10 | B11: 1064.52 | C11: 6.56 | D11: 0 | E11: 12 | F11: 0 | G11: 0 | H11: 0 | I11: 0 | J11: 0 | K11: 0 | L11: 0 | M11: 0 | N11: 0 | O11: 0 | P11: 0 | Q11: 0 | R11: 0 | S11: 0 | T11: 0
A12: Final_Level | B12: 1363.42 | C12: 298.9 | D12: 8 | E12: 20 | F12: 0 | G12: 8 | H12: 6 | I12: 412 | J12: 285 | K12: 127 | L12: 69.2 | M12: 8 | N12: 5 | O12: 3 | P12: 62.5 | Q12: 420 | R12: 290 | S12: 130 | T12: 69
B14: 22.723667

Sheet adap_IsidoraToledo
A1: Checkpoint | B1: Tiempo Absoluto (seg) | C1: Tiempo Desde Anterior (seg) | D1: Muertes entre checkpoints | E1: Muertes totales | F1: Muertes por enemigos | G1: Muertes por vacío | H1: Enemigos eliminados | I1: Disparos Blaster | J1: Acertados Blaster | K1: Fallados Blaster | L1: Precisión Blaster (%) | M1: Disparos Escopeta | N1: Acertados Escopeta | O1: Fallados Escopeta | P1: Precisión Escopeta (%) | Q1: Disparos Totales | R1: Acertados Totales | S1: Fallados Totales | T1: Precisión Total (%)
A2: Checkpoint_1 | B2: 0.26 | C2: 0 | D2: 0 | E2: 0 | F2: 0 | G2: 0 | H2: 0 | I2: 0 | J2: 0 | K2: 0 | L2: 0 | M2: 0 | N2: 0 | O2: 0 | P2: 0 | Q2: 0 | R2: 0 | S2: 0 | T2: 0
A3: Checkpoint_2 | B3: 284.46 | C3: 284.2 | D3: 2 | E3: 2 | F3: 2 | G3: 0 | H3: 10 | I3: 301 | J3: 79 | K3: 222 | L3: 26.2 | M3: 0 | N3: 0 | O3: 0 | P3: 0 | Q3: 301 | R3: 79 | S3: 222 | T3: 26.2
A4: Checkpoint_3 | B4: 352.24 | C4: 67.78 | D4: 0 | E4: 2 | F4: 0 | G4: 0 | H4: 0 | I4: 65 | J4: 27 | K4: 38 | L4: 41.5 | M4: 0 | N4: 0 | O4: 0 | P4: 0 | Q4: 65 | R4: 27 | S4: 38 | T4: 41.5
A5: Checkpoint_4 | B5: 416.08 | C5: 63.84 | D5: 1 | E5: 3 | F5: 0 | G5: 1 | H5: 0 | I5: 0 | J5: 0 | K5: 0 | L5: 0 | M5: 0 | N5: 0 | O5: 0 | P5: 0 | Q5: 0 | R5: 0 | S5: 0 | T5: 0
A6: Checkpoint_5 | B6: 132.98 | C6: 132.34 | D6: 0 | E6: 0 | F6: 0 | G6: 0 | H6: 0 | I6: 0 | J6: 0 | K6: 0 | L6: 0 | M6: 0 | N6: 0 | O6: 0 | P6: 0 | Q6: 0 | R6: 0 | S6: 0 | T6: 0
A7: Checkpoint_6 | B7: 26.16 | C7: 0 | D7: 0 | E7: 0 | F7: 0 | G7: 0 | H7: 0 | I7: 0 | J7: 0 | K7: 0 | L7: 0 | M7: 2 | N7: 0 | O7: 2 | P7: 0 | Q7: 2 | R7: 0 | S7: 2 | T7: 0
A8: Checkpoint_7 | B8: 73.76 | C8: 47.6 | D8: 0 | E8: 0 | F8: 0 | G8: 0 | H8: 4 | I8: 61 | J8: 28 | K8: 33 | L8: 45.9 | M8: 0 | N8: 0 | O8: 0 | P8: 0 | Q8: 61 | R8: 28 | S8: 33 | T8: 45.9
A9: Checkpoint_8 | B9: 169.94 | C9: 96.18 | D9: 5 | E9: 5 | F9: 0 | G9: 5 | H9: 0 | I9: 0 | J9: 0 | K9: 0 | L9: 0 | M9: 0 | N9: 0 | O9: 0 | P9: 0 | Q9: 0 | R9: 0 | S9: 0 | T9: 0
A10: Checkpoint_9 | B10: 330.74 | C10: 160.8 | D10: 6 | E10: 11 | F10: 0 | G10: 6 | H10: 0 | I10: 0 | J10: 0 | K10: 0 | L10: 0 | M10: 0 | N10: 0 | O10: 0 | P10: 0 | Q10: 0 | R10: 0 | S10: 0 | T10: 0
A11: Checkpoint_10 | B11: 374.72 | C11: 43.98 | D11: 0 | E11: 11 | F11: 0 | G11: 0 | H11: 0 | I11: 0 | J11: 0 | K11: 0 | L11: 0 | M11: 0 | N11: 0 | O11: 0 | P11: 0 | Q11: 0 | R11: 0 | S11: 0 | T11: 0
A12: Final_Level | B12: 396.52 | C12: 328.48 | D12: 3 | E12: 3 | F12: 1 | G12: 2 | H12: 4 | I12: 412 | J12: 243 | K12: 169 | L12: 59 | M12: 2 | N12: 1 | O12: 1 | P12: 50 | Q12: 414 | R12: 244 | S12: 170 | T12: 58.9

Sheet adap_JavierSalinas
A1: Checkpoint | B1: Tiempo Absoluto (seg) | C1: Tiempo Desde Anterior (seg) | D1: Muertes entre checkpoints | E1: Muertes totales | F1: Muertes por enemigos | G1: Muertes por vacÃ­o | H1: Enemigos eliminados | I1: Disparos Blaster | J1: Acertados Blaster | K1: Fallados Blaster | L1: PrecisiÃ³n Blaster (%) | M1: Disparos Escopeta | N1: Acertados Escopeta | O1: Fallados Escopeta | P1: PrecisiÃ³n Escopeta (%) | Q1: Disparos Totales | R1: Acertados Totales | S1: Fallados Totales | T1: PrecisiÃ³n Total (%)
A2: Checkpoint_1 | B2: 0 | C2: 0 | D2: 0 | E2: 0 | F2: 0 | G2: 0 | H2: 0 | I2: 0 | J2: 0 | K2: 0 | L2: 0 | M2: 0 | N2: 0 | O2: 0 | P2: 0 | Q2: 0 | R2: 0 | S2: 0 | T2: 0
A3: Checkpoint_2 | B3: 308.32 | C3: 308.32 | D3: 4 | E3: 4 | F3: 3 | G3: 1 | H3: 6 | I3: 277 | J3: 57 | K3: 220 | L3: 20.6 | M3: 0 | N3: 0 | O3: 0 | P3: 0 | Q3: 277 | R3: 57 | S3: 220 | T3: 20.6
A4: Checkpoint_3 | B4: 398.26 | C4: 89.94 | D4: 0 | E4: 4 | F4: 0 | G4: 0 | H4: 0 | I4: 64 | J4: 27 | K4: 37 | L4: 42.2 | M4: 0 | N4: 0 | O4: 0 | P4: 0 | Q4: 64 | R4: 27 | S4: 37 | T4: 42.2
A5: Checkpoint_4 | B5: 1059.68 | C5: 661.42 | D5: 19 | E5: 23 | F5: 0 | G5: 19 | H5: 1 | I5: 0 | J5: 0 | K5: 0 | L5: 0 | M5: 0 | N5: 0 | O5: 0 | P5: 0 | Q5: 0 | R5: 0 | S5: 0 | T5: 0
A6: Checkpoint_5 | B6: 1286.46 | C6: 226.78 | D6: 8 | E6: 31 | F6: 0 | G6: 8 | H6: 0 | I6: 0 | J6: 0 | K6: 0 | L6: 0 | M6: 0 | N6: 0 | O6: 0 | P6: 0 | Q6: 0 | R6: 0 | S6: 0 | T6: 0
A7: Checkpoint_6 | B7: 9.7 | C7: 0 | D7: 0 | E7: 0 | F7: 0 | G7: 0 | H7: 0 | I7: 0 | J7: 0 | K7: 0 | L7: 0 | M7: 0 | N7: 0 | O7: 0 | P7: 0 | Q7: 0 | R7: 0 | S7: 0 | T7: 0
A8: Checkpoint_7 | B8: 49.04 | C8: 39.34 | D8: 1 | E8: 1 | F8: 1 | G8: 0 | H8: 4 | I8: 79 | J8: 29 | K8: 50 | L8: 36.7 | M8: 0 | N8: 0 | O8: 0 | P8: 0 | Q8: 79 | R8: 29 | S8: 50 | T8: 36.7
A9: Checkpoint_8 | B9: 239.72 | C9: 190.68 | D9: 13 | E9: 14 | F9: 0 | G9: 13 | H9: 0 | I9: 6 | J9: 0 | K9: 6 | L9: 0 | M9: 0 | N9: 0 | O9: 0 | P9: 0 | Q9: 6 | R9: 0 | S9: 6 | T9: 0
A10: Checkpoint_9 | B10: 315.86 | C10: 76.14 | D10: 4 | E10: 18 | F10: 0 | G10: 4 | H10: 0 | I10: 2 | J10: 0 | K10: 2 | L10: 0 | M10: 0 | N10: 0 | O10: 0 | P10: 0 | Q10: 2 | R10: 0 | S10: 2 | T10: 0
A11: Checkpoint_10 | B11: 322.72 | C11: 6.86 | D11: 0 | E11: 18 | F11: 0 | G11: 0 | H11: 0 | I11: 0 | J11: 0 | K11: 0 | L11: 0 | M11: 0 | N11: 0 | O11: 0 | P11: 0 | Q11: 0 | R11: 0 | S11: 0 | T11: 0

Sheet adap_MariannaMaregatti
A1: Checkpoint | B1: Tiempo Absoluto (seg) | C1: Tiempo Desde Anterior (seg) | D1: Muertes entre checkpoints | E1: Muertes totales | F1: Muertes por enemigos | G1: Muertes por vacío | H1: Enemigos eliminados | I1: Disparos Blaster | J1: Acertados Blaster | K1: Fallados Blaster | L1: Precisión Blaster (%) | M1: Disparos Escopeta | N1: Acertados Escopeta | O1: Fallados Escopeta | P1: Precisión Escopeta (%) | Q1: Disparos Totales | R1: Acertados Totales | S1: Fallados Totales | T1: Precisión Total (%)
A2: Checkpoint_1 | B2: 0.46 | C2: 0 | D2: 0 | E2: 0 | F2: 0 | G2: 0 | H2: 0 | I2: 0 | J2: 0 | K2: 0 | L2: 0 | M2: 0 | N2: 0 | O2: 0 | P2: 0 | Q2: 0 | R2: 0 | S2: 0 | T2: 0
A3: Checkpoint_2 | B3: 159.84 | C3: 159.38 | D3: 1 | E3: 1 | F3: 1 | G3: 0 | H3: 7 | I3: 210 | J3: 52 | K3: 158 | L3: 24.8 | M3: 0 | N3: 0 | O3: 0 | P3: 0 | Q3: 210 | R3: 52 | S3: 158 | T3: 24.8
A4: Checkpoint_3 | B4: 251.96 | C4: 92.12 | D4: 0 | E4: 1 | F4: 0 | G4: 0 | H4: 0 | I4: 94 | J4: 27 | K4: 67 | L4: 28.7 | M4: 0 | N4: 0 | O4: 0 | P4: 0 | Q4: 94 | R4: 27 | S4: 67 | T4: 28.7
A5: Checkpoint_4 | B5: 822.64 | C5: 570.68 | D5: 12 | E5: 13 | F5: 0 | G5: 12 | H5: 0 | I5: 24 | J5: 0 | K5: 24 | L5: 0 | M5: 0 | N5: 0 | O5: 0 | P5: 0 | Q5: 24 | R5: 0 | S5: 24 | T5: 0
A6: Checkpoint_5 | B6: 1049.02 | C6: 226.38 | D6: 7 | E6: 20 | F6: 0 | G6: 7 | H6: 3 | I6: 3 | J6: 0 | K6: 3 | L6: 0 | M6: 0 | N6: 0 | O6: 0 | P6: 0 | Q6: 3 | R6: 0 | S6: 3 | T6: 0
A7: Checkpoint_6 | B7: 0 | C7: 0 | D7: 0 | E7: 0 | F7: 0 | G7: 0 | H7: 0 | I7: 0 | J7: 0 | K7: 0 | L7: 0 | M7: 0 | N7: 0 | O7: 0 | P7: 0 | Q7: 0 | R7: 0 | S7: 0 | T7: 0
A8: Checkpoint_7 | B8: 45.38 | C8: 45.38 | D8: 0 | E8: 0 | F8: 0 | G8: 0 | H8: 4 | I8: 81 | J8: 17 | K8: 64 | L8: 21 | M8: 3 | N8: 2 | O8: 1 | P8: 66.7 | Q8: 84 | R8: 19 | S8: 65 | T8: 22.6
A9: Checkpoint_8 | B9: 91.44 | C9: 46.06 | D9: 1 | E9: 1 | F9: 0 | G9: 1 | H9: 0 | I9: 0 | J9: 0 | K9: 0 | L9: 0 | M9: 0 | N9: 0 | O9: 0 | P9: 0 | Q9: 0 | R9: 0 | S9: 0 | T9: 0
A10: Checkpoint_9 | B10: 419.88 | C10: 328.44 | D10: 21 | E10: 22 | F10: 0 | G10: 21 | H10: 0 | I10: 0 | J10: 0 | K10: 0 | L10: 0 | M10: 0 | N10: 0 | O10: 0 | P10: 0 | Q10: 0 | R10: 0 | S10: 0 | T10: 0
A11: Checkpoint_10 | B11: 446.24 | C11: 26.36 | D11: 0 | E11: 22 | F11: 0 | G11: 0 | H11: 0 | I11: 0 | J11: 0 | K11: 0 | L11: 0 | M11: 0 | N11: 0 | O11: 0 | P11: 0 | Q11: 0 | R11: 0 | S11: 0 | T11: 0
A12: Final_Level | B12: 1478.12 | C12: 1031.88 | D12: 30 | E12: 52 | F12: 2 | G12: 28 | H12: 16 | I12: 809 | J12: 355 | K12: 454 | L12: 43.9 | M12: 192 | N12: 70 | O12: 122 | P12: 36.5 | Q12: 1001 | R12: 425 | S12: 576 | T12: 42.5

Sheet adap_SebastianRatto
A1: Checkpoint | B1: Tiempo Absoluto (seg) | C1: Tiempo Desde Anterior (seg) | D1: Muertes entre checkpoints | E1: Muertes totales | F1: Muertes por enemigos | G1: Muertes por vacío | H1: Enemigos eliminados | I1: Disparos Blaster | J1: Acertados Blaster | K1: Fallados Blaster | L1: Precisión Blaster (%) | M1: Disparos Escopeta | N1: Acertados Escopeta | O1: Fallados Escopeta | P1: Precisión Escopeta (%) | Q1: Disparos Totales | R1: Acertados Totales | S1: Fallados Totales | T1: Precisión Total (%)
A2: Checkpoint_1 | B2: 0.26 | C2: 0 | D2: 0 | E2: 0 | F2: 0 | G2: 0 | H2: 0 | I2: 0 | J2: 0 | K2: 0 | L2: 0 | M2: 0 | N2: 0 | O2: 0 | P2: 0 | Q2: 0 | R2: 0 | S2: 0 | T2: 0
A3: Checkpoint_2 | B3: 137.84 | C3: 137.58 | D3: 0 | E3: 0 | F3: 0 | G3: 0 | H3: 6 | I3: 121 | J3: 42 | K3: 79 | L3: 34.7 | M3: 0 | N3: 0 | O3: 0 | P3: 0 | Q3: 121 | R3: 42 | S3: 79 | T3: 34.7
A4: Checkpoint_3 | B4: 237.14 | C4: 99.3 | D4: 0 | E4: 0 | F4: 0 | G4: 0 | H4: 0 | I4: 60 | J4: 27 | K4: 33 | L4: 45 | M4: 0 | N4: 0 | O4: 0 | P4: 0 | Q4: 60 | R4: 27 | S4: 33 | T4: 45
A5: Checkpoint_4 | B5: 334.62 | C5: 97.48 | D5: 1 | E5: 1 | F5: 0 | G5: 1 | H5: 0 | I5: 0 | J5: 0 | K5: 0 | L5: 0 | M5: 0 | N5: 0 | O5: 0 | P5: 0 | Q5: 0 | R5: 0 | S5: 0 | T5: 0
A6: Checkpoint_5 | B6: 431.44 | C6: 96.82 | D6: 2 | E6: 3 | F6: 0 | G6: 2 | H6: 0 | I6: 0 | J6: 0 | K6: 0 | L6: 0 | M6: 0 | N6: 0 | O6: 0 | P6: 0 | Q6: 0 | R6: 0 | S6: 0 | T6: 0
A7: Checkpoint_6 | B7: 14.66 | C7: 0 | D7: 0 | E7: 0 | F7: 0 | G7: 0 | H7: 0 | I7: 0 | J7: 0 | K7: 0 | L7: 0 | M7: 0 | N7: 0 | O7: 0 | P7: 0 | Q7: 0 | R7: 0 | S7: 0 | T7: 0
A8: Checkpoint_7 | B8: 44.42 | C8: 29.76 | D8: 0 | E8: 0 | F8: 0 | G8: 0 | H8: 4 | I8: 56 | J8: 27 | K8: 29 | L8: 48.2 | M8: 1 | N8: 1 | O8: 0 | P8: 100 | Q8: 57 | R8: 28 | S8: 29 | T8: 49.1
A9: Checkpoint_8 | B9: 142.04 | C9: 97.62 | D9: 5 | E9: 5 | F9: 0 | G9: 5 | H9: 0 | I9: 14 | J9: 0 | K9: 14 | L9: 0 | M9: 0 | N9: 0 | O9: 0 | P9: 0 | Q9: 14 | R9: 0 | S9: 14 | T9: 0
A10: Checkpoint_9 | B10: 214.18 | C10: 72.14 | D10: 4 | E10: 9 | F10: 0 | G10: 4 | H10: 0 | I10: 0 | J10: 0 | K10: 0 | L10: 0 | M10: 0 | N10: 0 | O10: 0 | P10: 0 | Q10: 0 | R10: 0 | S10: 0 | T10: 0
A11: Checkpoint_10 | B11: 222.72 | C11: 8.54 | D11: 0 | E11: 9 | F11: 0 | G11: 0 | H11: 0 | I11: 0 | J11: 0 | K11: 0 | L11: 0 | M11: 0 | N11: 0 | O11: 0 | P11: 0 | Q11: 0 | R11: 0 | S11: 0 | T11: 0
A12: Final_Level | B12: 872.95 | C12: 650.23 | D12: 15 | E12: 24 | F12: 0 | G12: 15 | H12: 25 | I12: 726 | J12: 587 | K12: 139 | L12: 80.9 | M12: 92 | N12: 57 | O12: 35 | P12: 62 | Q12: 818 | R12: 644 | S12: 174 | T12: 78.7

Sheet adap_SofiaVidal
A1: Checkpoint | B1: Tiempo Absoluto (seg) | C1: Tiempo Desde Anterior (seg) | D1: Muertes entre checkpoints | E1: Muertes totales | F1: Muertes por enemigos | G1: Muertes por vacío | H1: Enemigos eliminados | I1: Disparos Blaster | J1: Acertados Blaster | K1: Fallados Blaster | L1: Precisión Blaster (%) | M1: Disparos Escopeta | N1: Acertados Escopeta | O1: Fallados Escopeta | P1: Precisión Escopeta (%) | Q1: Disparos Totales | R1: Acertados Totales | S1: Fallados Totales | T1: Precisión Total (%)
A2: Checkpoint_1 | B2: 0.28 | C2: 0 | D2: 0 | E2: 0 | F2: 0 | G2: 0 | H2: 0 | I2: 0 | J2: 0 | K2: 0 | L2: 0 | M2: 0 | N2: 0 | O2: 0 | P2: 0 | Q2: 0 | R2: 0 | S2: 0 | T2: 0
A3: Checkpoint_2 | B3: 421.92 | C3: 421.64 | D3: 4 | E3: 4 | F3: 4 | G3: 0 | H3: 19 | I3: 349 | J3: 138 | K3: 211 | L3: 39.5 | M3: 0 | N3: 0 | O3: 0 | P3: 0 | Q3: 349 | R3: 138 | S3: 211 | T3: 39.5
A4: Checkpoint_3 | B4: 498.16 | C4: 76.24 | D4: 0 | E4: 4 | F4: 0 | G4: 0 | H4: 0 | I4: 48 | J4: 27 | K4: 21 | L4: 56.3 | M4: 0 | N4: 0 | O4: 0 | P4: 0 | Q4: 48 | R4: 27 | S4: 21 | T4: 56.3
A5: Checkpoint_4 | B5: 1680.8 | C5: 1182.64 | D5: 24 | E5: 28 | F5: 0 | G5: 24 | H5: 0 | I5: 0 | J5: 0 | K5: 0 | L5: 0 | M5: 0 | N5: 0 | O5: 0 | P5: 0 | Q5: 0 | R5: 0 | S5: 0 | T5: 0
A6: Checkpoint_5 | B6: 1958.36 | C6: 277.56 | D6: 8 | E6: 36 | F6: 0 | G6: 8 | H6: 1 | I6: 0 | J6: 0 | K6: 0 | L6: 0 | M6: 0 | N6: 0 | O6: 0 | P6: 0 | Q6: 0 | R6: 0 | S6: 0 | T6: 0
A7: Checkpoint_6 | B7: 4232.02 | C7: 2273.66 | D7: 11 | E7: 47 | F7: 8 | G7: 3 | H7: 18 | I7: 1048 | J7: 140 | K7: 908 | L7: 13.4 | M7: 219 | N7: 12 | O7: 207 | P7: 5.5 | Q7: 1267 | R7: 152 | S7: 1115 | T7: 12
A8: Checkpoint_7 | B8: 4263.74 | C8: 31.72 | D8: 1 | E8: 48 | F8: 1 | G8: 0 | H8: 4 | I8: 50 | J8: 28 | K8: 22 | L8: 56 | M8: 2 | N8: 0 | O8: 2 | P8: 0 | Q8: 52 | R8: 28 | S8: 24 | T8: 53.8
A9: Checkpoint_8 | B9: 4319.06 | C9: 55.32 | D9: 2 | E9: 50 | F9: 0 | G9: 2 | H9: 0 | I9: 0 | J9: 0 | K9: 0 | L9: 0 | M9: 0 | N9: 0 | O9: 0 | P9: 0 | Q9: 0 | R9: 0 | S9: 0 | T9: 0
A10: Checkpoint_9 | B10: 4394.54 | C10: 75.48 | D10: 4 | E10: 54 | F10: 0 | G10: 4 | H10: 0 | I10: 0 | J10: 0 | K10: 0 | L10: 0 | M10: 0 | N10: 0 | O10: 0 | P10: 0 | Q10: 0 | R10: 0 | S10: 0 | T10: 0
A11: Checkpoint_10 | B11: 4419.74 | C11: 25.2 | D11: 0 | E11: 54 | F11: 0 | G11: 0 | H11: 0 | I11: 0 | J11: 0 | K11: 0 | L11: 0 | M11: 0 | N11: 0 | O11: 0 | P11: 0 | Q11: 0 | R11: 0 | S11: 0 | T11: 0

Sheet adap_VicenteOlguin
A1: Checkpoint | B1: Tiempo Absoluto (seg) | C1: Tiempo Desde Anterior (seg) | D1: Muertes entre checkpoints | E1: Muertes totales | F1: Muertes por enemigos | G1: Muertes por vacío | H1: Enemigos eliminados | I1: Disparos Blaster | J1: Acertados Blaster | K1: Fallados Blaster | L1: Precisión Blaster (%) | M1: Disparos Escopeta | N1: Acertados Escopeta | O1: Fallados Escopeta | P1: Precisión Escopeta (%) | Q1: Disparos Totales | R1: Acertados Totales | S1: Fallados Totales | T1: Precisión Total (%)
A2: Checkpoint_1 | B2: 0.28 | C2: 0 | D2: 0 | E2: 0 | F2: 0 | G2: 0 | H2: 0 | I2: 0 | J2: 0 | K2: 0 | L2: 0 | M2: 0 | N2: 0 | O2: 0 | P2: 0 | Q2: 0 | R2: 0 | S2: 0 | T2: 0
A3: Checkpoint_2 | B3: 173.64 | C3: 173.36 | D3: 1 | E3: 1 | F3: 1 | G3: 0 | H3: 7 | I3: 215 | J3: 55 | K3: 160 | L3: 25.6 | M3: 0 | N3: 0 | O3: 0 | P3: 0 | Q3: 215 | R3: 55 | S3: 160 | T3: 25.6
A4: Checkpoint_3 | B4: 224 | C4: 50.36 | D4: 0 | E4: 1 | F4: 0 | G4: 0 | H4: 0 | I4: 45 | J4: 27 | K4: 18 | L4: 60 | M4: 0 | N4: 0 | O4: 0 | P4: 0 | Q4: 45 | R4: 27 | S4: 18 | T4: 60
A5: Checkpoint_4 | B5: 298.34 | C5: 74.34 | D5: 0 | E5: 1 | F5: 0 | G5: 0 | H5: 0 | I5: 7 | J5: 0 | K5: 7 | L5: 0 | M5: 0 | N5: 0 | O5: 0 | P5: 0 | Q5: 7 | R5: 0 | S5: 7 | T5: 0
A6: Checkpoint_5 | B6: 470.38 | C6: 172.04 | D6: 5 | E6: 6 | F6: 0 | G6: 5 | H6: 0 | I6: 0 | J6: 0 | K6: 0 | L6: 0 | M6: 0 | N6: 0 | O6: 0 | P6: 0 | Q6: 0 | R6: 0 | S6: 0 | T6: 0
A7: Checkpoint_6 | B7: 1078 | C7: 607.62 | D7: 0 | E7: 6 | F7: 0 | G7: 0 | H7: 15 | I7: 393 | J7: 88 | K7: 305 | L7: 22.4 | M7: 131 | N7: 7 | O7: 124 | P7: 5.3 | Q7: 524 | R7: 95 | S7: 429 | T7: 18.1
A8: Checkpoint_7 | B8: 1111.4 | C8: 33.4 | D8: 3 | E8: 9 | F8: 2 | G8: 1 | H8: 4 | I8: 46 | J8: 33 | K8: 13 | L8: 71.7 | M8: 5 | N8: 0 | O8: 5 | P8: 0 | Q8: 51 | R8: 33 | S8: 18 | T8: 64.7
A9: Checkpoint_8 | B9: 1129.4 | C9: 18 | D9: 0 | E9: 9 | F9: 0 | G9: 0 | H9: 0 | I9: 0 | J9: 0 | K9: 0 | L9: 0 | M9: 0 | N9: 0 | O9: 0 | P9: 0 | Q9: 0 | R9: 0 | S9: 0 | T9: 0
A10: Checkpoint_9 | B10: 1164.74 | C10: 35.34 | D10: 1 | E10: 10 | F10: 0 | G10: 1 | H10: 0 | I10: 0 | J10: 0 | K10: 0 | L10: 0 | M10: 0 | N10: 0 | O10: 0 | P10: 0 | Q10: 0 | R10: 0 | S10: 0 | T10: 0
A11: Checkpoint_10 | B11: 1173.72 | C11: 8.98 | D11: 0 | E11: 10 | F11: 0 | G11: 0 | H11: 0 | I11: 0 | J11: 0 | K11: 0 | L11: 0 | M11: 0 | N11: 0 | O11: 0 | P11: 0 | Q11: 0 | R11: 0 | S11: 0 | T11: 0

Sheet adap_VicenteQuintana
A1: Checkpoint | B1: Tiempo Absoluto (seg) | C1: Tiempo Desde Anterior (seg) | D1: Muertes entre checkpoints | E1: Muertes totales | F1: Muertes por enemigos | G1: Muertes por vacío | H1: Enemigos eliminados | I1: Disparos Blaster | J1: Acertados Blaster | K1: Fallados Blaster | L1: Precisión Blaster (%) | M1: Disparos Escopeta | N1: Acertados Escopeta | O1: Fallados Escopeta | P1: Precisión Escopeta (%) | Q1: Disparos Totales | R1: Acertados Totales | S1: Fallados Totales | T1: Precisión Total (%)
A2: Checkpoint_1 | B2: 0.4 | C2: 0 | D2: 0 | E2: 0 | F2: 0 | G2: 0 | H2: 0 | I2: 0 | J2: 0 | K2: 0 | L2: 0 | M2: 0 | N2: 0 | O2: 0 | P2: 0 | Q2: 0 | R2: 0 | S2: 0 | T2: 0
A3: Checkpoint_2 | B3: 79.72 | C3: 79.32 | D3: 0 | E3: 0 | F3: 0 | G3: 0 | H3: 6 | I3: 138 | J3: 42 | K3: 96 | L3: 30.4 | M3: 0 | N3: 0 | O3: 0 | P3: 0 | Q3: 138 | R3: 42 | S3: 96 | T3: 30.4
A4: Checkpoint_3 | B4: 131.72 | C4: 52 | D4: 0 | E4: 0 | F4: 0 | G4: 0 | H4: 0 | I4: 49 | J4: 27 | K4: 22 | L4: 55.1 | M4: 0 | N4: 0 | O4: 0 | P4: 0 | Q4: 49 | R4: 27 | S4: 22 | T4: 55.1
A5: Checkpoint_4 | B5: 252.16 | C5: 120.44 | D5: 3 | E5: 3 | F5: 0 | G5: 3 | H5: 0 | I5: 0 | J5: 0 | K5: 0 | L5: 0 | M5: 0 | N5: 0 | O5: 0 | P5: 0 | Q5: 0 | R5: 0 | S5: 0 | T5: 0
A6: Checkpoint_5 | B6: 290.54 | C6: 38.38 | D6: 0 | E6: 3 | F6: 0 | G6: 0 | H6: 0 | I6: 0 | J6: 0 | K6: 0 | L6: 0 | M6: 0 | N6: 0 | O6: 0 | P6: 0 | Q6: 0 | R6: 0 | S6: 0 | T6: 0
A7: Checkpoint_6 | B7: 4.1 | C7: 0 | D7: 0 | E7: 0 | F7: 0 | G7: 0 | H7: 0 | I7: 0 | J7: 0 | K7: 0 | L7: 0 | M7: 0 | N7: 0 | O7: 0 | P7: 0 | Q7: 0 | R7: 0 | S7: 0 | T7: 0
A8: Checkpoint_7 | B8: 20.18 | C8: 16.08 | D8: 0 | E8: 0 | F8: 0 | G8: 0 | H8: 4 | I8: 30 | J8: 21 | K8: 9 | L8: 70 | M8: 2 | N8: 0 | O8: 2 | P8: 0 | Q8: 32 | R8: 21 | S8: 11 | T8: 65.6
A9: Checkpoint_8 | B9: 40.32 | C9: 20.14 | D9: 0 | E9: 0 | F9: 0 | G9: 0 | H9: 0 | I9: 0 | J9: 0 | K9: 0 | L9: 0 | M9: 0 | N9: 0 | O9: 0 | P9: 0 | Q9: 0 | R9: 0 | S9: 0 | T9: 0
A10: Checkpoint_9 | B10: 61.7 | C10: 21.38 | D10: 0 | E10: 0 | F10: 0 | G10: 0 | H10: 0 | I10: 0 | J10: 0 | K10: 0 | L10: 0 | M10: 0 | N10: 0 | O10: 0 | P10: 0 | Q10: 0 | R10: 0 | S10: 0 | T10: 0
A11: Checkpoint_10 | B11: 67.66 | C11: 5.96 | D11: 0 | E11: 0 | F11: 0 | G11: 0 | H11: 0 | I11: 0 | J11: 0 | K11: 0 | L11: 0 | M11: 0 | N11: 0 | O11: 0 | P11: 0 | Q11: 0 | R11: 0 | S11: 0 | T11: 0

Sheet adap_VicenteVidal
A1: Checkpoint | B1: Tiempo Absoluto (seg) | C1: Tiempo Desde Anterior (seg) | D1: Muertes entre checkpoints | E1: Muertes totales | F1: Muertes por enemigos | G1: Muertes por vacío | H1: Enemigos eliminados | I1: Disparos Blaster | J1: Acertados Blaster | K1: Fallados Blaster | L1: Precisión Blaster (%) | M1: Disparos Escopeta | N1: Acertados Escopeta | O1: Fallados Escopeta | P1: Precisión Escopeta (%) | Q1: Disparos Totales | R1: Acertados Totales | S1: Fallados Totales | T1: Precisión Total (%)
A2: Checkpoint_1 | B2: 0.26 | C2: 0 | D2: 0 | E2: 0 | F2: 0 | G2: 0 | H2: 0 | I2: 0 | J2: 0 | K2: 0 | L2: 0 | M2: 0 | N2: 0 | O2: 0 | P2: 0 | Q2: 0 | R2: 0 | S2: 0 | T2: 0
A3: Checkpoint_2 | B3: 59.2 | C3: 58.94 | D3: 0 | E3: 0 | F3: 0 | G3: 0 | H3: 6 | I3: 68 | J3: 42 | K3: 26 | L3: 61.8 | M3: 0 | N3: 0 | O3: 0 | P3: 0 | Q3: 68 | R3: 42 | S3: 26 | T3: 61.8
A4: Checkpoint_3 | B4: 130.26 | C4: 71.06 | D4: 3 | E4: 3 | F4: 3 | G4: 0 | H4: 0 | I4: 116 | J4: 69 | K4: 47 | L4: 59.5 | M4: 0 | N4: 0 | O4: 0 | P4: 0 | Q4: 116 | R4: 69 | S4: 47 | T4: 59.5
A5: Checkpoint_4 | B5: 228.08 | C5: 97.82 | D5: 1 | E5: 4 | F5: 0 | G5: 1 | H5: 0 | I5: 0 | J5: 0 | K5: 0 | L5: 0 | M5: 0 | N5: 0 | O5: 0 | P5: 0 | Q5: 0 | R5: 0 | S5: 0 | T5: 0
A6: Checkpoint_5 | B6: 364.7 | C6: 136.62 | D6: 4 | E6: 8 | F6: 0 | G6: 4 | H6: 1 | I6: 0 | J6: 0 | K6: 0 | L6: 0 | M6: 0 | N6: 0 | O6: 0 | P6: 0 | Q6: 0 | R6: 0 | S6: 0 | T6: 0
A7: Checkpoint_6 | B7: 985.68 | C7: 620.98 | D7: 0 | E7: 8 | F7: 0 | G7: 0 | H7: 15 | I7: 649 | J7: 190 | K7: 459 | L7: 29.3 | M7: 64 | N7: 8 | O7: 56 | P7: 12.5 | Q7: 713 | R7: 198 | S7: 515 | T7: 27.8
A8: Checkpoint_7 | B8: 998.46 | C8: 12.78 | D8: 0 | E8: 8 | F8: 0 | G8: 0 | H8: 3 | I8: 0 | J8: 0 | K8: 0 | L8: 0 | M8: 6 | N8: 4 | O8: 2 | P8: 66.7 | Q8: 6 | R8: 4 | S8: 2 | T8: 66.7
A9: Checkpoint_8 | B9: 1020.04 | C9: 21.58 | D9: 0 | E9: 8 | F9: 0 | G9: 0 | H9: 1 | I9: 0 | J9: 0 | K9: 0 | L9: 0 | M9: 1 | N9: 1 | O9: 0 | P9: 100 | Q9: 1 | R9: 1 | S9: 0 | T9: 100
A10: Checkpoint_9 | B10: 1066.72 | C10: 46.68 | D10: 2 | E10: 10 | F10: 0 | G10: 2 | H10: 0 | I10: 0 | J10: 0 | K10: 0 | L10: 0 | M10: 0 | N10: 0 | O10: 0 | P10: 0 | Q10: 0 | R10: 0 | S10: 0 | T10: 0
A11: Checkpoint_10 | B11: 1082.34 | C11: 15.62 | D11: 0 | E11: 10 | F11: 0 | G11: 0 | H11: 0 | I11: 0 | J11: 0 | K11: 0 | L11: 0 | M11: 0 | N11: 0 | O11: 0 | P11: 0 | Q11: 0 | R11: 0 | S11: 0 | T11: 0
A12: Final_Level | B12: 1266.13 | C12: 183.79 | D12: 2 | E12: 12 | F12: 0 | G12: 2 | H12: 5 | I12: 229 | J12: 173 | K12: 56 | L12: 75.5 | M12: 10 | N12: 7 | O12: 3 | P12: 70 | Q12: 239 | R12: 180 | S12: 59 | T12: 75.3

Sheet adap_yo
A1: Checkpoint | B1: Tiempo Absoluto (seg) | C1: Tiempo Desde Anterior (seg) | D1: Muertes entre checkpoints | E1: Muertes totales | F1: Muertes por enemigos | G1: Muertes por vacío | H1: Enemigos eliminados | I1: Disparos Blaster | J1: Acertados Blaster | K1: Fallados Blaster | L1: Precisión Blaster (%) | M1: Disparos Escopeta | N1: Acertados Escopeta | O1: Fallados Escopeta | P1: Precisión Escopeta (%) | Q1: Disparos Totales | R1: Acertados Totales | S1: Fallados Totales | T1: Precisión Total (%)
A2: Checkpoint_1 | B2: 0 | C2: 0 | D2: 0 | E2: 0 | F2: 0 | G2: 0 | H2: 0 | I2: 0 | J2: 0 | K2: 0 | L2: 0 | M2: 0 | N2: 0 | O2: 0 | P2: 0 | Q2: 0 | R2: 0 | S2: 0 | T2: 0
A3: Checkpoint_2 | B3: 44.96 | C3: 44.96 | D3: 0 | E3: 0 | F3: 0 | G3: 0 | H3: 6 | I3: 61 | J3: 42 | K3: 19 | L3: 68.9 | M3: 0 | N3: 0 | O3: 0 | P3: 0 | Q3: 61 | R3: 42 | S3: 19 | T3: 68.9
A4: Checkpoint_3 | B4: 133.18 | C4: 88.22 | D4: 0 | E4: 0 | F4: 0 | G4: 0 | H4: 0 | I4: 41 | J4: 27 | K4: 14 | L4: 65.9 | M4: 0 | N4: 0 | O4: 0 | P4: 0 | Q4: 41 | R4: 27 | S4: 14 | T4: 65.9
A5: Checkpoint_4 | B5: 154.88 | C5: 21.7 | D5: 0 | E5: 0 | F5: 0 | G5: 0 | H5: 0 | I5: 0 | J5: 0 | K5: 0 | L5: 0 | M5: 0 | N5: 0 | O5: 0 | P5: 0 | Q5: 0 | R5: 0 | S5: 0 | T5: 0
A6: Checkpoint_5 | B6: 216.58 | C6: 61.7 | D6: 1 | E6: 1 | F6: 0 | G6: 1 | H6: 0 | I6: 0 | J6: 0 | K6: 0 | L6: 0 | M6: 0 | N6: 0 | O6: 0 | P6: 0 | Q6: 0 | R6: 0 | S6: 0 | T6: 0
A7: Checkpoint_6 | B7: 695.94 | C7: 479.36 | D7: 0 | E7: 1 | F7: 0 | G7: 0 | H7: 23 | I7: 524 | J7: 274 | K7: 250 | L7: 52.3 | M7: 102 | N7: 12 | O7: 90 | P7: 11.8 | Q7: 626 | R7: 286 | S7: 340 | T7: 45.7
A8: Checkpoint_7 | B8: 704.12 | C8: 8.18 | D8: 0 | E8: 1 | F8: 0 | G8: 0 | H8: 4 | I8: 0 | J8: 0 | K8: 0 | L8: 0 | M8: 4 | N8: 4 | O8: 0 | P8: 100 | Q8: 4 | R8: 4 | S8: 0 | T8: 100
A9: Checkpoint_8 | B9: 718.88 | C9: 14.76 | D9: 0 | E9: 1 | F9: 0 | G9: 0 | H9: 0 | I9: 0 | J9: 0 | K9: 0 | L9: 0 | M9: 0 | N9: 0 | O9: 0 | P9: 0 | Q9: 0 | R9: 0 | S9: 0 | T9: 0
A10: Checkpoint_9 | B10: 732.72 | C10: 13.84 | D10: 0 | E10: 1 | F10: 0 | G10: 0 | H10: 0 | I10: 0 | J10: 0 | K10: 0 | L10: 0 | M10: 0 | N10: 0 | O10: 0 | P10: 0 | Q10: 0 | R10: 0 | S10: 0 | T10: 0
A11: Checkpoint_10 | B11: 740.22 | C11: 7.5 | D11: 0 | E11: 1 | F11: 0 | G11: 0 | H11: 0 | I11: 0 | J11: 0 | K11: 0 | L11: 0 | M11: 0 | N11: 0 | O11: 0 | P11: 0 | Q11: 0 | R11: 0 | S11: 0 | T11: 0
A12: Final_Level | B12: 798.32 | C12: 58.1 | D12: 1 | E12: 2 | F12: 0 | G12: 1 | H12: 4 | I12: 114 | J12: 93 | K12: 21 | L12: 81.6 | M12: 23 | N12: 14 | O12: 9 | P12: 60.9 | Q12: 137 | R12: 107 | S12: 30 | T12: 78.1

Sheet Sheet1
A1: Jugador | B1: Tiempo Absoluto (seg) | C1: Tiempo Desde Anterior (seg) | D1: Muertes entre checkpoints | E1: Muertes totales | F1: Muertes por enemigos | G1: Muertes por vacío | H1: Enemigos eliminados | I1: Disparos Blaster | J1: Acertados Blaster | K1: Fallados Blaster | L1: Precisión Blaster (%) | M1: Disparos Escopeta | N1: Acertados Escopeta | O1: Fallados Escopeta | P1: Precisión Escopeta (%) | Q1: Disparos Totales | R1: Acertados Totales | S1: Fallados Totales | T1: Precisión Total (%)
A2: 1 | B2: =AVERAGE(adap_CataAguilar!B:B) -> 268.93545 | C2: =AVERAGE(adap_CataAguilar!C:C) -> 138.75364 | D2: =AVERAGE(adap_CataAguilar!D:D) -> 3.6363636 | E2: =AVERAGE(adap_CataAguilar!E:E) -> 6.2727273 | F2: =AVERAGE(adap_CataAguilar!F:F) -> 0.090909091 | G2: =AVERAGE(adap_CataAguilar!G:G) -> 3.5454545 | H2: =AVERAGE(adap_CataAguilar!H:H) -> 1.3636364 | I2: =AVERAGE(adap_CataAguilar!I:I) -> 38.181818 | J2: =AVERAGE(adap_CataAguilar!J:J) -> 27 | K2: =AVERAGE(adap_CataAguilar!K:K) -> 11.181818 | L2: =AVERAGE(adap_CataAguilar!L:L) -> 26.645455 | M2: =AVERAGE(adap_CataAguilar!M:M) -> 0.90909091 | N2: =AVERAGE(adap_CataAguilar!N:N) -> 0.18181818 | O2: =AVERAGE(adap_CataAguilar!O:O) -> 0.72727273 | P2: =AVERAGE(adap_CataAguilar!P:P) -> 1.8181818 | Q2: =AVERAGE(adap_CataAguilar!Q:Q) -> 39.090909 | R2: =AVERAGE(adap_CataAguilar!R:R) -> 27.181818 | S2: =AVERAGE(adap_CataAguilar!S:S) -> 11.909091 | T2: =AVERAGE(adap_CataAguilar!T:T) -> 26.463636
A3: 2 | B3: =AVERAGE(adap_GonzaloCampos!B:B) -> 152.76364 | C3: =AVERAGE(adap_GonzaloCampos!C:C) -> 83.890909 | D3: =AVERAGE(adap_GonzaloCampos!D:D) -> 1.9090909 | E3: =AVERAGE(adap_GonzaloCampos!E:E) -> 3.9090909 | F3: =AVERAGE(adap_GonzaloCampos!F:F) -> 0.27272727 | G3: =AVERAGE(adap_GonzaloCampos!G:G) -> 1.6363636 | H3: =AVERAGE(adap_GonzaloCampos!H:H) -> 1.5454545 | I3: =AVERAGE(adap_GonzaloCampos!I:I) -> 60.727273 | J3: =AVERAGE(adap_GonzaloCampos!J:J) -> 35.090909 | K3: =AVERAGE(adap_GonzaloCampos!K:K) -> 25.636364 | L3: =AVERAGE(adap_GonzaloCampos!L:L) -> 19.145455 | M3: =AVERAGE(adap_GonzaloCampos!M:M) -> 3.7272727 | N3: =AVERAGE(adap_GonzaloCampos!N:N) -> 2.6363636 | O3: =AVERAGE(adap_GonzaloCampos!O:O) -> 1.0909091 | P3: =AVERAGE(adap_GonzaloCampos!P:P) -> 15.618182 | Q3: =AVERAGE(adap_GonzaloCampos!Q:Q) -> 64.454545 | R3: =AVERAGE(adap_GonzaloCampos!R:R) -> 37.727273 | S3: =AVERAGE(adap_GonzaloCampos!S:S) -> 26.727273 | T3: =AVERAGE(adap_GonzaloCampos!T:T) -> 19.290909
A4: 3 | B4: =AVERAGE(adap_IgnaciaDelgado!B:B) -> 614.17531 | C4: =AVERAGE(adap_IgnaciaDelgado!C:C) -> 123.92182 | D4: =AVERAGE(adap_IgnaciaDelgado!D:D) -> 1.8181818 | E4: =AVERAGE(adap_IgnaciaDelgado!E:E) -> 6.8181818 | F4: =AVERAGE(adap_IgnaciaDelgado!F:F) -> 0 | G4: =AVERAGE(adap_IgnaciaDelgado!G:G) -> 1.8181818 | H4: =AVERAGE(adap_IgnaciaDelgado!H:H) -> 2.8181818 | I4: =AVERAGE(adap_IgnaciaDelgado!I:I) -> 71.181818 | J4: =AVERAGE(adap_IgnaciaDelgado!J:J) -> 41.454545 | K4: =AVERAGE(adap_IgnaciaDelgado!K:K) -> 29.727273 | L4: =AVERAGE(adap_IgnaciaDelgado!L:L) -> 25.981818 | M4: =AVERAGE(adap_IgnaciaDelgado!M:M) -> 11 | N4: =AVERAGE(adap_IgnaciaDelgado!N:N) -> 1.9090909 | O4: =AVERAGE(adap_IgnaciaDelgado!O:O) -> 9.0909091 | P4: =AVERAGE(adap_IgnaciaDelgado!P:P) -> 15.918182 | Q4: =AVERAGE(adap_IgnaciaDelgado!Q:Q) -> 82.181818 | R4: =AVERAGE(adap_IgnaciaDelgado!R:R) -> 43.363636 | S4: =AVERAGE(adap_IgnaciaDelgado!S:S) -> 38.818182 | T4: =AVERAGE(adap_IgnaciaDelgado!T:T) -> 25.427273
A5: 4 | B5: =AVERAGE(adap_IsidoraToledo!B:B) -> 232.53273 | C5: =AVERAGE(adap_IsidoraToledo!C:C) -> 111.38182 | D5: =AVERAGE(adap_IsidoraToledo!D:D) -> 1.5454545 | E5: =AVERAGE(adap_IsidoraToledo!E:E) -> 3.3636364 | F5: =AVERAGE(adap_IsidoraToledo!F:F) -> 0.27272727 | G5: =AVERAGE(adap_IsidoraToledo!G:G) -> 1.2727273 | H5: =AVERAGE(adap_IsidoraToledo!H:H) -> 1.6363636 | I5: =AVERAGE(adap_IsidoraToledo!I:I) -> 76.272727 | J5: =AVERAGE(adap_IsidoraToledo!J:J) -> 34.272727 | K5: =AVERAGE(adap_IsidoraToledo!K:K) -> 42 | L5: =AVERAGE(adap_IsidoraToledo!L:L) -> 15.690909 | M5: =AVERAGE(adap_IsidoraToledo!M:M) -> 0.36363636 | N5: =AVERAGE(adap_IsidoraToledo!N:N) -> 0.090909091 | O5: =AVERAGE(adap_IsidoraToledo!O:O) -> 0.27272727 | P5: =AVERAGE(adap_IsidoraToledo!P:P) -> 4.5454545 | Q5: =AVERAGE(adap_IsidoraToledo!Q:Q) -> 76.636364 | R5: =AVERAGE(adap_IsidoraToledo!R:R) -> 34.363636 | S5: =AVERAGE(adap_IsidoraToledo!S:S) -> 42.272727 | T5: =AVERAGE(adap_IsidoraToledo!T:T) -> 15.681818
A6: 5 | B6: =AVERAGE(adap_JavierSalinas!B:B) -> 398.976 | C6: =AVERAGE(adap_JavierSalinas!C:C) -> 159.948 | D6: =AVERAGE(adap_JavierSalinas!D:D) -> 4.9 | E6: =AVERAGE(adap_JavierSalinas!E:E) -> 11.3 | F6: =AVERAGE(adap_JavierSalinas!F:F) -> 0.4 | G6: =AVERAGE(adap_JavierSalinas!G:G) -> 4.5 | H6: =AVERAGE(adap_JavierSalinas!H:H) -> 1.1 | I6: =AVERAGE(adap_JavierSalinas!I:I) -> 42.8 | J6: =AVERAGE(adap_JavierSalinas!J:J) -> 11.3 | K6: =AVERAGE(adap_JavierSalinas!K:K) -> 31.5 | L6: =AVERAGE(adap_JavierSalinas!L:L) -> 9.95 | M6: =AVERAGE(adap_JavierSalinas!M:M) -> 0 | N6: =AVERAGE(adap_JavierSalinas!N:N) -> 0 | O6: =AVERAGE(adap_JavierSalinas!O:O) -> 0 | P6: =AVERAGE(adap_JavierSalinas!P:P) -> 0 | Q6: =AVERAGE(adap_JavierSalinas!Q:Q) -> 42.8 | R6: =AVERAGE(adap_JavierSalinas!R:R) -> 11.3 | S6: =AVERAGE(adap_JavierSalinas!S:S) -> 31.5 | T6: =AVERAGE(adap_JavierSalinas!T:T) -> 9.95
A7: 6 | B7: =AVERAGE(adap_MariannaMaregatti!B:B) -> 433.18 | C7: =AVERAGE(adap_MariannaMaregatti!C:C) -> 229.69818 | D7: =AVERAGE(adap_MariannaMaregatti!D:D) -> 6.5454545 | E7: =AVERAGE(adap_MariannaMaregatti!E:E) -> 12 | F7: =AVERAGE(adap_MariannaMaregatti!F:F) -> 0.27272727 | G7: =AVERAGE(adap_MariannaMaregatti!G:G) -> 6.2727273 | H7: =AVERAGE(adap_MariannaMaregatti!H:H) -> 2.7272727 | I7: =AVERAGE(adap_MariannaMaregatti!I:I) -> 111 | J7: =AVERAGE(adap_MariannaMaregatti!J:J) -> 41 | K7: =AVERAGE(adap_MariannaMaregatti!K:K) -> 70 | L7: =AVERAGE(adap_MariannaMaregatti!L:L) -> 10.763636 | M7: =AVERAGE(adap_MariannaMaregatti!M:M) -> 17.727273 | N7: =AVERAGE(adap_MariannaMaregatti!N:N) -> 6.5454545 | O7: =AVERAGE(adap_MariannaMaregatti!O:O) -> 11.181818 | P7: =AVERAGE(adap_MariannaMaregatti!P:P) -> 9.3818182 | Q7: =AVERAGE(adap_MariannaMaregatti!Q:Q) -> 128.72727 | R7: =AVERAGE(adap_MariannaMaregatti!R:R) -> 47.545455 | S7: =AVERAGE(adap_MariannaMaregatti!S:S) -> 81.181818 | T7: =AVERAGE(adap_MariannaMaregatti!T:T) -> 10.781818
A8: 7 | B8: =AVERAGE(adap_SebastianRatto!B:B) -> 241.11545 | C8: =AVERAGE(adap_SebastianRatto!C:C) -> 117.22455 | D8: =AVERAGE(adap_SebastianRatto!D:D) -> 2.4545455 | E8: =AVERAGE(adap_SebastianRatto!E:E) -> 4.6363636 | F8: =AVERAGE(adap_SebastianRatto!F:F) -> 0 | G8: =AVERAGE(adap_SebastianRatto!G:G) -> 2.4545455 | H8: =AVERAGE(adap_SebastianRatto!H:H) -> 3.1818182 | I8: =AVERAGE(adap_SebastianRatto!I:I) -> 88.818182 | J8: =AVERAGE(adap_SebastianRatto!J:J) -> 62.090909 | K8: =AVERAGE(adap_SebastianRatto!K:K) -> 26.727273 | L8: =AVERAGE(adap_SebastianRatto!L:L) -> 18.981818 | M8: =AVERAGE(adap_SebastianRatto!M:M) -> 8.4545455 | N8: =AVERAGE(adap_SebastianRatto!N:N) -> 5.2727273 | O8: =AVERAGE(adap_SebastianRatto!O:O) -> 3.1818182 | P8: =AVERAGE(adap_SebastianRatto!P:P) -> 14.727273 | Q8: =AVERAGE(adap_SebastianRatto!Q:Q) -> 97.272727 | R8: =AVERAGE(adap_SebastianRatto!R:R) -> 67.363636 | S8: =AVERAGE(adap_SebastianRatto!S:S) -> 29.909091 | T8: =AVERAGE(adap_SebastianRatto!T:T) -> 18.863636
A9: 8 | B9: =AVERAGE(adap_SofiaVidal!B:B) -> 2618.862 | C9: =AVERAGE(adap_SofiaVidal!C:C) -> 441.946 | D9: =AVERAGE(adap_SofiaVidal!D:D) -> 5.4 | E9: =AVERAGE(adap_SofiaVidal!E:E) -> 32.5 | F9: =AVERAGE(adap_SofiaVidal!F:F) -> 1.3 | G9: =AVERAGE(adap_SofiaVidal!G:G) -> 4.1 | H9: =AVERAGE(adap_SofiaVidal!H:H) -> 4.2 | I9: =AVERAGE(adap_SofiaVidal!I:I) -> 149.5 | J9: =AVERAGE(adap_SofiaVidal!J:J) -> 33.3 | K9: =AVERAGE(adap_SofiaVidal!K:K) -> 116.2 | L9: =AVERAGE(adap_SofiaVidal!L:L) -> 16.52 | M9: =AVERAGE(adap_SofiaVidal!M:M) -> 22.1 | N9: =AVERAGE(adap_SofiaVidal!N:N) -> 1.2 | O9: =AVERAGE(adap_SofiaVidal!O:O) -> 20.9 | P9: =AVERAGE(adap_SofiaVidal!P:P) -> 0.55 | Q9: =AVERAGE(adap_SofiaVidal!Q:Q) -> 171.6 | R9: =AVERAGE(adap_SofiaVidal!R:R) -> 34.5 | S9: =AVERAGE(adap_SofiaVidal!S:S) -> 137.1 | T9: =AVERAGE(adap_SofiaVidal!T:T) -> 16.16
A10: 9 | B10: =AVERAGE(adap_VicenteOlguin!B:B) -> 682.39 | C10: =AVERAGE(adap_VicenteOlguin!C:C) -> 117.344 | D10: =AVERAGE(adap_VicenteOlguin!D:D) -> 1 | E10: =AVERAGE(adap_VicenteOlguin!E:E) -> 5.3 | F10: =AVERAGE(adap_VicenteOlguin!F:F) -> 0.3 | G10: =AVERAGE(adap_VicenteOlguin!G:G) -> 0.7 | H10: =AVERAGE(adap_VicenteOlguin!H:H) -> 2.6 | I10: =AVERAGE(adap_VicenteOlguin!I:I) -> 70.6 | J10: =AVERAGE(adap_VicenteOlguin!J:J) -> 20.3 | K10: =AVERAGE(adap_VicenteOlguin!K:K) -> 50.3 | L10: =AVERAGE(adap_VicenteOlguin!L:L) -> 17.97 | M10: =AVERAGE(adap_VicenteOlguin!M:M) -> 13.6 | N10: =AVERAGE(adap_VicenteOlguin!N:N) -> 0.7 | O10: =AVERAGE(adap_VicenteOlguin!O:O) -> 12.9 | P10: =AVERAGE(adap_VicenteOlguin!P:P) -> 0.53 | Q10: =AVERAGE(adap_VicenteOlguin!Q:Q) -> 84.2 | R10: =AVERAGE(adap_VicenteOlguin!R:R) -> 21 | S10: =AVERAGE(adap_VicenteOlguin!S:S) -> 63.2 | T10: =AVERAGE(adap_VicenteOlguin!T:T) -> 16.84
A11: 10 | B11: =AVERAGE(adap_VicenteQuintana!B:B) -> 94.85 | C11: =AVERAGE(adap_VicenteQuintana!C:C) -> 35.37 | D11: =AVERAGE(adap_VicenteQuintana!D:D) -> 0.3 | E11: =AVERAGE(adap_VicenteQuintana!E:E) -> 0.6 | F11: =AVERAGE(adap_VicenteQuintana!F:F) -> 0 | G11: =AVERAGE(adap_VicenteQuintana!G:G) -> 0.3 | H11: =AVERAGE(adap_VicenteQuintana!H:H) -> 1 | I11: =AVERAGE(adap_VicenteQuintana!I:I) -> 21.7 | J11: =AVERAGE(adap_VicenteQuintana!J:J) -> 9 | K11: =AVERAGE(adap_VicenteQuintana!K:K) -> 12.7 | L11: =AVERAGE(adap_VicenteQuintana!L:L) -> 15.55 | M11: =AVERAGE(adap_VicenteQuintana!M:M) -> 0.2 | N11: =AVERAGE(adap_VicenteQuintana!N:N) -> 0 | O11: =AVERAGE(adap_VicenteQuintana!O:O) -> 0.2 | P11: =AVERAGE(adap_VicenteQuintana!P:P) -> 0 | Q11: =AVERAGE(adap_VicenteQuintana!Q:Q) -> 21.9 | R11: =AVERAGE(adap_VicenteQuintana!R:R) -> 9 | S11: =AVERAGE(adap_VicenteQuintana!S:S) -> 12.9 | T11: =AVERAGE(adap_VicenteQuintana!T:T) -> 15.11
A12: 11 | B12: =AVERAGE(adap_VicenteVidal!B:B) -> 654.71545 | C12: =AVERAGE(adap_VicenteVidal!C:C) -> 115.07909 | D12: =AVERAGE(adap_VicenteVidal!D:D) -> 1.0909091 | E12: =AVERAGE(adap_VicenteVidal!E:E) -> 6.4545455 | F12: =AVERAGE(adap_VicenteVidal!F:F) -> 0.27272727 | G12: =AVERAGE(adap_VicenteVidal!G:G) -> 0.81818182 | H12: =AVERAGE(adap_VicenteVidal!H:H) -> 2.8181818 | I12: =AVERAGE(adap_VicenteVidal!I:I) -> 96.545455 | J12: =AVERAGE(adap_VicenteVidal!J:J) -> 43.090909 | K12: =AVERAGE(adap_VicenteVidal!K:K) -> 53.454545 | L12: =AVERAGE(adap_VicenteVidal!L:L) -> 20.554545 | M12: =AVERAGE(adap_VicenteVidal!M:M) -> 7.3636364 | N12: =AVERAGE(adap_VicenteVidal!N:N) -> 1.8181818 | O12: =AVERAGE(adap_VicenteVidal!O:O) -> 5.5454545 | P12: =AVERAGE(adap_VicenteVidal!P:P) -> 22.654545 | Q12: =AVERAGE(adap_VicenteVidal!Q:Q) -> 103.90909 | R12: =AVERAGE(adap_VicenteVidal!R:R) -> 44.909091 | S12: =AVERAGE(adap_VicenteVidal!S:S) -> 59 | T12: =AVERAGE(adap_VicenteVidal!T:T) -> 35.554545
A13: 12 | B13: =AVERAGE(adap_yo!B:B) -> 449.07273 | C13: =AVERAGE(adap_yo!C:C) -> 72.574545 | D13: =AVERAGE(adap_yo!D:D) -> 0.18181818 | E13: =AVERAGE(adap_yo!E:E) -> 0.72727273 | F13: =AVERAGE(adap_yo!F:F) -> 0 | G13: =AVERAGE(adap_yo!G:G) -> 0.18181818 | H13: =AVERAGE(adap_yo!H:H) -> 3.3636364 | I13: =AVERAGE(adap_yo!I:I) -> 67.272727 | J13: =AVERAGE(adap_yo!J:J) -> 39.636364 | K13: =AVERAGE(adap_yo!K:K) -> 27.636364 | L13: =AVERAGE(adap_yo!L:L) -> 24.427273 | M13: =AVERAGE(adap_yo!M:M) -> 11.727273 | N13: =AVERAGE(adap_yo!N:N) -> 2.7272727 | O13: =AVERAGE(adap_yo!O:O) -> 9 | P13: =AVERAGE(adap_yo!P:P) -> 15.7 | Q13: =AVERAGE(adap_yo!Q:Q) -> 79 | R13: =AVERAGE(adap_yo!R:R) -> 42.363636 | S13: =AVERAGE(adap_yo!S:S) -> 36.636364 | T13: =AVERAGE(adap_yo!T:T) -> 32.6
