Workbook

Sheet adap_CataAguilar
A1: AttemptID | B1: SegmentId | C1: TargetPlatform | D1: LandingOffset_m | E1: LandingOffset_Forward_m | F1: LandingOffset_Side_m | G1: SafetyMargin_m | H1: VerticalSpeed_mps | I1: ApproachAngle_deg | J1: MicroCorrections_0_5s | K1: PreLandingHorizontalJitter | L1: PostStabilizationTime_s | M1: PostLandingDrift_m | N1: LandingFailed | O1: PostLandingFall | P1: LandingType
A2: 2 | B2: LandingSegment_1 | C2: TargetAnchor1 | D2: 2.83856 | E2: 0.8723602 | F2: 2.701187 | G2: 0.1824214 | H2: -18.70684 | I2: 0 | J2: 1 | K2: 3.526953 | L2: 0.523407 | M2: 0.1827166 | N2: 0 | O2: 0 | P2: EdgeLanding
A3: 2 | B3: LandingSegment_2 | C3: TargetAnchor2 | D3: 1.478379 | E3: 0.9505157 | F3: 1.132309 | G3: 1.914086 | H3: -19.26786 | I3: 0 | J3: 0 | K3: 0 | L3: 0.5559692 | M3: 0.362111 | N3: 0 | O3: 0 | P3: CleanLanding
A4: 2 | B4: LandingSegment_3 | C4: TargetAnchor3 | D4: 1.818955 | E4: 0.9478989 | F4: 1.552444 | G4: 1.245662 | H4: -22.51744 | I4: 0 | J4: 0 | K4: 0.2842812 | L4: 0.5673523 | M4: 0.3689878 | N4: 0 | O4: 0 | P4: CleanLanding
A5: 2 | B5: LandingSegment_4 | C5: TargetAnchor4 | D5: 4.841323 | E5: 2.996132 | F5: 3.802841 | G5: 0 | H5: -22.51744 | I5: 0 | J5: 0 | K5: 0 | L5: 0 | M5: 0 | N5: 1 | O5: 1 | P5: LeftSideFall
A6: 3 | B6: LandingSegment_5 | C6: TargetAnchor1 | D6: 2.936118 | E6: -2.66835 | F6: 1.225029 | G6: 0 | H6: -18.18913 | I6: 0 | J6: 0 | K6: 0.7168719 | L6: 0.5603027 | M6: 0.3720143 | N6: 1 | O6: 0 | P6: MissedPlatform_Standing
A7: 3 | B7: LandingSegment_6 | C7: TargetAnchor2 | D7: 3.342798 | E7: 2.266052 | F7: 2.4575 | G7: 0.04680014 | H7: -17.26527 | I7: 0 | J7: 0 | K7: 0 | L7: 0.7680054 | M7: 2.951324 | N7: 0 | O7: 0 | P7: EdgeLanding
A8: 3 | B8: LandingSegment_7 | C8: TargetAnchor3 | D8: 0.9247286 | E8: 0.9202271 | F8: -0.09113312 | G8: 2.246406 | H8: -21.66347 | I8: 0 | J8: 0 | K8: 0.6296081 | L8: 0.5481873 | M8: 0.3469385 | N8: 0 | O8: 0 | P8: CleanLanding
A9: 3 | B9: LandingSegment_8 | C9: TargetAnchor4 | D9: 3.619445 | E9: 3.495995 | F9: 0.937233 | G9: 0 | H9: -21.66347 | I9: 0 | J9: 0 | K9: 0 | L9: 0 | M9: 0 | N9: 1 | O9: 1 | P9: UnderShoot
A10: 4 | B10: LandingSegment_9 | C10: TargetAnchor1 | D10: 1.122573 | E10: -0.4860382 | F10: 1.011898 | G10: 1.763414 | H10: -15.3287 | I10: 0 | J10: 0 | K10: 0.316381 | L10: 0.5606995 | M10: 0.3911305 | N10: 0 | O10: 0 | P10: CleanLanding
A11: 4 | B11: LandingSegment_10 | C11: TargetAnchor2 | D11: 1.362084 | E11: -0.8323975 | F11: 1.07814 | G11: 2.243142 | H11: -20.2301 | I11: 0 | J11: 0 | K11: 0 | L11: 0.5605469 | M11: 0.3582398 | N11: 0 | O11: 0 | P11: CleanLanding
A12: 4 | B12: LandingSegment_11 | C12: TargetAnchor3 | D12: 0.4114767 | E12: -0.1426163 | F12: 0.3859711 | G12: 2.487616 | H12: -18.96783 | I12: 0 | J12: 0 | K12: 0 | L12: 0.5645752 | M12: 0.3654449 | N12: 0 | O12: 0 | P12: CleanLanding
A13: 4 | B13: LandingSegment_12 | C13: TargetAnchor4 | D13: 3.012958 | E13: 2.99733 | F13: 0.3064804 | G13: 0 | H13: -20.83703 | I13: 0 | J13: 0 | K13: 2.88384 | L13: 0.4638977 | M13: 0.08764834 | N13: 1 | O13: 0 | P13: MissedPlatform_Standing
... A55: 14 | B55: LandingSegment_54 | C55: TargetAnchor7 | D55: 2.788258 | E55: 1.783874 | F55: 2.142937 | G55: 0.07087398 | H55: -23.19488 | I55: 0 | J55: 0 | K55: 0 | L55: 0.5571899 | M55: 0.3813106 | N55: 0 | O55: 0 | P55: EdgeLanding

Sheet adap_GonzaloCampos
A1: AttemptID | B1: SegmentId | C1: TargetPlatform | D1: LandingOffset_m | E1: LandingOffset_Forward_m | F1: LandingOffset_Side_m | G1: SafetyMargin_m | H1: VerticalSpeed_mps | I1: ApproachAngle_deg | J1: MicroCorrections_0_5s | K1: PreLandingHorizontalJitter | L1: PostStabilizationTime_s | M1: PostLandingDrift_m | N1: LandingFailed | O1: PostLandingFall | P1: LandingType
A2: 1 | B2: LandingSegment_1 | C2: TargetAnchor1 | D2: 41.66269 | E2: 5.327377 | F2: 41.32069 | G2: 0 | H2: -32.86126 | I2: 0 | J2: 0 | K2: 0 | L2: 0.401844 | M2: 9.163993e-05 | N2: 1 | O2: 0 | P2: MissedPlatform_Standing
A3: 1 | B3: LandingSegment_2 | C3: TargetAnchor1 | D3: 1.69474 | E3: -0.3853149 | F3: 1.650356 | G3: 1.227102 | H3: -11.05671 | I3: 0 | J3: 0 | K3: 0.2388746 | L3: 2.022907 | M3: 2.571319 | N3: 0 | O3: 0 | P3: CleanLanding
A4: 1 | B4: LandingSegment_3 | C4: TargetAnchor2 | D4: 16.10348 | E4: 16.00449 | F4: 1.782848 | G4: 0 | H4: -11.05671 | I4: 0 | J4: 0 | K4: 0 | L4: 0 | M4: 0 | N4: 1 | O4: 1 | P4: UnderShoot
A5: 2 | B5: LandingSegment_4 | C5: TargetAnchor1 | D5: 2.221052 | E5: -0.9161224 | F5: 2.023312 | G5: 0.6724365 | H5: -15.61798 | I5: 0 | J5: 0 | K5: 2.951085 | L5: 1.184132 | M5: 2.761291 | N5: 0 | O5: 0 | P5: CleanLanding
A6: 2 | B6: LandingSegment_5 | C6: TargetAnchor2 | D6: 0.4449769 | E6: -0.2142334 | F6: 0.3900108 | G6: 3.117425 | H6: -16.65012 | I6: 0 | J6: 0 | K6: 0 | L6: 0.5410919 | M6: 0.3102438 | N6: 0 | O6: 0 | P6: CleanLanding
A7: 2 | B7: LandingSegment_6 | C7: TargetAnchor3 | D7: 1.451685 | E7: 0.4691467 | F7: -1.373787 | G7: 1.613552 | H7: -14.02615 | I7: 0 | J7: 1 | K7: 5.190532 | L7: 0 | M7: 2.443845 | N7: 1 | O7: 1 | P7: HitThenFall
A8: 3 | B8: LandingSegment_7 | C8: TargetAnchor1 | D8: 2.231708 | E8: 0.2958069 | F8: 2.212017 | G8: 0.7549949 | H8: -11.46224 | I8: 0 | J8: 0 | K8: 0.3618236 | L8: 0.5672989 | M8: 0.552543 | N8: 0 | O8: 0 | P8: CleanLanding
A9: 3 | B9: LandingSegment_8 | C9: TargetAnchor2 | D9: 2.069252 | E9: 1.93074 | F9: 0.7443428 | G9: 1.274611 | H9: -10.92572 | I9: 0 | J9: 0 | K9: 1.441709 | L9: 1.130684 | M9: 2.407417 | N9: 0 | O9: 0 | P9: CleanLanding
A10: 3 | B10: LandingSegment_9 | C10: TargetAnchor3 | D10: 1.764226 | E10: 1.60054 | F10: 0.7421341 | G10: 1.379107 | H10: -18.30624 | I10: 0 | J10: 1 | K10: 0.9790393 | L10: 0.5117416 | M10: 0.2165902 | N10: 0 | O10: 0 | P10: CleanLanding
A11: 3 | B11: LandingSegment_10 | C11: TargetAnchor4 | D11: 3.053287 | E11: 3.049484 | F11: 0.1523438 | G11: 0 | H11: -18.15394 | I11: 0 | J11: 0 | K11: 0.007079366 | L11: 0.5017548 | M11: 0.1291738 | N11: 1 | O11: 0 | P11: MissedPlatform_Standing
A12: 3 | B12: LandingSegment_11 | C12: TargetAnchor5 | D12: 2.50052 | E12: -2.451309 | F12: -0.4936447 | G12: 0.518362 | H12: -14.83395 | I12: 0 | J12: 0 | K12: 1.203243 | L12: 0.7151489 | M12: 1.863085 | N12: 0 | O12: 0 | P12: CleanLanding
A13: 3 | B13: LandingSegment_12 | C13: TargetAnchor6 | D13: 8.130426 | E13: 8.00531 | F13: -1.42086 | G13: 0 | H13: -14.83395 | I13: 0 | J13: 1 | K13: 3.34973 | L13: 0 | M13: 0 | N13: 1 | O13: 1 | P13: UnderShoot
... A20: 4 | B20: LandingSegment_19 | C20: TargetAnchor8 | D20: 3.985336 | E20: -3.543613 | F20: 1.823652 | G20: 0 | H20: -10.65963 | I20: 0 | J20: 0 | K20: 0.1760309 | L20: 2.009033 | M20: 13.77915 | N20: 1 | O20: 0 | P20: MissedPlatform_Standing

Sheet adap_IgnaciaDelgado
A1: AttemptID | B1: SegmentId | C1: TargetPlatform | D1: LandingOffset_m | E1: LandingOffset_Forward_m | F1: LandingOffset_Side_m | G1: SafetyMargin_m | H1: VerticalSpeed_mps | I1: ApproachAngle_deg | J1: MicroCorrections_0_5s | K1: PreLandingHorizontalJitter | L1: PostStabilizationTime_s | M1: PostLandingDrift_m | N1: LandingFailed | O1: PostLandingFall | P1: LandingType
A2: 1 | B2: LandingSegment_1 | C2: TargetAnchor1 | D2: 3.376086 | E2: -2.060471 | F2: -2.6744 | G2: 0 | H2: -15.59106 | I2: 0 | J2: 0 | K2: 0.7448387 | L2: 2.012039 | M2: 4.953011 | N2: 1 | O2: 0 | P2: MissedPlatform_Standing
A3: 1 | B3: LandingSegment_2 | C3: TargetAnchor2 | D3: 2.497004 | E3: -0.7457733 | F3: -2.383034 | G3: 1.038671 | H3: -23.38573 | I3: 0 | J3: 0 | K3: 0.7843234 | L3: 1.804688 | M3: 3.810853 | N3: 0 | O3: 0 | P3: CleanLanding
A4: 1 | B4: LandingSegment_3 | C4: TargetAnchor3 | D4: 1.406772 | E4: -0.5865555 | F4: -1.278656 | G4: 1.531464 | H4: -17.41971 | I4: 0 | J4: 0 | K4: 0.2393019 | L4: 0.9796906 | M4: 1.507372 | N4: 0 | O4: 0 | P4: CleanLanding
A5: 1 | B5: LandingSegment_4 | C5: TargetAnchor4 | D5: 2.464689 | E5: 2.430824 | F5: -0.4071655 | G5: 0.4366336 | H5: -20.69874 | I5: 0 | J5: 0 | K5: 0.0684525 | L5: 1.065308 | M5: 2.965264 | N5: 0 | O5: 0 | P5: CleanLanding
A6: 1 | B6: LandingSegment_5 | C6: TargetAnchor5 | D6: 1.111443 | E6: 1.033348 | F6: -0.4092636 | G6: 1.663017 | H6: -17.58707 | I6: 0 | J6: 0 | K6: 0.01644596 | L6: 1.381531 | M6: 1.602402 | N6: 0 | O6: 0 | P6: CleanLanding
A7: 1 | B7: LandingSegment_6 | C7: TargetAnchor6 | D7: 1.564475 | E7: 1.155891 | F7: -1.054276 | G7: 1.218343 | H7: -21.88717 | I7: 0 | J7: 0 | K7: 0 | L7: 0.7587128 | M7: 1.318113 | N7: 0 | O7: 0 | P7: CleanLanding
A8: 1 | B8: LandingSegment_7 | C8: TargetAnchor7 | D8: 0.5729652 | E8: -0.4842463 | F8: -0.3062592 | G8: 2.563901 | H8: -21.18678 | I8: 0 | J8: 0 | K8: 0.3143379 | L8: 0.7705231 | M8: 1.620923 | N8: 0 | O8: 0 | P8: CleanLanding
A9: 1 | B9: LandingSegment_8 | C9: TargetAnchor8 | D9: 8.039789 | E9: 0.7651997 | F9: -8.003292 | G9: 0 | H9: -21.18678 | I9: 0 | J9: 0 | K9: 0.4135988 | L9: 0 | M9: 0 | N9: 1 | O9: 1 | P9: RightSideFall
A10: 2 | B10: LandingSegment_9 | C10: TargetAnchor1 | D10: 2.896053 | E10: 1.328827 | F10: 2.573196 | G10: 0.1545746 | H10: -12.60162 | I10: 0 | J10: 0 | K10: 0.429912 | L10: 0.6794434 | M10: 1.54523 | N10: 0 | O10: 0 | P10: EdgeLanding
A11: 2 | B11: LandingSegment_10 | C11: TargetAnchor2 | D11: 2.847872 | E11: -1.696747 | F11: -2.287231 | G11: 0.7416954 | H11: -20.2803 | I11: 0 | J11: 0 | K11: 0 | L11: 0 | M11: 6.874021 | N11: 1 | O11: 1 | P11: HitThenFall
A12: 2 | B12: LandingSegment_11 | C12: TargetAnchor4 | D12: 2.738832 | E12: -2.649361 | F12: -0.6943283 | G12: 0.3577776 | H12: -18.68093 | I12: 0 | J12: 0 | K12: 0.492889 | L12: 1.15274 | M12: 1.986203 | N12: 0 | O12: 0 | P12: CleanLanding
A13: 2 | B13: LandingSegment_12 | C13: TargetAnchor5 | D13: 0.5818299 | E13: -0.3331223 | F13: 0.4770279 | G13: 2.707276 | H13: -18.21888 | I13: 0 | J13: 0 | K13: 0.1751642 | L13: 1.648438 | M13: 2.471634 | N13: 0 | O13: 0 | P13: CleanLanding
... A42: 8 | B42: LandingSegment_41 | C42: TargetAnchor7 | D42: 1.981973 | E42: 0.6251979 | F42: -1.880783 | G42: 1.077215 | H42: -19.26743 | I42: 0 | J42: 0 | K42: 0.6474861 | L42: 0.897583 | M42: 1.11434 | N42: 0 | O42: 0 | P42: CleanLanding

Sheet adap_IsidoraToledo
A1: AttemptID | B1: SegmentId | C1: TargetPlatform | D1: LandingOffset_m | E1: LandingOffset_Forward_m | F1: LandingOffset_Side_m | G1: SafetyMargin_m | H1: VerticalSpeed_mps | I1: ApproachAngle_deg | J1: MicroCorrections_0_5s | K1: PreLandingHorizontalJitter | L1: PostStabilizationTime_s | M1: PostLandingDrift_m | N1: LandingFailed | O1: PostLandingFall | P1: LandingType
A2: 1 | B2: LandingSegment_1 | C2: TargetAnchor1 | D2: 0.2107315 | E2: 0.01060486 | F2: -0.2104645 | G2: 2.752492 | H2: -12.15485 | I2: 0 | J2: 0 | K2: 0.3119376 | L2: 2.004963 | M2: 2.270356 | N2: 0 | O2: 0 | P2: CleanLanding
A3: 1 | B3: LandingSegment_2 | C3: TargetAnchor2 | D3: 0.9849445 | E3: 0.3714905 | F3: -0.9122009 | G3: 2.430576 | H3: -15.36229 | I3: 0 | J3: 0 | K3: 0.1243785 | L3: 0.5305939 | M3: 0.2193149 | N3: 0 | O3: 0 | P3: CleanLanding
A4: 1 | B4: LandingSegment_3 | C4: TargetAnchor3 | D4: 1.047571 | E4: -0.08781433 | F4: -1.043884 | G4: 1.944153 | H4: -19.59439 | I4: 0 | J4: 4 | K4: 3.858873 | L4: 1.213043 | M4: 1.198297 | N4: 0 | O4: 0 | P4: CleanLanding
A5: 1 | B5: LandingSegment_4 | C5: TargetAnchor4 | D5: 0.860004 | E5: -0.8144684 | F5: 0.2761307 | G5: 2.234026 | H5: -17.83773 | I5: 0 | J5: 0 | K5: 0.01451265 | L5: 0.6708984 | M5: 0.2546076 | N5: 0 | O5: 0 | P5: CleanLanding
A6: 1 | B6: LandingSegment_5 | C6: TargetAnchor5 | D6: 0.1999341 | E6: 0.05596924 | F6: 0.1919403 | G6: 2.810258 | H6: -17.45398 | I6: 0 | J6: 0 | K6: 0 | L6: 0.5296555 | M6: 0.2469773 | N6: 0 | O6: 0 | P6: CleanLanding
A7: 1 | B7: LandingSegment_6 | C7: TargetAnchor6 | D7: 0.9946892 | E7: -0.816864 | F7: 0.5675735 | G7: 2.133944 | H7: -22.58246 | I7: 0 | J7: 0 | K7: 0.4120638 | L7: 0.5123901 | M7: 0.1973872 | N7: 0 | O7: 0 | P7: CleanLanding
A8: 1 | B8: LandingSegment_7 | C8: TargetAnchor7 | D8: 0.628914 | E8: -0.6000462 | F8: -0.1883545 | G8: 2.492214 | H8: -18.86096 | I8: 0 | J8: 0 | K8: 0.0731828 | L8: 0.5107498 | M8: 0.2287765 | N8: 0 | O8: 0 | P8: CleanLanding
A9: 1 | B9: LandingSegment_8 | C9: TargetAnchor8 | D9: 7.949433 | E9: 3.332907 | F9: 7.217009 | G9: 0 | H9: -18.49968 | I9: 0 | J9: 0 | K9: 0 | L9: 0.4750824 | M9: 0.05829454 | N9: 1 | O9: 0 | P9: MissedPlatform_Standing

Sheet adap_JavierSalinas
A1: AttemptID | B1: SegmentId | C1: TargetPlatform | D1: LandingOffset_m | E1: LandingOffset_Forward_m | F1: LandingOffset_Side_m | G1: SafetyMargin_m | H1: VerticalSpeed_mps | I1: ApproachAngle_deg | J1: MicroCorrections_0_5s | K1: PreLandingHorizontalJitter | L1: PostStabilizationTime_s | M1: PostLandingDrift_m | N1: LandingFailed | O1: PostLandingFall | P1: LandingType
A2: 24 | B2: LandingSegment_1 | C2: TargetAnchor1 | D2: 1.678515 | E2: -0.0982666 | F2: -1.675636 | G2: 1.331003 | H2: -13.70788 | I2: 0 | J2: 1 | K2: 13.73026 | L2: 0.6318359 | M2: 1.253158 | N2: 0 | O2: 0 | P2: CleanLanding
A3: 24 | B3: LandingSegment_2 | C3: TargetAnchor3 | D3: 2.736305 | E3: 2.26506 | F3: 1.53521 | G3: 0.3907948 | H3: -12.11789 | I3: 0 | J3: 1 | K3: 4.258433 | L3: 0 | M3: 0 | N3: 1 | O3: 1 | P3: HitThenFall
A4: 25 | B4: LandingSegment_3 | C4: TargetAnchor1 | D4: 0.9861771 | E4: -0.7401276 | F4: 0.6517334 | G4: 1.854845 | H4: -13.39443 | I4: 0 | J4: 0 | K4: 2.18031 | L4: 0.4597168 | M4: 0.04525486 | N4: 0 | O4: 0 | P4: CleanLanding
A5: 25 | B5: LandingSegment_4 | C5: TargetAnchor2 | D5: 2.964122 | E5: 2.323914 | F5: 1.839958 | G5: 0.4067276 | H5: -6.472332 | I5: 0 | J5: 0 | K5: 1.646504 | L5: 0 | M5: 13.57178 | N5: 1 | O5: 1 | P5: HitThenFall
A6: 26 | B6: LandingSegment_5 | C6: TargetAnchor1 | D6: 10.32557 | E6: -2.766525 | F6: -9.948051 | G6: 0 | H6: -6.472332 | I6: 0 | J6: 0 | K6: 0 | L6: 0 | M6: 0 | N6: 1 | O6: 1 | P6: RightSideFall
A7: 27 | B7: LandingSegment_6 | C7: TargetAnchor1 | D7: 1.050972 | E7: -1.0056 | F7: -0.3054695 | G7: 1.782825 | H7: -14.01737 | I7: 0 | J7: 0 | K7: 0.2688228 | L7: 0.5018311 | M7: 0.1364443 | N7: 0 | O7: 0 | P7: CleanLanding
A8: 27 | B8: LandingSegment_7 | C8: TargetAnchor2 | D8: 2.976332 | E8: -1.935715 | F8: -2.260876 | G8: 0.6234324 | H8: -14.18495 | I8: 0 | J8: 0 | K8: 0 | L8: 0 | M8: 3.18598 | N8: 1 | O8: 1 | P8: HitThenFall
A9: 27 | B9: LandingSegment_8 | C9: TargetAnchor4 | D9: 0.7200401 | E9: -0.3637466 | F9: -0.6214066 | G9: 2.324938 | H9: -18.33998 | I9: 0 | J9: 0 | K9: 0.5240881 | L9: 0.4705811 | M9: 0.04480923 | N9: 0 | O9: 0 | P9: CleanLanding
A10: 27 | B10: LandingSegment_9 | C10: TargetAnchor5 | D10: 1.14429 | E10: 0.7867508 | F10: 0.8309174 | G10: 1.966461 | H10: -17.42728 | I10: 0 | J10: 0 | K10: 0.03444244 | L10: 2.019531 | M10: 10.43025 | N10: 0 | O10: 0 | P10: CleanLanding
A11: 27 | B11: LandingSegment_10 | C11: TargetAnchor6 | D11: 4.476039 | E11: 3.380753 | F11: 2.933502 | G11: 0 | H11: -20.53921 | I11: 0 | J11: 2 | K11: 20.91271 | L11: 0 | M11: 0.9557998 | N11: 1 | O11: 1 | P11: UnderShoot
A12: 28 | B12: LandingSegment_11 | C12: TargetAnchor1 | D12: 1.096439 | E12: 1.079559 | F12: 0.1916504 | G12: 2.073529 | H12: -14.20951 | I12: 0 | J12: 0 | K12: 4.903467 | L12: 0.4448242 | M12: 0.06282864 | N12: 0 | O12: 0 | P12: CleanLanding
A13: 28 | B13: LandingSegment_12 | C13: TargetAnchor3 | D13: 2.346346 | E13: 2.265846 | F13: -0.6093292 | G13: 0.8228707 | H13: -9.150177 | I13: 0 | J13: 1 | K13: 4.639214 | L13: 0 | M13: 0 | N13: 1 | O13: 1 | P13: HitThenFall
... A30: 32 | B30: LandingSegment_29 | C30: TargetAnchor7 | D30: 1.219593 | E30: -1.088714 | F30: -0.5496445 | G30: 1.91385 | H30: -17.27649 | I30: 0 | J30: 0 | K30: 0 | L30: 0.4851074 | M30: 0.1463175 | N30: 0 | O30: 0 | P30: CleanLanding

Sheet adap_MariannaMaregatti
A1: AttemptID | B1: SegmentId | C1: TargetPlatform | D1: LandingOffset_m | E1: LandingOffset_Forward_m | F1: LandingOffset_Side_m | G1: SafetyMargin_m | H1: VerticalSpeed_mps | I1: ApproachAngle_deg | J1: MicroCorrections_0_5s | K1: PreLandingHorizontalJitter | L1: PostStabilizationTime_s | M1: PostLandingDrift_m | N1: LandingFailed | O1: PostLandingFall | P1: LandingType
A2: 14 | B2: LandingSegment_1 | C2: TargetAnchor1 | D2: 0.9193075 | E2: -0.8340149 | F2: -0.3867111 | G2: 1.925079 | H2: -16.01884 | I2: 0 | J2: 0 | K2: 0.05213979 | L2: 0 | M2: 3.927784 | N2: 1 | O2: 1 | P2: HitThenFall
A3: 14 | B3: LandingSegment_2 | C3: TargetAnchor2 | D3: 2.08078 | E3: -1.817902 | F3: 1.012363 | G3: 1.571188 | H3: -14.77611 | I3: 0 | J3: 0 | K3: 0 | L3: 1.022705 | M3: 3.60342 | N3: 0 | O3: 0 | P3: CleanLanding
A4: 14 | B4: LandingSegment_3 | C4: TargetAnchor3 | D4: 4.751025 | E4: 3.600601 | F4: 3.099663 | G4: 0 | H4: -14.77611 | I4: 0 | J4: 0 | K4: 2.462194 | L4: 0 | M4: 0 | N4: 1 | O4: 1 | P4: UnderShoot
A5: 15 | B5: LandingSegment_4 | C5: TargetAnchor1 | D5: 2.902348 | E5: 2.830826 | F5: 0.6403503 | G5: 0.2657206 | H5: -15.20834 | I5: 0 | J5: 1 | K5: 1.633641 | L5: 0.4786987 | M5: 0.1564364 | N5: 0 | O5: 0 | P5: EdgeLanding
A6: 15 | B6: LandingSegment_5 | C6: TargetAnchor2 | D6: 1.57699 | E6: -1.260254 | F6: -0.9479752 | G6: 2.048663 | H6: -9.352782 | I6: 0 | J6: 0 | K6: 0.01665932 | L6: 0 | M6: 3.349378 | N6: 1 | O6: 1 | P6: HitThenFall
A7: 16 | B7: LandingSegment_6 | C7: TargetAnchor1 | D7: 3.862489 | E7: -0.4018707 | F7: 3.841526 | G7: 0 | H7: -9.352782 | I7: 0 | J7: 0 | K7: 0 | L7: 0 | M7: 0 | N7: 1 | O7: 1 | P7: LeftSideFall
A8: 17 | B8: LandingSegment_7 | C8: TargetAnchor1 | D8: 34.42326 | E8: 0.09196472 | F8: 34.42313 | G8: 0 | H8: -9.352782 | I8: 0 | J8: 0 | K8: 0 | L8: 0 | M8: 0 | N8: 1 | O8: 1 | P8: LeftSideFall
A9: 18 | B9: LandingSegment_8 | C9: TargetAnchor1 | D9: 27.36492 | E9: 8.269104 | F9: 26.08564 | G9: 0 | H9: -11.29314 | I9: 0 | J9: 0 | K9: 0 | L9: 2.030334 | M9: 7.141497 | N9: 1 | O9: 0 | P9: MissedPlatform_Standing
A10: 18 | B10: LandingSegment_9 | C10: TargetAnchor1 | D10: 3.688894 | E10: -1.145798 | F10: -3.506435 | G10: 0 | H10: -18.83237 | I10: 0 | J10: 0 | K10: 0.2111117 | L10: 0 | M10: 2.087728 | N10: 1 | O10: 1 | P10: RightSideFall
A11: 19 | B11: LandingSegment_10 | C11: TargetAnchor1 | D11: 0.6503491 | E11: 0.3120575 | F11: 0.570591 | G11: 2.385062 | H11: -15.87788 | I11: 0 | J11: 0 | K11: 2.076154 | L11: 0.5189819 | M11: 0.152662 | N11: 0 | O11: 0 | P11: CleanLanding
A12: 19 | B12: LandingSegment_11 | C12: TargetAnchor2 | D12: 1.038307 | E12: 0.4467621 | F12: 0.9372749 | G12: 2.386345 | H12: -22.80178 | I12: 0 | J12: 0 | K12: 0 | L12: 0.4881592 | M12: 0.1352603 | N12: 0 | O12: 0 | P12: CleanLanding
A13: 19 | B13: LandingSegment_12 | C13: TargetAnchor3 | D13: 0.9949257 | E13: -0.4217606 | F13: -0.9011078 | G13: 1.938616 | H13: -22.49678 | I13: 0 | J13: 0 | K13: 0 | L13: 0.5319214 | M13: 0.1599676 | N13: 0 | O13: 0 | P13: CleanLanding
... A25: 21 | B25: LandingSegment_24 | C25: TargetAnchor7 | D25: 2.057722 | E25: -1.967772 | F25: -0.6017418 | G25: 1.066017 | H25: -20.48135 | I25: 0 | J25: 0 | K25: 0 | L25: 0.4882813 | M25: 0.1168164 | N25: 0 | O25: 0 | P25: CleanLanding

Sheet adap_SebastianRatto
A1: AttemptID | B1: SegmentId | C1: TargetPlatform | D1: LandingOffset_m | E1: LandingOffset_Forward_m | F1: LandingOffset_Side_m | G1: SafetyMargin_m | H1: VerticalSpeed_mps | I1: ApproachAngle_deg | J1: MicroCorrections_0_5s | K1: PreLandingHorizontalJitter | L1: PostStabilizationTime_s | M1: PostLandingDrift_m | N1: LandingFailed | O1: PostLandingFall | P1: LandingType
A2: 2 | B2: LandingSegment_1 | C2: TargetAnchor1 | D2: 1.291735 | E2: 0.3448029 | F2: 1.244865 | G2: 1.714527 | H2: -15.76626 | I2: 0 | J2: 2 | K2: 17.58232 | L2: 2.048828 | M2: 4.124215 | N2: 0 | O2: 0 | P2: CleanLanding
A3: 2 | B3: LandingSegment_2 | C3: TargetAnchor2 | D3: 1.645694 | E3: 1.486206 | F3: 0.7067528 | G3: 1.703205 | H3: -13.6365 | I3: 0 | J3: 0 | K3: 1.046686 | L3: 0 | M3: 6.834954 | N3: 1 | O3: 1 | P3: HitThenFall
A4: 2 | B4: LandingSegment_3 | C4: TargetAnchor4 | D4: 2.32457 | E4: 2.295311 | F4: 0.3676605 | G4: 0.5766385 | H4: -14.61398 | I4: 0 | J4: 0 | K4: 0.1557425 | L4: 0.6841431 | M4: 1.868793 | N4: 0 | O4: 0 | P4: CleanLanding
A5: 2 | B5: LandingSegment_4 | C5: TargetAnchor5 | D5: 3.544427 | E5: 3.495575 | F5: 0.5864487 | G5: 0 | H5: -14.61398 | I5: 0 | J5: 1 | K5: 8.623049 | L5: 0 | M5: 0 | N5: 1 | O5: 1 | P5: UnderShoot
A6: 3 | B6: LandingSegment_5 | C6: TargetAnchor1 | D6: 1.868627 | E6: 0.2736816 | F6: 1.848476 | G6: 1.11919 | H6: -14.08159 | I6: 0 | J6: 2 | K6: 12.61336 | L6: 1.463348 | M6: 2.746767 | N6: 0 | O6: 0 | P6: CleanLanding
A7: 3 | B7: LandingSegment_6 | C7: TargetAnchor2 | D7: 1.137868 | E7: 1.111923 | F7: 0.2416 | G7: 2.197326 | H7: -10.97311 | I7: 0 | J7: 0 | K7: 1.394634 | L7: 0 | M7: 8.24399 | N7: 1 | O7: 1 | P7: HitThenFall
A8: 4 | B8: LandingSegment_7 | C8: TargetAnchor1 | D8: 0.9225292 | E8: 0.9009857 | F8: -0.198204 | G8: 2.259646 | H8: -14.46686 | I8: 0 | J8: 0 | K8: 0.2973515 | L8: 0.7342834 | M8: 2.427495 | N8: 0 | O8: 0 | P8: CleanLanding
A9: 4 | B9: LandingSegment_8 | C9: TargetAnchor2 | D9: 0.1224511 | E9: -0.1216888 | F9: 0.01364136 | G9: 3.451554 | H9: -15.0909 | I9: 0 | J9: 0 | K9: 0.5679109 | L9: 0.414856 | M9: 0.02698701 | N9: 0 | O9: 0 | P9: CleanLanding
A10: 4 | B10: LandingSegment_9 | C10: TargetAnchor3 | D10: 0.1623881 | E10: 0.01384735 | F10: 0.1617966 | G10: 2.76035 | H10: -19.0723 | I10: 0 | J10: 0 | K10: 1.712675 | L10: 0.4045105 | M10: 0.03198259 | N10: 0 | O10: 0 | P10: CleanLanding
A11: 4 | B11: LandingSegment_10 | C11: TargetAnchor4 | D11: 1.854462 | E11: -0.1378098 | F11: -1.849335 | G11: 1.150279 | H11: -21.97643 | I11: 0 | J11: 4 | K11: 14.41268 | L11: 0.4665833 | M11: 0.03423408 | N11: 0 | O11: 0 | P11: CleanLanding
A12: 4 | B12: LandingSegment_11 | C12: TargetAnchor5 | D12: 0.4091446 | E12: 0.3438416 | F12: -0.2217484 | G12: 2.315011 | H12: -13.56047 | I12: 0 | J12: 0 | K12: 0.4264428 | L12: 0.4003601 | M12: 0.01923566 | N12: 0 | O12: 0 | P12: CleanLanding
A13: 4 | B13: LandingSegment_12 | C13: TargetAnchor6 | D13: 2.8839 | E13: -2.79044 | F13: 0.7282333 | G13: 0.1684995 | H13: -12.7287 | I13: 0 | J13: 0 | K13: 0.4554417 | L13: 1.103027 | M13: 2.620211 | N13: 0 | O13: 0 | P13: EdgeLanding
A14: 4 | B14: LandingSegment_13 | C14: TargetAnchor7 | D14: 1.865534 | E14: 0.5532527 | F14: -1.781609 | G14: 1.195964 | H14: -15.17098 | I14: 0 | J14: 1 | K14: 16.87131 | L14: 0.5628967 | M14: 0.6720799 | N14: 0 | O14: 0 | P14: CleanLanding

Sheet adap_SofiaVidal
A1: AttemptID | B1: SegmentId | C1: TargetPlatform | D1: LandingOffset_m | E1: LandingOffset_Forward_m | F1: LandingOffset_Side_m | G1: SafetyMargin_m | H1: VerticalSpeed_mps | I1: ApproachAngle_deg | J1: MicroCorrections_0_5s | K1: PreLandingHorizontalJitter | L1: PostStabilizationTime_s | M1: PostLandingDrift_m | N1: LandingFailed | O1: PostLandingFall | P1: LandingType
A2: 29 | B2: LandingSegment_1 | C2: TargetAnchor1 | D2: 7.755743 | E2: -1.377197 | F2: -7.632488 | G2: 0 | H2: 0 | I2: 0 | J2: 0 | K2: 0.2792358 | L2: 0 | M2: 0 | N2: 1 | O2: 1 | P2: RightSideFall
A3: 30 | B3: LandingSegment_2 | C3: TargetAnchor1 | D3: 0.9323785 | E3: 0.2185974 | F3: 0.9063911 | G3: 2.062815 | H3: -16.49523 | I3: 0 | J3: 0 | K3: 0 | L3: 0.5252686 | M3: 0.2282337 | N3: 0 | O3: 0 | P3: CleanLanding
A4: 30 | B4: LandingSegment_3 | C4: TargetAnchor2 | D4: 4.639166 | E4: 4.451828 | F4: 1.305023 | G4: 0 | H4: -16.49523 | I4: 0 | J4: 0 | K4: 0 | L4: 0 | M4: 0 | N4: 1 | O4: 1 | P4: UnderShoot
A5: 31 | B5: LandingSegment_4 | C5: TargetAnchor1 | D5: 0.5327171 | E5: 0.3164825 | F5: -0.4285164 | G5: 2.578757 | H5: -15.81012 | I5: 0 | J5: 0 | K5: 0 | L5: 0.559082 | M5: 0.4017015 | N5: 0 | O5: 0 | P5: CleanLanding
A6: 31 | B6: LandingSegment_5 | C6: TargetAnchor2 | D6: 4.183779 | E6: 2.946548 | F6: 2.970161 | G6: 0 | H6: -16.63952 | I6: 0 | J6: 2 | K6: 4.909717 | L6: 0.9730225 | M6: 5.246209 | N6: 1 | O6: 0 | P6: MissedPlatform_Standing
A7: 31 | B7: LandingSegment_6 | C7: TargetAnchor3 | D7: 2.155321 | E7: 2.133293 | F7: -0.3073578 | G7: 1.015786 | H7: -20.53187 | I7: 0 | J7: 1 | K7: 3.687157 | L7: 0 | M7: 0.7460255 | N7: 1 | O7: 1 | P7: HitThenFall
A8: 32 | B8: LandingSegment_7 | C8: TargetAnchor1 | D8: 1.548265 | E8: 1.014099 | F8: -1.169926 | G8: 1.587496 | H8: -8.545674 | I8: 0 | J8: 0 | K8: 0.001748528 | L8: 0.5356445 | M8: 0.2982179 | N8: 0 | O8: 0 | P8: CleanLanding
A9: 32 | B9: LandingSegment_8 | C9: TargetAnchor2 | D9: 1.150532 | E9: 0.3057251 | F9: -1.109169 | G9: 2.283917 | H9: -14.72315 | I9: 0 | J9: 0 | K9: 0 | L9: 0.5657959 | M9: 0.3553497 | N9: 0 | O9: 0 | P9: CleanLanding
A10: 32 | B10: LandingSegment_9 | C10: TargetAnchor3 | D10: 6.715948 | E10: 0.2773056 | F10: -6.71022 | G10: 0 | H10: -14.72315 | I10: 0 | J10: 0 | K10: 1.693697 | L10: 0 | M10: 0 | N10: 1 | O10: 1 | P10: RightSideFall
A11: 33 | B11: LandingSegment_10 | C11: TargetAnchor1 | D11: 4.075123 | E11: 1.963257 | F11: 3.57103 | G11: 0 | H11: -14.72315 | I11: 0 | J11: 0 | K11: 0 | L11: 0 | M11: 0 | N11: 1 | O11: 1 | P11: LeftSideFall
A12: 34 | B12: LandingSegment_11 | C12: TargetAnchor1 | D12: 1.169127 | E12: 1.069031 | F12: -0.47332 | G12: 2.00656 | H12: -16.16318 | I12: 0 | J12: 0 | K12: 0 | L12: 0.5578613 | M12: 0.3787811 | N12: 0 | O12: 0 | P12: CleanLanding
A13: 34 | B13: LandingSegment_12 | C13: TargetAnchor2 | D13: 1.485828 | E13: 0.9796448 | F13: -1.11713 | G13: 1.889998 | H13: -19.94061 | I13: 0 | J13: 0 | K13: 0 | L13: 0.5534668 | M13: 0.3196338 | N13: 0 | O13: 0 | P13: CleanLanding
... A30: 37 | B30: LandingSegment_29 | C30: TargetAnchor7 | D30: 1.856474 | E30: -1.221663 | F30: -1.397869 | G30: 1.284608 | H30: -21.55989 | I30: 0 | J30: 0 | K30: 0 | L30: 0.5567627 | M30: 0.3921681 | N30: 0 | O30: 0 | P30: CleanLanding

Sheet adap_VicenteOlguin
A1: AttemptID | B1: SegmentId | C1: TargetPlatform | D1: LandingOffset_m | E1: LandingOffset_Forward_m | F1: LandingOffset_Side_m | G1: SafetyMargin_m | H1: VerticalSpeed_mps | I1: ApproachAngle_deg | J1: MicroCorrections_0_5s | K1: PreLandingHorizontalJitter | L1: PostStabilizationTime_s | M1: PostLandingDrift_m | N1: LandingFailed | O1: PostLandingFall | P1: LandingType
A2: 2 | B2: LandingSegment_1 | C2: TargetAnchor1 | D2: 0.8179728 | E2: 0.3555756 | F2: -0.7366447 | G2: 2.271867 | H2: -13.79985 | I2: 0 | J2: 0 | K2: 0.7094228 | L2: 2.0047 | M2: 2.815423 | N2: 0 | O2: 0 | P2: CleanLanding
A3: 2 | B3: LandingSegment_2 | C3: TargetAnchor3 | D3: 2.320329 | E3: -1.43251 | F3: -1.825333 | G3: 0.5860257 | H3: -14.07824 | I3: 0 | J3: 0 | K3: 0.7769805 | L3: 1.61853 | M3: 2.132352 | N3: 0 | O3: 0 | P3: CleanLanding
A4: 2 | B4: LandingSegment_3 | C4: TargetAnchor4 | D4: 1.201859 | E4: -0.8489761 | F4: 0.850708 | G4: 1.866566 | H4: -8.951328 | I4: 0 | J4: 0 | K4: 0.07063335 | L4: 1.276978 | M4: 1.963994 | N4: 0 | O4: 0 | P4: CleanLanding
A5: 2 | B5: LandingSegment_4 | C5: TargetAnchor5 | D5: 1.222717 | E5: 0.8929901 | F5: 0.835228 | G5: 1.871948 | H5: -13.34735 | I5: 0 | J5: 0 | K5: 0.1609458 | L5: 0.6242065 | M5: 1.07633 | N5: 0 | O5: 0 | P5: CleanLanding
A6: 2 | B6: LandingSegment_5 | C6: TargetAnchor6 | D6: 0.7093333 | E6: 0.0985527 | F6: 0.7024536 | G6: 2.597678 | H6: -6.743696 | I6: 0 | J6: 0 | K6: 0.004314295 | L6: 1.570862 | M6: 1.054058 | N6: 0 | O6: 0 | P6: CleanLanding
A7: 2 | B7: LandingSegment_6 | C7: TargetAnchor7 | D7: 0.9940886 | E7: -0.930285 | F7: -0.3504028 | G7: 2.132784 | H7: -5.600862 | I7: 0 | J7: 0 | K7: 0.394437 | L7: 2.027313 | M7: 7.567488 | N7: 0 | O7: 0 | P7: CleanLanding
A8: 2 | B8: LandingSegment_7 | C8: TargetAnchor8 | D8: 4.15722 | E8: 3.914283 | F8: -1.400311 | G8: 0 | H8: -5.600862 | I8: 0 | J8: 0 | K8: 0.4984152 | L8: 0 | M8: 0 | N8: 1 | O8: 1 | P8: UnderShoot
A9: 3 | B9: LandingSegment_8 | C9: TargetAnchor1 | D9: 4.776786 | E9: -4.679596 | F9: 0.9586792 | G9: 0 | H9: -5.600862 | I9: 0 | J9: 0 | K9: 4.395555 | L9: 0 | M9: 0 | N9: 1 | O9: 1 | P9: OverShoot
A10: 4 | B10: LandingSegment_9 | C10: TargetAnchor1 | D10: 1.078314 | E10: 0.4782867 | F10: -0.9664383 | G10: 2.017199 | H10: -14.07986 | I10: 0 | J10: 0 | K10: 0.5427871 | L10: 0.776062 | M10: 1.548866 | N10: 0 | O10: 0 | P10: CleanLanding
A11: 4 | B11: LandingSegment_10 | C11: TargetAnchor3 | D11: 1.822316 | E11: -0.8421936 | F11: -1.616028 | G11: 1.110067 | H11: -15.16761 | I11: 0 | J11: 1 | K11: 48.01271 | L11: 0 | M11: 3.402115 | N11: 1 | O11: 1 | P11: HitThenFall
A12: 5 | B12: LandingSegment_11 | C12: TargetAnchor1 | D12: 0.6665064 | E12: -0.4342804 | F12: 0.5056 | G12: 2.185017 | H12: -13.93697 | I12: 0 | J12: 0 | K12: 1.596708 | L12: 1.646179 | M12: 1.707827 | N12: 0 | O12: 0 | P12: CleanLanding
A13: 5 | B13: LandingSegment_12 | C13: TargetAnchor2 | D13: 0.9087312 | E13: 0.8956299 | F13: 0.1537514 | G13: 2.42472 | H13: -14.28685 | I13: 0 | J13: 0 | K13: 0.1549916 | L13: 2.007385 | M13: 11.73553 | N13: 0 | O13: 0 | P13: CleanLanding
... A29: 7 | B29: LandingSegment_28 | C29: TargetAnchor7 | D29: 1.719476 | E29: 0.8718481 | F29: 1.482052 | G29: 1.143284 | H29: -19.66096 | I29: 0 | J29: 0 | K29: 2.113225 | L29: 0.8026428 | M29: 2.750246 | N29: 0 | O29: 0 | P29: CleanLanding

Sheet adap_VicenteQuintana
A1: AttemptID | B1: SegmentId | C1: TargetPlatform | D1: LandingOffset_m | E1: LandingOffset_Forward_m | F1: LandingOffset_Side_m | G1: SafetyMargin_m | H1: VerticalSpeed_mps | I1: ApproachAngle_deg | J1: MicroCorrections_0_5s | K1: PreLandingHorizontalJitter | L1: PostStabilizationTime_s | M1: PostLandingDrift_m | N1: LandingFailed | O1: PostLandingFall | P1: LandingType
A2: 4 | B2: LandingSegment_1 | C2: TargetAnchor1 | D2: 3.411041 | E2: 1.03125 | F2: 3.251419 | G2: 0 | H2: -0.06713945 | I2: 0 | J2: 1 | K2: 1.018565 | L2: 1.167145 | M2: 4.737231 | N2: 1 | O2: 0 | P2: MissedPlatform_Standing
A3: 4 | B3: LandingSegment_2 | C3: TargetAnchor2 | D3: 3.319978 | E3: 3.169281 | F3: 0.9888954 | G3: 0.02019858 | H3: -0.7536628 | I3: 0 | J3: 0 | K3: 0.9182377 | L3: 0 | M3: 7.53039 | N3: 1 | O3: 1 | P3: HitThenFall
A4: 4 | B4: LandingSegment_3 | C4: TargetAnchor4 | D4: 3.676847 | E4: 3.003967 | F4: -2.120232 | G4: 0 | H4: 0.7812873 | I4: 0 | J4: 4 | K4: 10.17303 | L4: 0.942749 | M4: 5.246501 | N4: 1 | O4: 0 | P4: MissedPlatform_Standing
A5: 4 | B5: LandingSegment_4 | C5: TargetAnchor5 | D5: 1.455589 | E5: 1.095703 | F5: 0.9582138 | G5: 1.635099 | H5: -8.004676 | I5: 0 | J5: 0 | K5: 0.04536641 | L5: 0.6903687 | M5: 2.132936 | N5: 0 | O5: 0 | P5: CleanLanding
A6: 4 | B6: LandingSegment_5 | C6: TargetAnchor6 | D6: 1.099634 | E6: 1.09882 | F6: 0.04229736 | G6: 1.878756 | H6: -3.196377 | I6: 0 | J6: 0 | K6: 0.8845299 | L6: 0.5016174 | M6: 0.1308656 | N6: 0 | O6: 0 | P6: CleanLanding
A7: 4 | B7: LandingSegment_6 | C7: TargetAnchor7 | D7: 1.240084 | E7: -0.9564409 | F7: -0.7893219 | G7: 1.900617 | H7: -11.15951 | I7: 0 | J7: 0 | K7: 5.371609 | L7: 0.6495361 | M7: 1.007427 | N7: 0 | O7: 0 | P7: CleanLanding

Sheet adap_VicenteVidal
A1: AttemptID | B1: SegmentId | C1: TargetPlatform | D1: LandingOffset_m | E1: LandingOffset_Forward_m | F1: LandingOffset_Side_m | G1: SafetyMargin_m | H1: VerticalSpeed_mps | I1: ApproachAngle_deg | J1: MicroCorrections_0_5s | K1: PreLandingHorizontalJitter | L1: PostStabilizationTime_s | M1: PostLandingDrift_m | N1: LandingFailed | O1: PostLandingFall | P1: LandingType
A2: 4 | B2: LandingSegment_1 | C2: TargetAnchor1 | D2: 24.17118 | E2: 0.09306335 | F2: 24.171 | G2: 0 | H2: 0 | I2: 0 | J2: 0 | K2: 0 | L2: 0 | M2: 0 | N2: 1 | O2: 1 | P2: LeftSideFall
A3: 5 | B3: LandingSegment_2 | C3: TargetAnchor1 | D3: 135.543 | E3: -129.7288 | F3: 39.2728 | G3: 0 | H3: -14.37766 | I3: 0 | J3: 0 | K3: 0 | L3: 0.5203857 | M3: 0.1762836 | N3: 1 | O3: 0 | P3: MissedPlatform_Standing
A4: 5 | B4: LandingSegment_3 | C4: TargetAnchor1 | D4: 127.0215 | E4: -115.9352 | F4: 51.89902 | G4: 0 | H4: -32.71984 | I4: 0 | J4: 0 | K4: 0 | L4: 0.3807526 | M4: 3.814697e-06 | N4: 1 | O4: 0 | P4: MissedPlatform_Standing
A5: 5 | B5: LandingSegment_4 | C5: TargetAnchor1 | D5: 134.7369 | E5: -128.5007 | F5: 40.51665 | G5: 0 | H5: -10.14509 | I5: 0 | J5: 0 | K5: 0.1000096 | L5: 0.5545349 | M5: 0.3728276 | N5: 1 | O5: 0 | P5: MissedPlatform_Standing
A6: 5 | B6: LandingSegment_5 | C6: TargetAnchor1 | D6: 123.8488 | E6: -112.3269 | F6: 52.16497 | G6: 0 | H6: -5.21678 | I6: 0 | J6: 1 | K6: 3.204939 | L6: 0.7996063 | M6: 3.294795 | N6: 1 | O6: 0 | P6: MissedPlatform_Standing
A7: 5 | B7: LandingSegment_6 | C7: TargetAnchor1 | D7: 100.5501 | E7: -84.54496 | F7: 54.42864 | G7: 0 | H7: -24.08396 | I7: 0 | J7: 0 | K7: 0.1164026 | L7: 0.5863037 | M7: 0.5453913 | N7: 1 | O7: 0 | P7: MissedPlatform_Standing
A8: 5 | B8: LandingSegment_7 | C8: TargetAnchor1 | D8: 83.63433 | E8: -64.30553 | F8: 53.47429 | G8: 0 | H8: 1.473284 | I8: 0 | J8: 3 | K8: 5.921058 | L8: 0.607193 | M8: 0.3756729 | N8: 1 | O8: 0 | P8: MissedPlatform_Standing
A9: 5 | B9: LandingSegment_8 | C9: TargetAnchor1 | D9: 48.5065 | E9: -27.99213 | F9: 39.61467 | G9: 0 | H9: -18.41047 | I9: 0 | J9: 0 | K9: 0.3251484 | L9: 0.6831665 | M9: 1.277756 | N9: 1 | O9: 0 | P9: MissedPlatform_Standing
A10: 5 | B10: LandingSegment_9 | C10: TargetAnchor1 | D10: 37.98518 | E10: 7.282791 | F10: 37.28049 | G10: 0 | H10: -12.50041 | I10: 0 | J10: 1 | K10: 4.972076 | L10: 1.870956 | M10: 14.51121 | N10: 1 | O10: 0 | P10: MissedPlatform_Standing
A11: 5 | B11: LandingSegment_10 | C11: TargetAnchor1 | D11: 1.508253 | E11: -0.3946838 | F11: 1.455696 | G11: 1.407033 | H11: -8.777511 | I11: 0 | J11: 0 | K11: 0.09243553 | L11: 0.5415039 | M11: 0.2416595 | N11: 0 | O11: 0 | P11: CleanLanding
A12: 5 | B12: LandingSegment_11 | C12: TargetAnchor2 | D12: 4.019077 | E12: 2.959335 | F12: 2.719433 | G12: 0 | H12: -15.21448 | I12: 0 | J12: 1 | K12: 1.325212 | L12: 0.5048676 | M12: 0.1565651 | N12: 1 | O12: 0 | P12: MissedPlatform_Standing
A13: 5 | B13: LandingSegment_12 | C13: TargetAnchor3 | D13: 2.273159 | E13: 2.265862 | F13: 0.1819992 | G13: 0.8944252 | H13: -15.21448 | I13: 0 | J13: 1 | K13: 2.133113 | L13: 0 | M13: 0 | N13: 1 | O13: 1 | P13: HitThenFall
... A35: 9 | B35: LandingSegment_34 | C35: TargetAnchor7 | D35: 1.203122 | E35: -0.7124953 | F35: -0.9694595 | G35: 1.936469 | H35: -13.27711 | I35: 0 | J35: 0 | K35: 0 | L35: 0.5775452 | M35: 0.3954819 | N35: 0 | O35: 0 | P35: CleanLanding

Sheet adap_yo
A1: AttemptID | B1: SegmentId | C1: TargetPlatform | D1: LandingOffset_m | E1: LandingOffset_Forward_m | F1: LandingOffset_Side_m | G1: SafetyMargin_m | H1: VerticalSpeed_mps | I1: ApproachAngle_deg | J1: MicroCorrections_0_5s | K1: PreLandingHorizontalJitter | L1: PostStabilizationTime_s | M1: PostLandingDrift_m | N1: LandingFailed | O1: PostLandingFall | P1: LandingType
A2: 1 | B2: LandingSegment_1 | C2: TargetAnchor1 | D2: 0.9074873 | E2: 0.9054108 | F2: -0.06135559 | G2: 2.273905 | H2: -9.772713 | I2: 0 | J2: 0 | K2: 0.9360063 | L2: 0.502243 | M2: 0.1323791 | N2: 0 | O2: 0 | P2: CleanLanding
A3: 1 | B3: LandingSegment_2 | C3: TargetAnchor2 | D3: 3.571279 | E3: 3.207458 | F3: 1.570427 | G3: 0 | H3: -10.92969 | I3: 0 | J3: 0 | K3: 3.51633 | L3: 0 | M3: 14.15145 | N3: 1 | O3: 1 | P3: UnderShoot
A4: 1 | B4: LandingSegment_3 | C4: TargetAnchor4 | D4: 0.3527613 | E4: 0.229866 | F4: -0.2675858 | G4: 2.57525 | H4: -10.27796 | I4: 0 | J4: 0 | K4: 0.008869225 | L4: 0.503067 | M4: 0.1312996 | N4: 0 | O4: 0 | P4: CleanLanding
A5: 1 | B5: LandingSegment_4 | C5: TargetAnchor5 | D5: 0.4221443 | E5: 0.1725159 | F5: -0.3852844 | G5: 2.262523 | H5: -10.3159 | I5: 0 | J5: 0 | K5: 0.06489544 | L5: 0.4992065 | M5: 0.1300803 | N5: 0 | O5: 0 | P5: CleanLanding
A6: 1 | B6: LandingSegment_5 | C6: TargetAnchor6 | D6: 7.601109 | E6: 7.473522 | F6: -1.386841 | G6: 0 | H6: -10.3159 | I6: 0 | J6: 0 | K6: 0 | L6: 0 | M6: 0 | N6: 1 | O6: 1 | P6: UnderShoot
A7: 2 | B7: LandingSegment_6 | C7: TargetAnchor1 | D7: 0.4623201 | E7: 0.052948 | F7: 0.4592781 | G7: 2.494498 | H7: -8.453055 | I7: 0 | J7: 0 | K7: 1.23332 | L7: 0.8466644 | M7: 0.6553117 | N7: 0 | O7: 0 | P7: CleanLanding
A8: 2 | B8: LandingSegment_7 | C8: TargetAnchor2 | D8: 1.074728 | E8: 1.032333 | F8: -0.2988777 | G8: 2.258626 | H8: -13.14255 | I8: 0 | J8: 0 | K8: 0.6172677 | L8: 0.4971313 | M8: 0.1372116 | N8: 0 | O8: 0 | P8: CleanLanding
A9: 2 | B9: LandingSegment_8 | C9: TargetAnchor3 | D9: 1.614354 | E9: 1.533722 | F9: 0.5038223 | G9: 1.539134 | H9: -5.866938 | I9: 0 | J9: 0 | K9: 0.3913833 | L9: 0.4922638 | M9: 0.1453242 | N9: 0 | O9: 0 | P9: CleanLanding
A10: 2 | B10: LandingSegment_9 | C10: TargetAnchor4 | D10: 0.9777852 | E10: 0.9768906 | F10: -0.04181671 | G10: 1.922299 | H10: -10.53864 | I10: 0 | J10: 0 | K10: 0.02553032 | L10: 0.5016327 | M10: 0.1097094 | N10: 0 | O10: 0 | P10: CleanLanding
A11: 2 | B11: LandingSegment_10 | C11: TargetAnchor5 | D11: 0.7248968 | E11: 0.7008972 | F11: 0.1849823 | G11: 2.190888 | H11: -8.755025 | I11: 0 | J11: 0 | K11: 1.721513 | L11: 0.5103302 | M11: 0.1329727 | N11: 0 | O11: 0 | P11: CleanLanding
A12: 2 | B12: LandingSegment_11 | C12: TargetAnchor6 | D12: 3.243731 | E12: 3.243359 | F12: 0.04916382 | G12: 0 | H12: -2.53993 | I12: 0 | J12: 1 | K12: 5.78775 | L12: 1.298462 | M12: 2.628226 | N12: 1 | O12: 0 | P12: MissedPlatform_Standing
A13: 2 | B13: LandingSegment_12 | C13: TargetAnchor7 | D13: 1.653078 | E13: 1.393675 | F13: -0.8890076 | G13: 1.310736 | H13: -13.72918 | I13: 0 | J13: 0 | K13: 1.172068 | L13: 1.020355 | M13: 1.291934 | N13: 0 | O13: 0 | P13: CleanLanding

Sheet Sheet1
A1: Jugador | B1: LandingOffset_m | C1: LandingOffset_Forward_m | D1: LandingOffset_Side_m | E1: SafetyMargin_m | F1: VerticalSpeed_mps | G1: ApproachAngle_deg | H1: MicroCorrections_0_5s | I1: PreLandingHorizontalJitter | J1: PostStabilizationTime_s | K1: PostLandingDrift_m | L1: LandingFailed | M1: PostLandingFall | N1: AbandonoPilar
A2: jug1 | B2: =AVERAGE(adap_CataAguilar!D:D) -> 2.6014906 | C2: =AVERAGE(adap_CataAguilar!E:E) -> 0.62781231 | D2: =AVERAGE(adap_CataAguilar!F:F) -> 0.92336529 | E2: =AVERAGE(adap_CataAguilar!G:G) -> 1.0178109 | F2: =AVERAGE(adap_CataAguilar!H:H) -> -20.87267 | G2: =AVERAGE(adap_CataAguilar!I:I) -> 0 | H2: =AVERAGE(adap_CataAguilar!J:J) -> 0.24074074 | I2: =AVERAGE(adap_CataAguilar!K:K) -> 1.0306952 | J2: =AVERAGE(adap_CataAguilar!L:L) -> 0.45815758 | K2: =AVERAGE(adap_CataAguilar!M:M) -> 0.48262581 | L2: =AVERAGE(adap_CataAguilar!N:N) -> 0.37037037 | M2: =AVERAGE(adap_CataAguilar!O:O) -> 0.22222222 | N2: 0
A3: jug2 | B3: =AVERAGE(adap_GonzaloCampos!D:D) -> 5.9780735 | C3: =AVERAGE(adap_GonzaloCampos!E:E) -> 2.2736723 | D3: =AVERAGE(adap_GonzaloCampos!F:F) -> 2.5202236 | E3: =AVERAGE(adap_GonzaloCampos!G:G) -> 0.84277143 | F3: =AVERAGE(adap_GonzaloCampos!H:H) -> -15.694243 | G3: =AVERAGE(adap_GonzaloCampos!I:I) -> 0 | H3: =AVERAGE(adap_GonzaloCampos!J:J) -> 0.15789474 | I3: =AVERAGE(adap_GonzaloCampos!K:K) -> 0.93635162 | J3: =AVERAGE(adap_GonzaloCampos!L:L) -> 0.72354549 | K3: =AVERAGE(adap_GonzaloCampos!M:M) -> 1.7305887 | L3: =AVERAGE(adap_GonzaloCampos!N:N) -> 0.42105263 | M3: =AVERAGE(adap_GonzaloCampos!O:O) -> 0.21052632 | N3: 0
A4: jug3 | B4: =AVERAGE(adap_IgnaciaDelgado!D:D) -> 2.82464 | C4: =AVERAGE(adap_IgnaciaDelgado!E:E) -> 1.1824656 | D4: =AVERAGE(adap_IgnaciaDelgado!F:F) -> -0.60061702 | E4: =AVERAGE(adap_IgnaciaDelgado!G:G) -> 1.3068455 | F4: =AVERAGE(adap_IgnaciaDelgado!H:H) -> -18.10899 | G4: =AVERAGE(adap_IgnaciaDelgado!I:I) -> 0 | H4: =AVERAGE(adap_IgnaciaDelgado!J:J) -> 0.12195122 | I4: =AVERAGE(adap_IgnaciaDelgado!K:K) -> 0.73685588 | J4: =AVERAGE(adap_IgnaciaDelgado!L:L) -> 0.84659933 | K4: =AVERAGE(adap_IgnaciaDelgado!M:M) -> 2.2669304 | L4: =AVERAGE(adap_IgnaciaDelgado!N:N) -> 0.24390244 | M4: =AVERAGE(adap_IgnaciaDelgado!O:O) -> 0.2195122 | N4: 0
A5: jug4 | B5: =AVERAGE(adap_IsidoraToledo!D:D) -> 1.6095277 | C5: =AVERAGE(adap_IsidoraToledo!E:E) -> 0.18147233 | D5: =AVERAGE(adap_IsidoraToledo!F:F) -> 0.7372187 | E5: =AVERAGE(adap_IsidoraToledo!G:G) -> 2.0997079 | F5: =AVERAGE(adap_IsidoraToledo!H:H) -> -17.793293 | G5: =AVERAGE(adap_IsidoraToledo!I:I) -> 0 | H5: =AVERAGE(adap_IsidoraToledo!J:J) -> 0.5 | I5: =AVERAGE(adap_IsidoraToledo!K:K) -> 0.59936854 | J5: =AVERAGE(adap_IsidoraToledo!L:L) -> 0.80592201 | K5: =AVERAGE(adap_IsidoraToledo!M:M) -> 0.58425138 | L5: =AVERAGE(adap_IsidoraToledo!N:N) -> 0.125 | M5: =AVERAGE(adap_IsidoraToledo!O:O) -> 0 | N5: 0
A6: jug5 | B6: =AVERAGE(adap_JavierSalinas!D:D) -> 2.3887694 | C6: =AVERAGE(adap_JavierSalinas!E:E) -> 0.5927085 | D6: =AVERAGE(adap_JavierSalinas!F:F) -> -0.62727855 | E6: =AVERAGE(adap_JavierSalinas!G:G) -> 1.2174058 | F6: =AVERAGE(adap_JavierSalinas!H:H) -> -13.79811 | G6: =AVERAGE(adap_JavierSalinas!I:I) -> 0 | H6: =AVERAGE(adap_JavierSalinas!J:J) -> 0.24137931 | I6: =AVERAGE(adap_JavierSalinas!K:K) -> 2.3341613 | J6: =AVERAGE(adap_JavierSalinas!L:L) -> 0.4772865 | K6: =AVERAGE(adap_JavierSalinas!M:M) -> 1.4890501 | L6: =AVERAGE(adap_JavierSalinas!N:N) -> 0.34482759 | M6: =AVERAGE(adap_JavierSalinas!O:O) -> 0.34482759 | N6: 0
A7: jug6 | B7: =AVERAGE(adap_MariannaMaregatti!D:D) -> 4.7753086 | C7: =AVERAGE(adap_MariannaMaregatti!E:E) -> 0.89019495 | D7: =AVERAGE(adap_MariannaMaregatti!F:F) -> 2.4267347 | E7: =AVERAGE(adap_MariannaMaregatti!G:G) -> 0.97246898 | F7: =AVERAGE(adap_MariannaMaregatti!H:H) -> -16.840815 | G7: =AVERAGE(adap_MariannaMaregatti!I:I) -> 0 | H7: =AVERAGE(adap_MariannaMaregatti!J:J) -> 0.125 | I7: =AVERAGE(adap_MariannaMaregatti!K:K) -> 0.87536982 | J7: =AVERAGE(adap_MariannaMaregatti!L:L) -> 0.48975369 | K7: =AVERAGE(adap_MariannaMaregatti!M:M) -> 1.3884697 | L7: =AVERAGE(adap_MariannaMaregatti!N:N) -> 0.41666667 | M7: =AVERAGE(adap_MariannaMaregatti!O:O) -> 0.33333333 | N7: 0
A8: jug7 | B8: =AVERAGE(adap_SebastianRatto!D:D) -> 1.5410254 | C8: =AVERAGE(adap_SebastianRatto!E:E) -> 0.59765294 | D8: =AVERAGE(adap_SebastianRatto!F:F) -> 0.1421983 | E8: =AVERAGE(adap_SebastianRatto!G:G) -> 1.5855531 | F8: =AVERAGE(adap_SebastianRatto!H:H) -> -15.057851 | G8: =AVERAGE(adap_SebastianRatto!I:I) -> 0 | H8: =AVERAGE(adap_SebastianRatto!J:J) -> 0.76923077 | I8: =AVERAGE(adap_SebastianRatto!K:K) -> 5.858431 | J8: =AVERAGE(adap_SebastianRatto!L:L) -> 0.63714124 | K8: =AVERAGE(adap_SebastianRatto!M:M) -> 2.2808419 | L8: =AVERAGE(adap_SebastianRatto!N:N) -> 0.23076923 | M8: =AVERAGE(adap_SebastianRatto!O:O) -> 0.23076923 | N8: 0
A9: jug8 | B9: =AVERAGE(adap_SofiaVidal!D:D) -> 2.9167728 | C9: =AVERAGE(adap_SofiaVidal!E:E) -> 1.4029914 | D9: =AVERAGE(adap_SofiaVidal!F:F) -> -0.10394586 | E9: =AVERAGE(adap_SofiaVidal!G:G) -> 1.0429764 | F9: =AVERAGE(adap_SofiaVidal!H:H) -> -16.328548 | G9: =AVERAGE(adap_SofiaVidal!I:I) -> 0 | H9: =AVERAGE(adap_SofiaVidal!J:J) -> 0.17241379 | I9: =AVERAGE(adap_SofiaVidal!K:K) -> 0.64032956 | J9: =AVERAGE(adap_SofiaVidal!L:L) -> 0.46530255 | K9: =AVERAGE(adap_SofiaVidal!M:M) -> 0.56787643 | L9: =AVERAGE(adap_SofiaVidal!N:N) -> 0.31034483 | M9: =AVERAGE(adap_SofiaVidal!O:O) -> 0.27586207 | N9: 0
A10: jug9 | B10: =AVERAGE(adap_VicenteOlguin!D:D) -> 1.8503255 | C10: =AVERAGE(adap_VicenteOlguin!E:E) -> 0.096829008 | D10: =AVERAGE(adap_VicenteOlguin!F:F) -> -0.21116721 | E10: =AVERAGE(adap_VicenteOlguin!G:G) -> 1.5348869 | F10: =AVERAGE(adap_VicenteOlguin!H:H) -> -13.413123 | G10: =AVERAGE(adap_VicenteOlguin!I:I) -> 0 | H10: =AVERAGE(adap_VicenteOlguin!J:J) -> 0.071428571 | I10: =AVERAGE(adap_VicenteOlguin!K:K) -> 2.3956236 | J10: =AVERAGE(adap_VicenteOlguin!L:L) -> 0.96802741 | K10: =AVERAGE(adap_VicenteOlguin!M:M) -> 2.5124263 | L10: =AVERAGE(adap_VicenteOlguin!N:N) -> 0.17857143 | M10: =AVERAGE(adap_VicenteOlguin!O:O) -> 0.17857143 | N10: 0
A11: jug10 | B11: =AVERAGE(adap_VicenteQuintana!D:D) -> 2.3671955 | C11: =AVERAGE(adap_VicenteQuintana!E:E) -> 1.4070967 | D11: =AVERAGE(adap_VicenteQuintana!F:F) -> 0.38854528 | E11: =AVERAGE(adap_VicenteQuintana!G:G) -> 0.90577843 | F11: =AVERAGE(adap_VicenteQuintana!H:H) -> -3.7333463 | G11: =AVERAGE(adap_VicenteQuintana!I:I) -> 0 | H11: =AVERAGE(adap_VicenteQuintana!J:J) -> 0.83333333 | I11: =AVERAGE(adap_VicenteQuintana!K:K) -> 3.0685563 | J11: =AVERAGE(adap_VicenteQuintana!L:L) -> 0.65856937 | K11: =AVERAGE(adap_VicenteQuintana!M:M) -> 3.4642251 | L11: =AVERAGE(adap_VicenteQuintana!N:N) -> 0.5 | M11: =AVERAGE(adap_VicenteQuintana!O:O) -> 0.16666667 | N11: 0
A12: jug11 | B12: =AVERAGE(adap_VicenteVidal!D:D) -> 25.433101 | C12: =AVERAGE(adap_VicenteVidal!E:E) -> -18.778943 | D12: =AVERAGE(adap_VicenteVidal!F:F) -> 11.614077 | E12: =AVERAGE(adap_VicenteVidal!G:G) -> 0.97048736 | F12: =AVERAGE(adap_VicenteVidal!H:H) -> -12.573634 | G12: =AVERAGE(adap_VicenteVidal!I:I) -> 0 | H12: =AVERAGE(adap_VicenteVidal!J:J) -> 0.44117647 | I12: =AVERAGE(adap_VicenteVidal!K:K) -> 1.5360219 | J12: =AVERAGE(adap_VicenteVidal!L:L) -> 0.55189961 | K12: =AVERAGE(adap_VicenteVidal!M:M) -> 1.1083813 | L12: =AVERAGE(adap_VicenteVidal!N:N) -> 0.47058824 | M12: =AVERAGE(adap_VicenteVidal!O:O) -> 0.14705882 | N12: 0
A13: jug12 | B13: =AVERAGE(adap_yo!D:D) -> 1.8838062 | C13: =AVERAGE(adap_yo!E:E) -> 1.7435498 | D13: =AVERAGE(adap_yo!F:F) -> -0.046924607 | E13: =AVERAGE(adap_yo!G:G) -> 1.5689883 | F13: =AVERAGE(adap_yo!H:H) -> -9.5531234 | G13: =AVERAGE(adap_yo!I:I) -> 0 | H13: =AVERAGE(adap_yo!J:J) -> 0.083333333 | I13: =AVERAGE(adap_yo!K:K) -> 1.2895778 | J13: =AVERAGE(adap_yo!L:L) -> 0.55594632 | K13: =AVERAGE(adap_yo!M:M) -> 1.6371582 | L13: =AVERAGE(adap_yo!N:N) -> 0.25 | M13: =AVERAGE(adap_yo!O:O) -> 0.16666667 | N13: 0
