Workbook

Sheet adap_CataAguilar
A1: EventType | B1: SegmentID | C1: ElementID | D1: TimeOnPlatform | E1: RelativePositionStd | F1: RelativePositionMean | G1: RelativePositionMax | H1: RelativePositionMin | I1: SampleCount | J1: EdgeRiskTime | K1: CorrectionPeaks | L1: ObstacleType | M1: ClearType | N1: MinClearance | O1: MicroCorrections | P1: ObstacleDuration
A2: DEATH
A3: Platform | B3: 0 | C3: 0 | D3: 0.02 | E3: 0 | F3: 5.678 | G3: 5.678 | H3: 5.678 | I3: 1 | J3: 0 | K3: 0 | L3: 0
A4: Platform | B4: 0 | C4: 0 | D4: 3.07 | E4: 0.5023 | F4: 0.9585 | G4: 1.8496 | H4: 0.0582 | I4: 184 | J4: 0.3 | K4: 0 | L4: 4
A5: Platform | B5: 0 | C5: 0 | D5: 1.55 | E5: 0.2787 | F5: 4.7292 | G5: 5.0226 | H5: 4.3313 | I5: 92 | J5: 0.02 | K5: 0 | L5: 1
A6: Platform | B6: 1 | C6: 0 | D6: 0.8 | E6: 0.0232 | F6: 9.7651 | G6: 9.7952 | H6: 9.6707 | I6: 48 | J6: 0.18 | K6: 0 | L6: 0
A7: Platform | B7: 1 | C7: 0 | D7: 0.02 | E7: 0 | F7: 10.5939 | G7: 10.5939 | H7: 10.5939 | I7: 1 | J7: 0 | K7: 0 | L7: 0
A8: Platform | B8: 1 | C8: 0 | D8: 0.01 | E8: 0 | F8: 10.5363 | G8: 10.5363 | H8: 10.5363 | I8: 1 | J8: 0 | K8: 0 | L8: 0
A9: DEATH
A10: Platform | B10: 0 | C10: 0 | D10: 2.9 | E10: 0.2958 | F10: 1.4345 | G10: 1.8753 | H10: 0.526 | I10: 174 | J10: 0.15 | K10: 0 | L10: 1
A11: Platform | B11: 0 | C11: 0 | D11: 0.46 | E11: 1.2479 | F11: 2.296 | G11: 4.7501 | H11: 0.8511 | I11: 28 | J11: 0.28 | K11: 0 | L11: 2
A12: DEATH
A13: Platform | B13: 0 | C13: 0 | D13: 3.24 | E13: 0.0738 | F13: 0.7352 | G13: 0.845 | H13: 0.5563 | I13: 194 | J13: 0.23 | K13: 0 | L13: 1
A14: DEATH
A15: Platform | B15: 0 | C15: 0 | D15: 3.9 | E15: 0.9244 | F15: 2.0829 | G15: 4.7999 | H15: 0.3244 | I15: 233 | J15: 3.16 | K15: 0 | L15: 4
A16: DEATH
A17: Platform | B17: 0 | C17: 0 | D17: 1.78 | E17: 0.7153 | F17: 1.7722 | G17: 4.4911 | H17: 0.8748 | I17: 107 | J17: 0 | K17: 0 | L17: 3
A18: Platform | B18: 0 | C18: 0 | D18: 3.62 | E18: 0.3634 | F18: 1.2775 | G18: 3.6833 | H18: 1.1156 | I18: 215 | J18: 0.54 | K18: 0 | L18: 2
A19: Platform | B19: 1 | C19: 0 | D19: 0.51 | E19: 0.0706 | F19: 8.6722 | G19: 8.7255 | H19: 8.4148 | I19: 30 | J19: 0.07 | K19: 0 | L19: 0
A20: Platform | B20: 1 | C20: 0 | D20: 5.12 | E20: 0.0796 | F20: 8.5766 | G20: 8.7349 | H20: 8.3687 | I20: 303 | J20: 0.16 | K20: 0 | L20: 1
A21: Platform | B21: 2 | C21: 0 | D21: 0.03 | E21: 0 | F21: 4.7969 | G21: 4.7969 | H21: 4.7969 | I21: 1 | J21: 0 | K21: 0 | L21: 0
A22: Platform | B22: 2 | C22: 0 | D22: 3.15 | E22: 1.9301 | F22: 8.3218 | G22: 12.7962 | H22: 4.3547 | I22: 108 | J22: 1.94 | K22: 4 | L22: 4
A23: DEATH
A24: Platform | B24: 2 | C24: 0 | D24: 0.05 | E24: 0.0226 | F24: 4.6539 | G24: 4.6765 | H24: 4.6314 | I24: 2 | J24: 0 | K24: 0 | L24: 0
A25: Platform | B25: 2 | C25: 0 | D25: 1.94 | E25: 0.6564 | F25: 6.4782 | G25: 7.2317 | H25: 4.8921 | I25: 64 | J25: 1.15 | K25: 0 | L25: 2
A26: DEATH
A27: Platform | B27: 2 | C27: 0 | D27: 0.07 | E27: 0.0926 | F27: 2.5835 | G27: 2.6761 | H27: 2.4909 | I27: 2 | J27: 0 | K27: 0 | L27: 0
A28: Platform | B28: 2 | C28: 0 | D28: 2.35 | E28: 1.2089 | F28: 6.2015 | G28: 8.305 | H28: 2.9332 | I28: 70 | J28: 0.51 | K28: 0 | L28: 1
A29: Platform | B29: 2 | C29: 0 | D29: 0.03 | E29: 0 | F29: 7.0428 | G29: 7.0428 | H29: 7.0428 | I29: 1 | J29: 0 | K29: 0 | L29: 0
A30: Platform | B30: 2 | C30: 0 | D30: 0.03 | E30: 0 | F30: 7.4863 | G30: 7.4863 | H30: 7.4863 | I30: 1 | J30: 0 | K30: 0 | L30: 0
A31: DEATH
A32: Platform | B32: 2 | C32: 0 | D32: 2.59 | E32: 0.962 | F32: 7.3267 | G32: 7.9317 | H32: 4.8538 | I32: 89 | J32: 1.11 | K32: 0 | L32: 2
A33: Platform | B33: 2 | C33: 0 | D33: 0.77 | E33: 0.0135 | F33: 7.9186 | G33: 7.9621 | H33: 7.9052 | I33: 26 | J33: 0.1 | K33: 0 | L33: 0
A34: DEATH
A35: Platform | B35: 2 | C35: 0 | D35: 0.06 | E35: 0.1895 | F35: 4.5262 | G35: 4.7158 | H35: 4.3367 | I35: 2 | J35: 0 | K35: 0 | L35: 0
A36: Platform | B36: 2 | C36: 0 | D36: 1.67 | E36: 1.2371 | F36: 7.6329 | G36: 8.3947 | H36: 4.7026 | I36: 55 | J36: 0.66 | K36: 0 | L36: 0
A37: Platform | B37: 2 | C37: 0 | D37: 2.56 | E37: 0.7601 | F37: 8.1455 | G37: 11.367 | H37: 7.6694 | I37: 86 | J37: 0.35 | K37: 0 | L37: 2
A38: DEATH
A39: Platform | B39: 2 | C39: 0 | D39: 2.84 | E39: 0.5495 | F39: 4.825 | G39: 6.3251 | H39: 3.3364 | I39: 96 | J39: 1.63 | K39: 0 | L39: 0
A40: Platform | B40: 2 | C40: 0 | D40: 1.44 | E40: 1.3402 | F40: 6.5252 | G40: 9.9216 | H40: 4.1409 | I40: 49 | J40: 0.26 | K40: 0 | L40: 2
A41: DEATH
A42: Platform | B42: 2 | C42: 0 | D42: 0.04 | E42: 0 | F42: 4.2861 | G42: 4.2861 | H42: 4.2861 | I42: 1 | J42: 0 | K42: 0 | L42: 0
A43: Platform | B43: 2 | C43: 0 | D43: 1.75 | E43: 1.093 | F43: 8.5411 | G43: 9.4547 | H43: 5.3118 | I43: 52 | J43: 0.51 | K43: 0 | L43: 1
A44: Platform | B44: 2 | C44: 0 | D44: 1.7 | E44: 0.6266 | F44: 9.1613 | G44: 9.831 | H44: 8.3721 | I44: 50 | J44: 1.16 | K44: 0 | L44: 4
A45: Platform | B45: 2 | C45: 0 | D45: 0.04 | E45: 0 | F45: 9.8363 | G45: 9.8363 | H45: 9.8363 | I45: 1 | J45: 0 | K45: 0 | L45: 0
A46: DEATH
A47: Platform | B47: 2 | C47: 0 | D47: 0.03 | E47: 0 | F47: 4.2801 | G47: 4.2801 | H47: 4.2801 | I47: 1 | J47: 0 | K47: 0 | L47: 0
A48: Platform | B48: 2 | C48: 0 | D48: 3.14 | E48: 1.4532 | F48: 7.9065 | G48: 11.5185 | H48: 4.9619 | I48: 98 | J48: 1.71 | K48: 0 | L48: 0
A49: DEATH
A50: Platform | B50: 2 | C50: 0 | D50: 2.32 | E50: 0.7182 | F50: 5.5361 | G50: 6.7999 | H50: 3.3822 | I50: 78 | J50: 0.96 | K50: 0 | L50: 2
A51: DEATH
A52: Platform | B52: 2 | C52: 0 | D52: 2.1 | E52: 1.9297 | F52: 7.9037 | G52: 9.0141 | H52: 3.2167 | I52: 72 | J52: 0.88 | K52: 0 | L52: 2
A53: DEATH
A54: Platform | B54: 2 | C54: 0 | D54: 2.23 | E54: 0.7423 | F54: 7.149 | G54: 8.0695 | H54: 5.7368 | I54: 71 | J54: 1.06 | K54: 0 | L54: 0
A55: Platform | B55: 2 | C55: 0 | D55: 0.47 | E55: 0.0163 | F55: 8.0567 | G55: 8.1057 | H55: 8.0392 | I55: 15 | J55: 0 | K55: 0 | L55: 1
A56: Platform | B56: 2 | C56: 0 | D56: 0.04 | E56: 0 | F56: 8.1088 | G56: 8.1088 | H56: 8.1088 | I56: 1 | J56: 0 | K56: 0 | L56: 0
A57: DEATH
A58: Platform | B58: 2 | C58: 0 | D58: 0.07 | E58: 0.3221 | F58: 5.7444 | G58: 6.0665 | H58: 5.4223 | I58: 2 | J58: 0 | K58: 1 | L58: 0
A59: Platform | B59: 2 | C59: 0 | D59: 2.47 | E59: 0.4572 | F59: 8.6658 | G59: 9.3332 | H59: 7.0152 | I59: 73 | J59: 0.24 | K59: 0 | L59: 1
A60: DEATH
A61: Platform | B61: 2 | C61: 0 | D61: 0.02 | E61: 0 | F61: 4.4239 | G61: 4.4239 | H61: 4.4239 | I61: 1 | J61: 0 | K61: 0 | L61: 0
A62: Platform | B62: 2 | C62: 0 | D62: 1.1 | E62: 2.6572 | F62: 8.2542 | G62: 12.9213 | H62: 4.513 | I62: 39 | J62: 0.99 | K62: 0 | L62: 0
A63: DEATH
A64: Platform | B64: 2 | C64: 0 | D64: 0.07 | E64: 0.1539 | F64: 7.7335 | G64: 7.8874 | H64: 7.5796 | I64: 2 | J64: 0 | K64: 0 | L64: 0
A65: Platform | B65: 2 | C65: 0 | D65: 0.1 | E65: 0.0551 | F65: 5.5608 | G65: 5.6387 | H65: 5.5216 | I65: 3 | J65: 0 | K65: 0 | L65: 1
A66: Platform | B66: 2 | C66: 0 | D66: 0.06 | E66: 0.0082 | F66: 5.3503 | G66: 5.3584 | H66: 5.3421 | I66: 2 | J66: 0 | K66: 0 | L66: 0
A67: DEATH
A68: Platform | B68: 2 | C68: 0 | D68: 0.02 | E68: 0 | F68: 7.1863 | G68: 7.1863 | H68: 7.1863 | I68: 1 | J68: 0 | K68: 0 | L68: 0
A69: Platform | B69: 2 | C69: 0 | D69: 2.72 | E69: 0.9193 | F69: 9.7654 | G69: 10.7439 | H69: 7.6344 | I69: 95 | J69: 1.93 | K69: 0 | L69: 0
A70: Platform | B70: 2 | C70: 0 | D70: 0.03 | E70: 0 | F70: 5.0397 | G70: 5.0397 | H70: 5.0397 | I70: 1 | J70: 0 | K70: 0 | L70: 0
A71: Platform | B71: 2 | C71: 0 | D71: 0.03 | E71: 0 | F71: 4.8981 | G71: 4.8981 | H71: 4.8981 | I71: 1 | J71: 0 | K71: 0 | L71: 0
A72: DEATH
A73: Platform | B73: 2 | C73: 0 | D73: 0.06 | E73: 0.0405 | F73: 3.9927 | G73: 4.0332 | H73: 3.9522 | I73: 2 | J73: 0 | K73: 0 | L73: 0
A74: Platform | B74: 2 | C74: 0 | D74: 2.07 | E74: 1.0419 | F74: 7.2909 | G74: 7.7983 | H74: 4.0812 | I74: 66 | J74: 0.56 | K74: 0 | L74: 0
A75: DEATH
A76: Platform | B76: 2 | C76: 0 | D76: 1.97 | E76: 0.3161 | F76: 5.4956 | G76: 5.7539 | H76: 4.9298 | I76: 64 | J76: 0.18 | K76: 0 | L76: 1
A77: Platform | B77: 2 | C77: 0 | D77: 0.7 | E77: 0.0599 | F77: 5.8117 | G77: 6.0334 | H77: 5.7503 | I77: 23 | J77: 0 | K77: 0 | L77: 1
A78: Platform | B78: 2 | C78: 0 | D78: 0.06 | E78: 0.0005 | F78: 4.1588 | G78: 4.1593 | H78: 4.1583 | I78: 2 | J78: 0 | K78: 0 | L78: 0
A79: Platform | B79: 2 | C79: 0 | D79: 0.03 | E79: 0 | F79: 4.1254 | G79: 4.1254 | H79: 4.1254 | I79: 1 | J79: 0 | K79: 0 | L79: 0
A80: Platform | B80: 2 | C80: 0 | D80: 0.06 | E80: 0.0011 | F80: 3.8057 | G80: 3.8068 | H80: 3.8046 | I80: 2 | J80: 0 | K80: 0 | L80: 0
A81: Platform | B81: 2 | C81: 0 | D81: 0.09 | E81: 0.002 | F81: 3.7727 | G81: 3.7756 | H81: 3.771 | I81: 3 | J81: 0 | K81: 0 | L81: 0
A82: Platform | B82: 2 | C82: 0 | D82: 0.03 | E82: 0 | F82: 3.7374 | G82: 3.7374 | H82: 3.7374 | I82: 1 | J82: 0 | K82: 0 | L82: 0
A83: Platform | B83: 2 | C83: 0 | D83: 0.6 | E83: 1.3989 | F83: 5.7026 | G83: 8.4023 | H83: 3.5855 | I83: 21 | J83: 0 | K83: 0 | L83: 1
A84: DEATH
A85: Platform | B85: 2 | C85: 0 | D85: 2.06 | E85: 1.8045 | F85: 5.7061 | G85: 9.5308 | H85: 2.4657 | I85: 66 | J85: 0.6 | K85: 0 | L85: 1
A86: Platform | B86: 2 | C86: 0 | D86: 0.55 | E86: 0.342 | F86: 5.8318 | G86: 6.6889 | H86: 5.5962 | I86: 18 | J86: 0 | K86: 0 | L86: 1
A87: Platform | B87: 2 | C87: 0 | D87: 0.06 | E87: 0.0037 | F87: 6.0762 | G87: 6.0799 | H87: 6.0725 | I87: 2 | J87: 0 | K87: 0 | L87: 0
A88: Platform | B88: 2 | C88: 0 | D88: 0.55 | E88: 0.0064 | F88: 7.5769 | G88: 7.592 | H88: 7.5691 | I88: 19 | J88: 0 | K88: 0 | L88: 0
A89: DEATH
A90: DEATH

Sheet adap_GonzaloCampos
A1: EventType | B1: SegmentID | C1: ElementID | D1: TimeOnPlatform | E1: RelativePositionStd | F1: RelativePositionMean | G1: RelativePositionMax | H1: RelativePositionMin | I1: SampleCount | J1: EdgeRiskTime | K1: CorrectionPeaks | L1: ObstacleType | M1: ClearType | N1: MinClearance | O1: MicroCorrections | P1: ObstacleDuration
A2: DEATH
A3: DEATH
A4: Platform | B4: 0 | C4: 0 | D4: 0.74 | E4: 1.873 | F4: 2.6713 | G4: 6.5205 | H4: 0.1062 | I4: 34 | J4: 0.38 | K4: 1 | L4: 2
A5: Platform | B5: 0 | C5: 0 | D5: 0.1 | E5: 0.0214 | F5: 5.582 | G5: 5.6068 | H5: 5.5494 | I5: 5 | J5: 0 | K5: 0 | L5: 0
A6: DEATH
A7: Platform | B7: 0 | C7: 0 | D7: 0.04 | E7: 0.0007 | F7: 5.0742 | G7: 5.0749 | H7: 5.0735 | I7: 2 | J7: 0 | K7: 0 | L7: 0
A8: Platform | B8: 0 | C8: 0 | D8: 2.22 | E8: 0.2524 | F8: 1.8151 | G8: 2.7527 | H8: 1.5587 | I8: 112 | J8: 0 | K8: 0 | L8: 4
A9: DEATH
A10: Platform | B10: 0 | C10: 0 | D10: 0.04 | E10: 0.0495 | F10: 5.9416 | G10: 5.991 | H10: 5.8921 | I10: 2 | J10: 0 | K10: 0 | L10: 1
A11: Platform | B11: 0 | C11: 0 | D11: 2.24 | E11: 0.7766 | F11: 1.4495 | G11: 4.4105 | H11: 0.2678 | I11: 113 | J11: 0 | K11: 0 | L11: 6
A12: DEATH
A13: Platform | B13: 0 | C13: 0 | D13: 2.67 | E13: 0.0782 | F13: 0.7602 | G13: 0.8591 | H13: 0.6209 | I13: 134 | J13: 0.13 | K13: 0 | L13: 5
A14: Platform | B14: 0 | C14: 0 | D14: 2.07 | E14: 0.8963 | F14: 0.9758 | G14: 4.6958 | H14: 0.5339 | I14: 104 | J14: 0.82 | K14: 0 | L14: 0
A15: Platform | B15: 1 | C15: 0 | D15: 0.58 | E15: 1.4431 | F15: 8.755 | G15: 10.5976 | H15: 6.2262 | I15: 28 | J15: 0.47 | K15: 0 | L15: 0
A16: DEATH
A17: Platform | B17: 0 | C17: 0 | D17: 2.16 | E17: 0.5156 | F17: 0.8152 | G17: 3.3848 | H17: 0.5275 | I17: 109 | J17: 0.45 | K17: 0 | L17: 4
A18: Platform | B18: 0 | C18: 0 | D18: 2.43 | E18: 0.7263 | F18: 3.1718 | G18: 4.7845 | H18: 2.057 | I18: 124 | J18: 0.11 | K18: 0 | L18: 8
A19: Platform | B19: 1 | C19: 0 | D19: 0.44 | E19: 0.3931 | F19: 5.9949 | G19: 6.3421 | H19: 5.2222 | I19: 22 | J19: 0.24 | K19: 0 | L19: 0
A20: Platform | B20: 1 | C20: 0 | D20: 0.62 | E20: 0.9422 | F20: 7.299 | G20: 8.1204 | H20: 5.4682 | I20: 32 | J20: 0.4 | K20: 0 | L20: 2
A21: Platform | B21: 1 | C21: 0 | D21: 0.08 | E21: 0.0604 | F21: 10.7903 | G21: 10.8787 | H21: 10.7233 | I21: 4 | J21: 0 | K21: 0 | L21: 0
A22: Platform | B22: 1 | C22: 0 | D22: 0.12 | E22: 0.1253 | F22: 8.5327 | G22: 8.7 | H22: 8.3348 | I22: 6 | J22: 0 | K22: 0 | L22: 1
A23: Platform | B23: 1 | C23: 0 | D23: 0.06 | E23: 0.0807 | F23: 6.0464 | G23: 6.1429 | H23: 5.9453 | I23: 3 | J23: 0 | K23: 0 | L23: 1
A24: DEATH
A25: Platform | B25: 0 | C25: 0 | D25: 0.02 | E25: 0 | F25: 4.9927 | G25: 4.9927 | H25: 4.9927 | I25: 1 | J25: 0 | K25: 0 | L25: 0
A26: Platform | B26: 0 | C26: 0 | D26: 2.9 | E26: 0.3789 | F26: 0.6778 | G26: 2.118 | H26: 0.2692 | I26: 147 | J26: 0 | K26: 0 | L26: 4
A27: Platform | B27: 0 | C27: 0 | D27: 2.11 | E27: 0.5918 | F27: 1.9418 | G27: 4.5612 | H27: 0.64 | I27: 108 | J27: 0.38 | K27: 0 | L27: 2
A28: Platform | B28: 1 | C28: 0 | D28: 1.8 | E28: 0.641 | F28: 5.6524 | G28: 6.8737 | H28: 4.1912 | I28: 90 | J28: 1.39 | K28: 0 | L28: 0
A29: Platform | B29: 1 | C29: 0 | D29: 2.58 | E29: 0.1369 | F29: 8.8871 | G29: 8.9488 | H29: 7.8574 | I29: 121 | J29: 0.04 | K29: 0 | L29: 2
A30: Platform | B30: 1 | C30: 0 | D30: 0.02 | E30: 0 | F30: 10.4112 | G30: 10.4112 | H30: 10.4112 | I30: 1 | J30: 0 | K30: 0 | L30: 0
A31: Platform | B31: 2 | C31: 0 | D31: 0.04 | E31: 0 | F31: 9.7131 | G31: 9.7131 | H31: 9.7131 | I31: 1 | J31: 0 | K31: 0 | L31: 0
A32: Platform | B32: 2 | C32: 0 | D32: 2.3 | E32: 0.4814 | F32: 6.1255 | G32: 7.6162 | H32: 5.8402 | I32: 69 | J32: 0 | K32: 0 | L32: 4
A33: Platform | B33: 2 | C33: 0 | D33: 0.04 | E33: 0 | F33: 6.6187 | G33: 6.6187 | H33: 6.6187 | I33: 1 | J33: 0 | K33: 0 | L33: 0
A34: Platform | B34: 2 | C34: 0 | D34: 0.07 | E34: 0.0703 | F34: 5.0722 | G34: 5.1426 | H34: 5.0019 | I34: 2 | J34: 0 | K34: 0 | L34: 0
A35: Platform | B35: 2 | C35: 0 | D35: 1.13 | E35: 0.1121 | F35: 5.5469 | G35: 5.9751 | H35: 5.4988 | I35: 36 | J35: 0 | K35: 0 | L35: 1
A36: Platform | B36: 2 | C36: 0 | D36: 0.21 | E36: 0.5729 | F36: 7.9723 | G36: 8.8546 | H36: 7.1324 | I36: 7 | J36: 0.06 | K36: 0 | L36: 0
A37: DEATH
A38: DEATH
A39: DEATH
A40: DEATH
A41: DEATH
A42: DEATH
A43: DEATH
A44: DEATH
A45: DEATH
A46: DEATH
A47: DEATH
A48: DEATH

Sheet adap_IgnaciaDelgado
A1: EventType | B1: SegmentID | C1: ElementID | D1: TimeOnPlatform | E1: RelativePositionStd | F1: RelativePositionMean | G1: RelativePositionMax | H1: RelativePositionMin | I1: SampleCount | J1: EdgeRiskTime | K1: CorrectionPeaks | L1: ObstacleType | M1: ClearType | N1: MinClearance | O1: MicroCorrections | P1: ObstacleDuration
A2: DEATH
A3: DEATH
A4: DEATH
A5: DEATH
A6: DEATH
A7: DEATH
A8: DEATH
A9: DEATH
A10: Platform | B10: 0 | C10: 0 | D10: 1.71 | E10: 0.222 | F10: 0.9174 | G10: 1.0775 | H10: 0.0866 | I10: 93 | J10: 0.34 | K10: 0 | L10: 4
A11: Platform | B11: 0 | C11: 0 | D11: 2.06 | E11: 1.0913 | F11: 2.9143 | G11: 4.5836 | H11: 0.716 | I11: 119 | J11: 0.65 | K11: 0 | L11: 3
A12: Platform | B12: 1 | C12: 0 | D12: 1.38 | E12: 1.4021 | F12: 6.6488 | G12: 8.7515 | H12: 3.509 | I12: 74 | J12: 0.83 | K12: 0 | L12: 2
A13: Platform | B13: 2 | C13: 0 | D13: 3.62 | E13: 0.5405 | F13: 6.9895 | G13: 8.9186 | H13: 6.6259 | I13: 114 | J13: 0.13 | K13: 0 | L13: 6
A14: Platform | B14: 2 | C14: 0 | D14: 0.23 | E14: 0.5338 | F14: 4.7616 | G14: 5.6476 | H14: 4.102 | I14: 7 | J14: 0 | K14: 0 | L14: 1
A15: DEATH
A16: Platform | B16: 2 | C16: 0 | D16: 0.03 | E16: 0 | F16: 8.5231 | G16: 8.5231 | H16: 8.5231 | I16: 1 | J16: 0 | K16: 0 | L16: 0
A17: Platform | B17: 2 | C17: 0 | D17: 1.65 | E17: 1.3078 | F17: 7.8072 | G17: 9.9007 | H17: 5.6624 | I17: 49 | J17: 0.7 | K17: 0 | L17: 4
A18: Platform | B18: 2 | C18: 0 | D18: 0.16 | E18: 0.4045 | F18: 12.4456 | G18: 13.0256 | H18: 11.8827 | I18: 5 | J18: 0 | K18: 0 | L18: 0
A19: DEATH
A20: Platform | B20: 2 | C20: 0 | D20: 0.06 | E20: 0.1931 | F20: 6.1507 | G20: 6.3438 | H20: 5.9576 | I20: 2 | J20: 0 | K20: 0 | L20: 0
A21: Platform | B21: 2 | C21: 0 | D21: 2.08 | E21: 1.3129 | F21: 8.4254 | G21: 10.3893 | H21: 6.7297 | I21: 62 | J21: 1.12 | K21: 0 | L21: 1
A22: DEATH
A23: Platform | B23: 2 | C23: 0 | D23: 0.03 | E23: 0 | F23: 7.2595 | G23: 7.2595 | H23: 7.2595 | I23: 1 | J23: 0 | K23: 0 | L23: 0
A24: Platform | B24: 2 | C24: 0 | D24: 1.87 | E24: 0.9143 | F24: 7.3797 | G24: 8.8743 | H24: 6.2356 | I24: 58 | J24: 1.18 | K24: 0 | L24: 2
A25: Platform | B25: 2 | C25: 0 | D25: 1.37 | E25: 0.074 | F25: 8.7291 | G25: 8.8761 | H25: 8.6294 | I25: 45 | J25: 0 | K25: 0 | L25: 1
A26: DEATH
A27: Platform | B27: 2 | C27: 0 | D27: 0.03 | E27: 0 | F27: 5.5012 | G27: 5.5012 | H27: 5.5012 | I27: 1 | J27: 0 | K27: 0 | L27: 0
A28: Platform | B28: 2 | C28: 0 | D28: 0.86 | E28: 0.3324 | F28: 5.988 | G28: 6.5023 | H28: 5.5364 | I28: 26 | J28: 0.65 | K28: 0 | L28: 0
A29: Platform | B29: 2 | C29: 0 | D29: 2.02 | E29: 0.2505 | F29: 7.1238 | G29: 7.2552 | H29: 6.4712 | I29: 64 | J29: 0.52 | K29: 0 | L29: 0
A30: Platform | B30: 2 | C30: 0 | D30: 0.33 | E30: 0.1363 | F30: 6.5707 | G30: 6.7741 | H30: 6.3638 | I30: 19 | J30: 0 | K30: 0 | L30: 2
A31: Platform | B31: 2 | C31: 0 | D31: 2.54 | E31: 0.0525 | F31: 6.5856 | G31: 6.6901 | H31: 6.5218 | I31: 104 | J31: 1.69 | K31: 0 | L31: 1
A32: Platform | B32: 2 | C32: 0 | D32: 0.75 | E32: 0.1718 | F32: 6.8023 | G32: 7.087 | H32: 6.666 | I32: 23 | J32: 0.33 | K32: 0 | L32: 0
A33: DEATH
A34: DEATH
A35: DEATH
A36: DEATH
A37: DEATH
A38: DEATH
A39: DEATH
A40: DEATH

Sheet adap_IsidoraToledo
A1: EventType | B1: SegmentID | C1: ElementID | D1: TimeOnPlatform | E1: RelativePositionStd | F1: RelativePositionMean | G1: RelativePositionMax | H1: RelativePositionMin | I1: SampleCount | J1: EdgeRiskTime | K1: CorrectionPeaks | L1: RawCorrectionsCount | M1: Unnamed: 12 | N1: ExtraCol_13 | O1: ExtraCol_14 | P1: ExtraCol_15
A2: Platform | B2: 0 | C2: 0 | D2: 0.04 | E2: 0 | F2: 4.9709 | G2: 4.9709 | H2: 4.9709 | I2: 1 | J2: 0 | K2: 0 | L2: 0
A3: Platform | B3: 0 | C3: 0 | D3: 2.98 | E3: 0.8422 | F3: 1.6066 | G3: 4.2307 | H3: 0.811 | I3: 85 | J3: 0 | K3: 1 | L3: 23
A4: Platform | B4: 0 | C4: 0 | D4: 0.03 | E4: 0 | F4: 5.2602 | G4: 5.2602 | H4: 5.2602 | I4: 1 | J4: 0 | K4: 0 | L4: 0
A5: Platform | B5: 1 | C5: 0 | D5: 1.26 | E5: 0.4517 | F5: 5.3977 | G5: 5.9133 | H5: 4.6876 | I5: 37 | J5: 0.68 | K5: 0 | L5: 6
A6: DEATH
A7: Platform | B7: 0 | C7: 0 | D7: 1.31 | E7: 0.0387 | F7: 4.9165 | G7: 4.9539 | H7: 4.852 | I7: 38 | J7: 0.49 | K7: 0 | L7: 0
A8: Platform | B8: 0 | C8: 0 | D8: 0.03 | E8: 0 | F8: 5.0691 | G8: 5.0691 | H8: 5.0691 | I8: 1 | J8: 0 | K8: 0 | L8: 0
A9: Platform | B9: 0 | C9: 0 | D9: 2.52 | E9: 1.2972 | F9: 2.957 | G9: 4.2145 | H9: 0.7252 | I9: 76 | J9: 0.83 | K9: 2 | L9: 11
A10: DEATH
A11: Platform | B11: 0 | C11: 0 | D11: 2.93 | E11: 0.7073 | F11: 1.9008 | G11: 2.5521 | H11: 0.4562 | I11: 82 | J11: 1.33 | K11: 0 | L11: 34
A12: DEATH
A13: Platform | B13: 0 | C13: 0 | D13: 2.89 | E13: 0.0599 | F13: 0.3046 | G13: 0.4752 | H13: 0.0811 | I13: 88 | J13: 0 | K13: 0 | L13: 1
A14: DEATH
A15: Platform | B15: 0 | C15: 0 | D15: 1 | E15: 0.2918 | F15: 1.344 | G15: 2.4231 | H15: 1.1844 | I15: 29 | J15: 0 | K15: 0 | L15: 5
A16: Platform | B16: 0 | C16: 0 | D16: 0.03 | E16: 0 | F16: 1.1977 | G16: 1.1977 | H16: 1.1977 | I16: 1 | J16: 0 | K16: 0 | L16: 0
A17: Platform | B17: 0 | C17: 0 | D17: 5.99 | E17: 0.3991 | F17: 1.2695 | G17: 3.6218 | H17: 1.0685 | I17: 177 | J17: 1.18 | K17: 0 | L17: 18
A18: DEATH
A19: Platform | B19: 0 | C19: 0 | D19: 0.43 | E19: 0.0164 | F19: 1.4538 | G19: 1.477 | H19: 1.4282 | I19: 13 | J19: 0.09 | K19: 0 | L19: 0
A20: Platform | B20: 0 | C20: 0 | D20: 5.85 | E20: 0.461 | F20: 1.022 | G20: 2.1481 | H20: 0.2065 | I20: 175 | J20: 0.4 | K20: 0 | L20: 20
A21: Platform | B21: 1 | C21: 0 | D21: 0.6 | E21: 0.8875 | F21: 6.1705 | G21: 7.3781 | H21: 5.0847 | I21: 18 | J21: 0.44 | K21: 0 | L21: 1
A22: Platform | B22: 1 | C22: 0 | D22: 1.58 | E22: 0.3302 | F22: 7.4204 | G22: 7.9036 | H22: 6.738 | I22: 46 | J22: 0.49 | K22: 0 | L22: 9
A23: Platform | B23: 1 | C23: 0 | D23: 0.22 | E23: 0.0369 | F23: 7.0674 | G23: 7.1081 | H23: 6.9859 | I23: 7 | J23: 0 | K23: 0 | L23: 0
A24: Platform | B24: 2 | C24: 0 | D24: 1.69 | E24: 0.1659 | F24: 7.7616 | G24: 8.3119 | H24: 7.5457 | I24: 25 | J24: 0 | K24: 0 | L24: 11
A25: Platform | B25: 2 | C25: 0 | D25: 1.83 | E25: 0.668 | F25: 8.7404 | G25: 9.5287 | H25: 7.6557 | I25: 25 | J25: 1.4 | K25: 0 | L25: 10
A26: DEATH
A27: Platform | B27: 2 | C27: 0 | D27: 2.37 | E27: 0.708 | F27: 5.3698 | G27: 8.4296 | H27: 5.024 | I27: 36 | J27: 0.5 | K27: 4 | L27: 12
A28: Platform | B28: 2 | C28: 0 | D28: 0.07 | E28: 0 | F28: 9.2873 | G28: 9.2873 | H28: 9.2873 | I28: 1 | J28: 0 | K28: 0 | L28: 0
A29: DEATH
A30: Platform | B30: 2 | C30: 0 | D30: 0.06 | E30: 0 | F30: 6.2698 | G30: 6.2698 | H30: 6.2698 | I30: 1 | J30: 0 | K30: 0 | L30: 0
A31: Platform | B31: 2 | C31: 0 | D31: 2.4 | E31: 0.7369 | F31: 8.5677 | G31: 9.4317 | H31: 7.0755 | I31: 38 | J31: 1.97 | K31: 0 | L31: 17
A32: DEATH
A33: Platform | B33: 2 | C33: 0 | D33: 1.65 | E33: 1.0283 | F33: 6.0914 | G33: 7.0627 | H33: 3.3714 | I33: 23 | J33: 0.9 | K33: 1 | L33: 8
A34: Platform | B34: 2 | C34: 0 | D34: 2.08 | E34: 0.1675 | F34: 6.7054 | G34: 7.0674 | H34: 6.5149 | I34: 28 | J34: 0.08 | K34: 0 | L34: 11
A35: DEATH
A36: Platform | B36: 2 | C36: 0 | D36: 2.12 | E36: 0.7095 | F36: 8.1008 | G36: 8.6688 | H36: 6.4687 | I36: 29 | J36: 0.78 | K36: 0 | L36: 11
A37: Platform | B37: 2 | C37: 0 | D37: 1.46 | E37: 0.2129 | F37: 8.4363 | G37: 8.6888 | H37: 8.1048 | I37: 19 | J37: 0 | K37: 0 | L37: 3
A38: DEATH
A39: Platform | B39: 2 | C39: 0 | D39: 2.81 | E39: 0.786 | F39: 6.8446 | G39: 7.7972 | H39: 4.9515 | I39: 43 | J39: 1.37 | K39: 0 | L39: 15
A40: Platform | B40: 2 | C40: 0 | D40: 0.83 | E40: 0.0698 | F40: 7.2006 | G40: 7.3167 | H40: 7.03 | I40: 11 | J40: 0 | K40: 0 | L40: 2
A41: Platform | B41: 2 | C41: 0 | D41: 0.5 | E41: 0.0295 | F41: 4.6198 | G41: 4.6551 | H41: 4.5825 | I41: 7 | J41: 0 | K41: 0 | L41: 3
A42: Platform | B42: 2 | C42: 0 | D42: 1.56 | E42: 0.0664 | F42: 4.6918 | G42: 4.7938 | H42: 4.5769 | I42: 22 | J42: 0.16 | K42: 0 | L42: 6
A43: Platform | B43: 2 | C43: 0 | D43: 3.03 | E43: 0.382 | F43: 4.0196 | G43: 4.7723 | H43: 3.561 | I43: 45 | J43: 0 | K43: 0 | L43: 14
A44: Platform | B44: 2 | C44: 0 | D44: 0.11 | E44: 0.0384 | F44: 3.3759 | G44: 3.4143 | H44: 3.3376 | I44: 2 | J44: 0 | K44: 0 | L44: 0
A45: DEATH
A46: Platform | B46: 2 | C46: 0 | D46: 0.05 | E46: 0 | F46: 5.9518 | G46: 5.9518 | H46: 5.9518 | I46: 1 | J46: 0 | K46: 0 | L46: 0
A47: Platform | B47: 2 | C47: 0 | D47: 2.27 | E47: 0.7987 | F47: 9.0108 | G47: 9.5076 | H47: 6.8519 | I47: 33 | J47: 0.4 | K47: 3 | L47: 14
A48: Platform | B48: 2 | C48: 0 | D48: 1.6 | E48: 0.3213 | F48: 9.9824 | G48: 10.3296 | H48: 9.4477 | I48: 22 | J48: 0.75 | K48: 0 | L48: 2
A49: Platform | B49: 2 | C49: 0 | D49: 0.44 | E49: 0.2407 | F49: 9.2082 | G49: 9.7312 | H49: 8.9989 | I49: 6 | J49: 0 | K49: 1 | L49: 2
A50: Platform | B50: 2 | C50: 0 | D50: 0.49 | E50: 1.1224 | F50: 10.1853 | G50: 12.2257 | H50: 9.0377 | I50: 7 | J50: 0.14 | K50: 4 | L50: 2
A51: Platform | B51: 2 | C51: 0 | D51: 0.07 | E51: 0 | F51: 12.5253 | G51: 12.5253 | H51: 12.5253 | I51: 1 | J51: 0 | K51: 0 | L51: 0
A52: Platform | B52: 2 | C52: 0 | D52: 0.08 | E52: 0 | F52: 12.6802 | G52: 12.6802 | H52: 12.6802 | I52: 1 | J52: 0 | K52: 0 | L52: 0
A53: Platform | B53: 2 | C53: 0 | D53: 0.07 | E53: 0 | F53: 12.5688 | G53: 12.5688 | H53: 12.5688 | I53: 1 | J53: 0 | K53: 0 | L53: 0
A54: Platform | B54: 2 | C54: 0 | D54: 0.07 | E54: 0 | F54: 12.5803 | G54: 12.5803 | H54: 12.5803 | I54: 1 | J54: 0 | K54: 0 | L54: 0
A55: Platform | B55: 2 | C55: 0 | D55: 0.07 | E55: 0 | F55: 12.5041 | G55: 12.5041 | H55: 12.5041 | I55: 1 | J55: 0 | K55: 0 | L55: 0
A56: Platform | B56: 2 | C56: 0 | D56: 0.07 | E56: 0 | F56: 12.5662 | G56: 12.5662 | H56: 12.5662 | I56: 1 | J56: 0 | K56: 0 | L56: 0
A57: Platform | B57: 2 | C57: 0 | D57: 0.07 | E57: 0 | F57: 12.5289 | G57: 12.5289 | H57: 12.5289 | I57: 1 | J57: 0 | K57: 0 | L57: 0
... A112: Platform | B112: 2 | C112: 0 | D112: 1.2 | E112: 0.696 | F112: 6.699 | G112: 7.2644 | H112: 5.1688 | I112: 19 | J112: 0.1 | K112: 1 | L112: 7
A113: DEATH
A114: DEATH
A115: DEATH
A116: DEATH
A117: DEATH
A118: DEATH
A119: DEATH
A120: DEATH
A121: DEATH

Sheet adap_JavierSalinas
A1: EventType | B1: SegmentID | C1: ElementID | D1: TimeOnPlatform | E1: RelativePositionStd | F1: RelativePositionMean | G1: RelativePositionMax | H1: RelativePositionMin | I1: SampleCount | J1: EdgeRiskTime | K1: CorrectionPeaks | L1: ObstacleType | M1: ClearType | N1: MinClearance | O1: MicroCorrections | P1: ObstacleDuration
A2: DEATH
A3: Platform | B3: 0 | C3: 0 | D3: 0.04 | E3: 0 | F3: 5.8079 | G3: 5.8079 | H3: 5.8079 | I3: 1 | J3: 0 | K3: 0 | L3: 0
A4: Platform | B4: 0 | C4: 0 | D4: 0.9 | E4: 1.1692 | F4: 1.7013 | G4: 4.7433 | H4: 0.4496 | I4: 27 | J4: 0.5 | K4: 0 | L4: 2
A5: Platform | B5: 0 | C5: 0 | D5: 0.03 | E5: 0 | F5: 5.0094 | G5: 5.0094 | H5: 5.0094 | I5: 1 | J5: 0 | K5: 0 | L5: 0
A6: Platform | B6: 0 | C6: 0 | D6: 0.03 | E6: 0 | F6: 5.2005 | G6: 5.2005 | H6: 5.2005 | I6: 1 | J6: 0 | K6: 0 | L6: 0
A7: DEATH
A8: Platform | B8: 0 | C8: 0 | D8: 2.68 | E8: 0.0132 | F8: 1.7328 | G8: 1.7706 | H8: 1.7019 | I8: 78 | J8: 0.36 | K8: 0 | L8: 1
A9: DEATH
A10: Platform | B10: 0 | C10: 0 | D10: 3.17 | E10: 0.1187 | F10: 1.2147 | G10: 1.5024 | H10: 1.0825 | I10: 93 | J10: 0 | K10: 0 | L10: 1
A11: Platform | B11: 0 | C11: 0 | D11: 0.16 | E11: 0.0827 | F11: 4.7129 | G11: 4.8143 | H11: 4.6013 | I11: 5 | J11: 0 | K11: 0 | L11: 1
A12: Platform | B12: 0 | C12: 0 | D12: 0.31 | E12: 0.0533 | F12: 4.5498 | G12: 4.6672 | H12: 4.4741 | I12: 9 | J12: 0 | K12: 0 | L12: 2
A13: Platform | B13: 0 | C13: 0 | D13: 0.03 | E13: 0 | F13: 4.9689 | G13: 4.9689 | H13: 4.9689 | I13: 1 | J13: 0 | K13: 0 | L13: 0
A14: Platform | B14: 1 | C14: 0 | D14: 0.06 | E14: 0.094 | F14: 5.4562 | G14: 5.5502 | H14: 5.3622 | I14: 2 | J14: 0 | K14: 0 | L14: 0
A15: Platform | B15: 1 | C15: 0 | D15: 0.27 | E15: 0.1268 | F15: 7.6918 | G15: 7.8858 | H15: 7.5011 | I15: 8 | J15: 0.1 | K15: 0 | L15: 0
A16: DEATH
A17: Platform | B17: 0 | C17: 0 | D17: 3.96 | E17: 0.6862 | F17: 1.4429 | G17: 4.7585 | H17: 1.0083 | I17: 116 | J17: 0.49 | K17: 0 | L17: 4
A18: Platform | B18: 0 | C18: 0 | D18: 0.07 | E18: 0.1724 | F18: 2.6338 | G18: 2.8062 | H18: 2.4613 | I18: 2 | J18: 0 | K18: 0 | L18: 0
A19: DEATH
A20: Platform | B20: 0 | C20: 0 | D20: 0.06 | E20: 0 | F20: 4.8157 | G20: 4.8157 | H20: 4.8157 | I20: 1 | J20: 0 | K20: 0 | L20: 0
A21: Platform | B21: 0 | C21: 0 | D21: 2.58 | E21: 0.0105 | F21: 1.6627 | G21: 1.6764 | H21: 1.5901 | I21: 76 | J21: 0 | K21: 0 | L21: 0
A22: DEATH
A23: Platform | B23: 0 | C23: 0 | D23: 2.49 | E23: 0.0309 | F23: 0.4232 | G23: 0.5211 | H23: 0.3506 | I23: 74 | J23: 0.28 | K23: 0 | L23: 6
A24: DEATH
A25: Platform | B25: 0 | C25: 0 | D25: 0.03 | E25: 0 | F25: 4.7641 | G25: 4.7641 | H25: 4.7641 | I25: 1 | J25: 0 | K25: 0 | L25: 0
A26: Platform | B26: 0 | C26: 0 | D26: 3.97 | E26: 0.6062 | F26: 1.5925 | G26: 4.6584 | H26: 1.3365 | I26: 117 | J26: 0.55 | K26: 0 | L26: 0
A27: DEATH
A28: Platform | B28: 0 | C28: 0 | D28: 2.71 | E28: 0.022 | F28: 0.1869 | G28: 0.3185 | H28: 0.1464 | I28: 77 | J28: 0.04 | K28: 0 | L28: 1
A29: DEATH
A30: Platform | B30: 0 | C30: 0 | D30: 2.4 | E30: 0.8551 | F30: 1.8114 | G30: 3.1268 | H30: 0.8053 | I30: 73 | J30: 0.75 | K30: 0 | L30: 1
A31: DEATH
A32: Platform | B32: 0 | C32: 0 | D32: 2.99 | E32: 0.5906 | F32: 2.2386 | G32: 3.929 | H32: 1.6399 | I32: 91 | J32: 0 | K32: 0 | L32: 2
A33: Platform | B33: 0 | C33: 0 | D33: 1.34 | E33: 0.6921 | F33: 3.5409 | G33: 4.7795 | H33: 2.9669 | I33: 41 | J33: 0 | K33: 0 | L33: 1
A34: Platform | B34: 1 | C34: 0 | D34: 1.65 | E34: 0.4802 | F34: 7.4172 | G34: 7.7127 | H34: 6.3781 | I34: 50 | J34: 0.55 | K34: 0 | L34: 0
A35: Platform | B35: 1 | C35: 0 | D35: 0.04 | E35: 0 | F35: 11.0832 | G35: 11.0832 | H35: 11.0832 | I35: 1 | J35: 0 | K35: 0 | L35: 0
A36: Platform | B36: 1 | C36: 0 | D36: 0.07 | E36: 0.0391 | F36: 11.122 | G36: 11.1611 | H36: 11.0829 | I36: 2 | J36: 0 | K36: 0 | L36: 0
A37: Platform | B37: 1 | C37: 0 | D37: 0.19 | E37: 0.1935 | F37: 11.9047 | G37: 12.2577 | H37: 11.6588 | I37: 6 | J37: 0.03 | K37: 0 | L37: 0
A38: DEATH
A39: Platform | B39: 0 | C39: 0 | D39: 2.69 | E39: 0.8642 | F39: 3.4131 | G39: 4.1566 | H39: 1.379 | I39: 80 | J39: 0 | K39: 0 | L39: 2
A40: DEATH
A41: Platform | B41: 0 | C41: 0 | D41: 2.13 | E41: 0.0301 | F41: 1.6 | G41: 1.7276 | H41: 1.5611 | I41: 62 | J41: 0 | K41: 0 | L41: 2
A42: Platform | B42: 0 | C42: 0 | D42: 1.27 | E42: 0.0652 | F42: 0.8135 | G42: 0.8637 | H42: 0.4998 | I42: 38 | J42: 0 | K42: 0 | L42: 1
A43: Platform | B43: 1 | C43: 0 | D43: 2.14 | E43: 0.0277 | F43: 5.6685 | G43: 5.7468 | H43: 5.6227 | I43: 62 | J43: 0 | K43: 0 | L43: 1
A44: DEATH
A45: Platform | B45: 0 | C45: 0 | D45: 2.91 | E45: 0.6627 | F45: 2.1534 | G45: 3.7686 | H45: 1.8456 | I45: 83 | J45: 0.04 | K45: 0 | L45: 1
A46: Platform | B46: 0 | C46: 0 | D46: 0.37 | E46: 0.7215 | F46: 1.8415 | G46: 3.2745 | H46: 1.0807 | I46: 11 | J46: 0.17 | K46: 0 | L46: 2
A47: Platform | B47: 1 | C47: 0 | D47: 1.13 | E47: 0.7744 | F47: 7.3093 | G47: 8.6978 | H47: 6.3688 | I47: 33 | J47: 0.28 | K47: 0 | L47: 2
A48: Platform | B48: 1 | C48: 0 | D48: 0.13 | E48: 0.0866 | F48: 10.3062 | G48: 10.4172 | H48: 10.1944 | I48: 4 | J48: 0 | K48: 0 | L48: 2
A49: DEATH
A50: Platform | B50: 0 | C50: 0 | D50: 2.8 | E50: 1.1068 | F50: 1.2501 | G50: 5.8104 | H50: 0.8497 | I50: 84 | J50: 0 | K50: 0 | L50: 1
A51: Platform | B51: 0 | C51: 0 | D51: 0.2 | E51: 0.3272 | F51: 0.8982 | G51: 1.4291 | H51: 0.4613 | I51: 7 | J51: 0 | K51: 0 | L51: 2
A52: Platform | B52: 1 | C52: 0 | D52: 0.97 | E52: 0.1392 | F52: 6.2866 | G52: 6.38 | H52: 5.6902 | I52: 29 | J52: 0 | K52: 0 | L52: 5
A53: Platform | B53: 1 | C53: 0 | D53: 1.62 | E53: 0.3025 | F53: 10.0313 | G53: 10.692 | H53: 9.7736 | I53: 50 | J53: 0 | K53: 0 | L53: 3
A54: Platform | B54: 2 | C54: 0 | D54: 0.06 | E54: 0 | F54: 3.4309 | G54: 3.4309 | H54: 3.4309 | I54: 1 | J54: 0 | K54: 0 | L54: 0
A55: Platform | B55: 2 | C55: 0 | D55: 1.47 | E55: 0.1079 | F55: 3.7565 | G55: 4.0148 | H55: 3.5883 | I55: 22 | J55: 0.62 | K55: 0 | L55: 8
A56: Platform | B56: 2 | C56: 0 | D56: 0.07 | E56: 0 | F56: 3.2943 | G56: 3.2943 | H56: 3.2943 | I56: 1 | J56: 0 | K56: 0 | L56: 0
A57: Platform | B57: 2 | C57: 0 | D57: 0.33 | E57: 0.9659 | F57: 10.3315 | G57: 11.5522 | H57: 8.8423 | I57: 7 | J57: 0.1 | K57: 3 | L57: 0
A58: Platform | B58: 2 | C58: 0 | D58: 0.44 | E58: 1.585 | F58: 8.7976 | G58: 10.9682 | H58: 6.3932 | I58: 10 | J58: 0.23 | K58: 7 | L58: 0
A59: DEATH
A60: Platform | B60: 2 | C60: 0 | D60: 2.34 | E60: 0.5761 | F60: 7.3316 | G60: 8.2626 | H60: 6.5899 | I60: 61 | J60: 1.54 | K60: 0 | L60: 8
A61: DEATH
A62: Platform | B62: 2 | C62: 0 | D62: 0.04 | E62: 0 | F62: 2.7845 | G62: 2.7845 | H62: 2.7845 | I62: 1 | J62: 0 | K62: 0 | L62: 0
A63: Platform | B63: 2 | C63: 0 | D63: 1.52 | E63: 0.12 | F63: 3.8222 | G63: 4.1446 | H63: 3.3192 | I63: 46 | J63: 0.17 | K63: 0 | L63: 6
A64: DEATH
A65: Platform | B65: 2 | C65: 0 | D65: 0.07 | E65: 0 | F65: 6.4211 | G65: 6.4211 | H65: 6.4211 | I65: 1 | J65: 0 | K65: 0 | L65: 0
A66: Platform | B66: 2 | C66: 0 | D66: 0.14 | E66: 0.1616 | F66: 4.5835 | G66: 4.7451 | H66: 4.4219 | I66: 2 | J66: 0 | K66: 0 | L66: 0
A67: Platform | B67: 2 | C67: 0 | D67: 0.13 | E67: 0.0412 | F67: 7.6561 | G67: 7.6973 | H67: 7.6149 | I67: 2 | J67: 0 | K67: 0 | L67: 0
A68: DEATH
A69: Platform | B69: 2 | C69: 0 | D69: 0.06 | E69: 0 | F69: 5.1801 | G69: 5.1801 | H69: 5.1801 | I69: 1 | J69: 0 | K69: 0 | L69: 0
A70: Platform | B70: 2 | C70: 0 | D70: 1.44 | E70: 0.1206 | F70: 5.3849 | G70: 5.6946 | H70: 5.2664 | I70: 22 | J70: 0 | K70: 0 | L70: 5
A71: Platform | B71: 2 | C71: 0 | D71: 0.17 | E71: 0.0251 | F71: 5.2482 | G71: 5.2822 | H71: 5.2224 | I71: 3 | J71: 0 | K71: 0 | L71: 1
A72: Platform | B72: 2 | C72: 0 | D72: 0.33 | E72: 0.9079 | F72: 6.4981 | G72: 7.8573 | H72: 5.2102 | I72: 6 | J72: 0 | K72: 4 | L72: 1
A73: Platform | B73: 2 | C73: 0 | D73: 0.11 | E73: 0.0033 | F73: 1.3744 | G73: 1.3777 | H73: 1.3711 | I73: 2 | J73: 0 | K73: 0 | L73: 0
A74: Platform | B74: 2 | C74: 0 | D74: 0.46 | E74: 1.344 | F74: 6.3593 | G74: 8.6367 | H74: 4.6703 | I74: 9 | J74: 0 | K74: 5 | L74: 1
A75: Platform | B75: 2 | C75: 0 | D75: 0.05 | E75: 0 | F75: 3.1112 | G75: 3.1112 | H75: 3.1112 | I75: 1 | J75: 0 | K75: 0 | L75: 0
A76: Platform | B76: 2 | C76: 0 | D76: 0.21 | E76: 0.0762 | F76: 2.4152 | G76: 2.4776 | H76: 2.2856 | I76: 4 | J76: 0 | K76: 0 | L76: 1
A77: DEATH
A78: DEATH
A79: DEATH
A80: DEATH
A81: DEATH
A82: DEATH
A83: DEATH
A84: DEATH
A85: DEATH
A86: DEATH
A87: DEATH
A88: DEATH
... A93: DEATH

Sheet adap_MariannaMaregatti
A1: EventType | B1: SegmentID | C1: ElementID | D1: TimeOnPlatform | E1: RelativePositionStd | F1: RelativePositionMean | G1: RelativePositionMax | H1: RelativePositionMin | I1: SampleCount | J1: EdgeRiskTime | K1: CorrectionPeaks | L1: RawCorrectionsCount | M1: Unnamed: 12 | N1: ExtraCol_13 | O1: ExtraCol_14 | P1: ExtraCol_15
A2: Platform | B2: 0 | C2: 0 | D2: 0.03 | E2: 0 | F2: 5.3154 | G2: 5.3154 | H2: 5.3154 | I2: 1 | J2: 0 | K2: 0 | L2: 0
A3: Platform | B3: 0 | C3: 0 | D3: 2.19 | E3: 0.7691 | F3: 2.3759 | G3: 3.0199 | H3: 1.0588 | I3: 64 | J3: 0.87 | K3: 0 | L3: 5
A4: Platform | B4: 0 | C4: 0 | D4: 0.04 | E4: 0 | F4: 4.868 | G4: 4.868 | H4: 4.868 | I4: 1 | J4: 0 | K4: 0 | L4: 0
A5: DEATH
A6: Platform | B6: 0 | C6: 0 | D6: 1.99 | E6: 0.3078 | F6: 1.1035 | G6: 1.4488 | H6: 0.752 | I6: 59 | J6: 1 | K6: 0 | L6: 2
A7: Platform | B7: 0 | C7: 0 | D7: 3.85 | E7: 0.07 | F7: 1.3901 | G7: 1.4771 | H7: 1.2518 | I7: 113 | J7: 0.51 | K7: 0 | L7: 3
A8: Platform | B8: 0 | C8: 0 | D8: 0.18 | E8: 0.0564 | F8: 1.1425 | G8: 1.2553 | H8: 1.1127 | I8: 5 | J8: 0 | K8: 0 | L8: 1
A9: Platform | B9: 0 | C9: 0 | D9: 1.17 | E9: 0.0021 | F9: 1.0203 | G9: 1.0254 | H9: 1.018 | I9: 35 | J9: 0 | K9: 0 | L9: 0
A10: Platform | B10: 0 | C10: 0 | D10: 1.75 | E10: 0.006 | F10: 1.0288 | G10: 1.0412 | H10: 1.0175 | I10: 51 | J10: 0.69 | K10: 0 | L10: 0
A11: Platform | B11: 0 | C11: 0 | D11: 3.84 | E11: 0.2082 | F11: 1.2656 | G11: 1.4725 | H11: 1.0216 | I11: 115 | J11: 1.97 | K11: 0 | L11: 0
A12: Platform | B12: 0 | C12: 0 | D12: 2.28 | E12: 0.0461 | F12: 1.49 | G12: 1.5684 | H12: 1.4462 | I12: 67 | J12: 0.87 | K12: 0 | L12: 0
A13: Platform | B13: 0 | C13: 0 | D13: 0.63 | E13: 0.0507 | F13: 1.5258 | G13: 1.5552 | H13: 1.3501 | I13: 20 | J13: 0 | K13: 0 | L13: 1
A14: Platform | B14: 1 | C14: 0 | D14: 0.65 | E14: 0.2259 | F14: 6.2875 | G14: 6.4308 | H14: 5.6382 | I14: 20 | J14: 0 | K14: 0 | L14: 1
A15: Platform | B15: 1 | C15: 0 | D15: 3.55 | E15: 0.1026 | F15: 5.3823 | G15: 5.5548 | H15: 5.2475 | I15: 106 | J15: 0.1 | K15: 0 | L15: 1
A16: Platform | B16: 1 | C16: 0 | D16: 1.72 | E16: 0.2862 | F16: 5.3785 | G16: 6.6543 | H16: 5.1038 | I16: 50 | J16: 0.4 | K16: 0 | L16: 4
A17: Platform | B17: 2 | C17: 0 | D17: 0.04 | E17: 0 | F17: 4.761 | G17: 4.761 | H17: 4.761 | I17: 1 | J17: 0 | K17: 0 | L17: 0
... A19: Platform | B19: 2 | C19: 0 | D19: 1.42 | E19: 0.1731 | F19: 8.3067 | G19: 8.4479 | H19: 7.9602 | I19: 23 | J19: 0.37 | K19: 0 | L19: 0
A20: DEATH
A21: Platform | B21: 2 | C21: 0 | D21: 0.06 | E21: 0 | F21: 1.3447 | G21: 1.3447 | H21: 1.3447 | I21: 1 | J21: 0 | K21: 0 | L21: 0
A22: DEATH
A23: Platform | B23: 2 | C23: 0 | D23: 0.06 | E23: 0 | F23: 5.7146 | G23: 5.7146 | H23: 5.7146 | I23: 1 | J23: 0 | K23: 0 | L23: 0
A24: Platform | B24: 2 | C24: 0 | D24: 1.62 | E24: 0.7256 | F24: 7.6189 | G24: 8.4259 | H24: 6.657 | I24: 27 | J24: 0.82 | K24: 0 | L24: 2
A25: Platform | B25: 2 | C25: 0 | D25: 0.06 | E25: 0 | F25: 7.6192 | G25: 7.6192 | H25: 7.6192 | I25: 1 | J25: 0 | K25: 0 | L25: 0
A26: DEATH
A27: Platform | B27: 2 | C27: 0 | D27: 0.07 | E27: 0 | F27: 6.2514 | G27: 6.2514 | H27: 6.2514 | I27: 1 | J27: 0 | K27: 0 | L27: 0
A28: Platform | B28: 2 | C28: 0 | D28: 1.42 | E28: 0.5595 | F28: 7.7374 | G28: 8.3634 | H28: 7.0414 | I28: 21 | J28: 0.62 | K28: 0 | L28: 4
A29: Platform | B29: 2 | C29: 0 | D29: 2.01 | E29: 0.7788 | F29: 9.213 | G29: 10.3908 | H29: 8.2462 | I29: 31 | J29: 0.9 | K29: 0 | L29: 5
A30: Platform | B30: 2 | C30: 0 | D30: 0.96 | E30: 0.6112 | F30: 8.5506 | G30: 10.1492 | H30: 7.4864 | I30: 15 | J30: 0.12 | K30: 3 | L30: 2
A31: DEATH
A32: Platform | B32: 2 | C32: 0 | D32: 3.22 | E32: 1.2129 | F32: 9.6734 | G32: 13.389 | H32: 8.0954 | I32: 53 | J32: 1.48 | K32: 5 | L32: 4
A33: DEATH
A34: Platform | B34: 2 | C34: 0 | D34: 1.63 | E34: 1.0981 | F34: 7.8991 | G34: 9.4609 | H34: 6.575 | I34: 26 | J34: 0.98 | K34: 3 | L34: 3
A35: Platform | B35: 2 | C35: 0 | D35: 1.9 | E35: 0.0193 | F35: 9.4006 | G35: 9.4489 | H35: 9.3697 | I35: 30 | J35: 0.33 | K35: 0 | L35: 0
A36: DEATH
A37: Platform | B37: 2 | C37: 0 | D37: 1.71 | E37: 1.432 | F37: 8.827 | G37: 11.2564 | H37: 7.2352 | I37: 29 | J37: 1.06 | K37: 4 | L37: 3
A38: Platform | B38: 2 | C38: 0 | D38: 1.43 | E38: 0.2652 | F38: 11.2976 | G38: 12.3811 | H38: 11.1868 | I38: 22 | J38: 0.27 | K38: 2 | L38: 2
A39: DEATH
A40: Platform | B40: 2 | C40: 0 | D40: 3.19 | E40: 1.0348 | F40: 9.3701 | G40: 11.2873 | H40: 6.8405 | I40: 53 | J40: 1.29 | K40: 6 | L40: 6
A41: DEATH
A42: Platform | B42: 2 | C42: 0 | D42: 0.04 | E42: 0 | F42: 5.1697 | G42: 5.1697 | H42: 5.1697 | I42: 1 | J42: 0 | K42: 0 | L42: 0
A43: Platform | B43: 2 | C43: 0 | D43: 1.34 | E43: 1.8529 | F43: 7.5353 | G43: 9.7694 | H43: 5.4109 | I43: 20 | J43: 0.94 | K43: 6 | L43: 3
A44: Platform | B44: 2 | C44: 0 | D44: 1.76 | E44: 0.8187 | F44: 9.2118 | G44: 11.4401 | H44: 7.803 | I44: 28 | J44: 0.18 | K44: 5 | L44: 4
A45: DEATH
A46: Platform | B46: 2 | C46: 0 | D46: 1.94 | E46: 0.5116 | F46: 6.5114 | G46: 7.382 | H46: 5.5443 | I46: 29 | J46: 0 | K46: 1 | L46: 2
A47: Platform | B47: 2 | C47: 0 | D47: 1.51 | E47: 0.6522 | F47: 8.1881 | G47: 8.981 | H47: 6.8878 | I47: 23 | J47: 0.72 | K47: 0 | L47: 1
A48: DEATH
A49: Platform | B49: 2 | C49: 0 | D49: 1.65 | E49: 1.386 | F49: 6.8849 | G49: 9.9185 | H49: 4.4584 | I49: 26 | J49: 0.8 | K49: 7 | L49: 4
A50: DEATH
A51: Platform | B51: 2 | C51: 0 | D51: 1.62 | E51: 1.084 | F51: 5.9996 | G51: 7.4775 | H51: 3.4804 | I51: 25 | J51: 0.61 | K51: 4 | L51: 5
A52: Platform | B52: 2 | C52: 0 | D52: 1.45 | E52: 0.0117 | F52: 7.3985 | G52: 7.4221 | H52: 7.3765 | I52: 24 | J52: 0.31 | K52: 0 | L52: 0
A53: DEATH
A54: Platform | B54: 2 | C54: 0 | D54: 0.98 | E54: 0.4802 | F54: 6.6392 | G54: 7.0116 | H54: 5.3777 | I54: 15 | J54: 0.21 | K54: 1 | L54: 0
A55: Platform | B55: 2 | C55: 0 | D55: 2.09 | E55: 1.007 | F55: 7.4543 | G55: 11.0442 | H55: 6.8583 | I55: 35 | J55: 1.1 | K55: 5 | L55: 0
A56: DEATH
A57: Platform | B57: 2 | C57: 0 | D57: 0.5 | E57: 1.3249 | F57: 3.5125 | G57: 5.6666 | H57: 1.9065 | I57: 8 | J57: 0.18 | K57: 4 | L57: 0
A58: Platform | B58: 2 | C58: 0 | D58: 2.67 | E58: 1.1118 | F58: 6.9031 | G58: 11.057 | H58: 5.7768 | I58: 43 | J58: 0.9 | K58: 6 | L58: 2
A59: DEATH
A60: Platform | B60: 2 | C60: 0 | D60: 0.42 | E60: 0.3332 | F60: 4.204 | G60: 4.5291 | H60: 3.6749 | I60: 7 | J60: 0.06 | K60: 0 | L60: 2
A61: Platform | B61: 2 | C61: 0 | D61: 2.98 | E61: 1.1784 | F61: 6.4338 | G61: 7.7615 | H61: 4.4886 | I61: 47 | J61: 2.41 | K61: 0 | L61: 4
A62: Platform | B62: 2 | C62: 0 | D62: 0.38 | E62: 0.523 | F62: 6.8739 | G62: 7.7365 | H62: 6.2703 | I62: 6 | J62: 0 | K62: 0 | L62: 1
A63: Platform | B63: 2 | C63: 0 | D63: 0.19 | E63: 0.0529 | F63: 6.1994 | G63: 6.252 | H63: 6.127 | I63: 3 | J63: 0 | K63: 0 | L63: 1
A64: DEATH
A65: Platform | B65: 2 | C65: 0 | D65: 0.81 | E65: 0.7382 | F65: 6.1422 | G65: 6.8365 | H65: 5.0752 | I65: 12 | J65: 0.33 | K65: 1 | L65: 2
A66: Platform | B66: 2 | C66: 0 | D66: 2.71 | E66: 0.4138 | F66: 7.0688 | G66: 7.7919 | H66: 6.7974 | I66: 43 | J66: 1.04 | K66: 1 | L66: 0
A67: DEATH
A68: Platform | B68: 2 | C68: 0 | D68: 0.04 | E68: 0 | F68: 5.6977 | G68: 5.6977 | H68: 5.6977 | I68: 1 | J68: 0 | K68: 0 | L68: 0
A69: Platform | B69: 2 | C69: 0 | D69: 0.82 | E69: 0.2206 | F69: 6.8896 | G69: 7.1791 | H69: 6.3595 | I69: 15 | J69: 0.37 | K69: 0 | L69: 1
A70: Platform | B70: 2 | C70: 0 | D70: 2.45 | E70: 0.4969 | F70: 7.7392 | G70: 8.3371 | H70: 6.9815 | I70: 43 | J70: 2.1 | K70: 0 | L70: 2
A71: Platform | B71: 2 | C71: 0 | D71: 0.16 | E71: 0.1465 | F71: 7.3997 | G71: 7.5724 | H71: 7.2143 | I71: 3 | J71: 0 | K71: 0 | L71: 1
A72: Platform | B72: 2 | C72: 0 | D72: 0.22 | E72: 0.1054 | F72: 6.8682 | G72: 7.0096 | H72: 6.7268 | I72: 4 | J72: 0 | K72: 0 | L72: 1
A73: DEATH
A74: Platform | B74: 2 | C74: 0 | D74: 0.07 | E74: 0 | F74: 4.4647 | G74: 4.4647 | H74: 4.4647 | I74: 1 | J74: 0 | K74: 0 | L74: 0
A75: Platform | B75: 2 | C75: 0 | D75: 0.07 | E75: 0 | F75: 4.4415 | G75: 4.4415 | H75: 4.4415 | I75: 1 | J75: 0 | K75: 0 | L75: 0
A76: Platform | B76: 2 | C76: 0 | D76: 2.97 | E76: 1.3353 | F76: 5.8812 | G76: 7.6365 | H76: 3.9251 | I76: 46 | J76: 2.31 | K76: 0 | L76: 4
A77: Platform | B77: 2 | C77: 0 | D77: 0.42 | E77: 0.8641 | F77: 9.1148 | G77: 10.5489 | H77: 8.0053 | I77: 7 | J77: 0.12 | K77: 3 | L77: 0
A78: DEATH
A79: Platform | B79: 2 | C79: 0 | D79: 0.07 | E79: 0 | F79: 6.3374 | G79: 6.3374 | H79: 6.3374 | I79: 1 | J79: 0 | K79: 0 | L79: 0
A80: Platform | B80: 2 | C80: 0 | D80: 0.44 | E80: 0.7062 | F80: 4.8861 | G80: 6.2901 | H80: 4.2388 | I80: 7 | J80: 0 | K80: 2 | L80: 1
A81: Platform | B81: 2 | C81: 0 | D81: 2.38 | E81: 1.1583 | F81: 6.4857 | G81: 7.7254 | H81: 4.3131 | I81: 41 | J81: 1.62 | K81: 0 | L81: 1
A82: Platform | B82: 2 | C82: 0 | D82: 0.11 | E82: 0.5756 | F82: 5.1681 | G82: 5.7437 | H82: 4.5924 | I82: 2 | J82: 0 | K82: 1 | L82: 1
A83: Platform | B83: 2 | C83: 0 | D83: 0.39 | E83: 0.8018 | F83: 2.7665 | G83: 4.0645 | H83: 1.9093 | I83: 7 | J83: 0 | K83: 2 | L83: 1
A84: DEATH
A85: Platform | B85: 2 | C85: 0 | D85: 3.3 | E85: 1.0619 | F85: 6.8453 | G85: 8.2064 | H85: 4.6593 | I85: 54 | J85: 2.78 | K85: 1 | L85: 4
A86: Platform | B86: 2 | C86: 0 | D86: 0.33 | E86: 0.6874 | F86: 9.9279 | G86: 11.0358 | H86: 9.018 | I86: 6 | J86: 0.06 | K86: 1 | L86: 0
A87: DEATH
A88: Platform | B88: 2 | C88: 0 | D88: 0.64 | E88: 0.4264 | F88: 4.4368 | G88: 4.7723 | H88: 3.3211 | I88: 10 | J88: 0 | K88: 1 | L88: 1
A89: Platform | B89: 2 | C89: 0 | D89: 2.6 | E89: 1.6185 | F89: 6.2041 | G89: 11.1043 | H89: 4.5572 | I89: 41 | J89: 2.16 | K89: 6 | L89: 6
A90: DEATH
A91: Platform | B91: 2 | C91: 0 | D91: 0.27 | E91: 0.2746 | F91: 4.9212 | G91: 5.3543 | H91: 4.6449 | I91: 4 | J91: 0 | K91: 0 | L91: 0
A92: Platform | B92: 2 | C92: 0 | D92: 3.02 | E92: 0.8309 | F92: 6.8225 | G92: 7.7418 | H92: 5.3608 | I92: 48 | J92: 1.82 | K92: 1 | L92: 8
A93: Platform | B93: 2 | C93: 0 | D93: 0.55 | E93: 0.854 | F93: 5.447 | G93: 6.1342 | H93: 3.9039 | I93: 9 | J93: 0 | K93: 2 | L93: 1
A94: Platform | B94: 2 | C94: 0 | D94: 4.74 | E94: 1.6359 | F94: 5.01 | G94: 7.9018 | H94: 3.1221 | I94: 83 | J94: 2.11 | K94: 5 | L94: 3
A95: Platform | B95: 2 | C95: 0 | D95: 0.05 | E95: 0 | F95: 7.5674 | G95: 7.5674 | H95: 7.5674 | I95: 1 | J95: 0 | K95: 0 | L95: 0
A96: Platform | B96: 2 | C96: 0 | D96: 0.43 | E96: 0.2394 | F96: 6.2776 | G96: 6.4766 | H96: 5.7074 | I96: 9 | J96: 0 | K96: 0 | L96: 3
A97: DEATH
A98: DEATH
A99: DEATH
A100: DEATH
A101: DEATH
...

Sheet adap_SebastianRatto
A1: EventType | B1: SegmentID | C1: ElementID | D1: TimeOnPlatform | E1: RelativePositionStd | F1: RelativePositionMean | G1: RelativePositionMax | H1: RelativePositionMin | I1: SampleCount | J1: EdgeRiskTime | K1: CorrectionPeaks | L1: RawCorrectionsCount | M1: Unnamed: 12 | N1: ExtraCol_13 | O1: ExtraCol_14 | P1: ExtraCol_15
A2: Platform | B2: 0 | C2: 0 | D2: 0.03 | E2: 0 | F2: 4.89 | G2: 4.89 | H2: 4.89 | I2: 1 | J2: 0 | K2: 0 | L2: 0
A3: Platform | B3: 0 | C3: 0 | D3: 3.7 | E3: 0.7356 | F3: 1.7224 | G3: 3.2047 | H3: 0.52 | I3: 110 | J3: 1.11 | K3: 0 | L3: 6
A4: Platform | B4: 0 | C4: 0 | D4: 0.47 | E4: 1.3397 | F4: 1.9885 | G4: 4.5341 | H4: 0.1912 | I4: 13 | J4: 0.23 | K4: 4 | L4: 2
A5: Platform | B5: 1 | C5: 0 | D5: 0.04 | E5: 0 | F5: 4.1285 | G5: 4.1285 | H5: 4.1285 | I5: 1 | J5: 0 | K5: 0 | L5: 0
A6: Platform | B6: 1 | C6: 0 | D6: 0.54 | E6: 0.0395 | F6: 8.6863 | G6: 8.7369 | H6: 8.5709 | I6: 16 | J6: 0.13 | K6: 0 | L6: 0
A7: DEATH
A8: Platform | B8: 0 | C8: 0 | D8: 2.99 | E8: 0.6087 | F8: 1.2153 | G8: 1.8974 | H8: 0.5379 | I8: 86 | J8: 0.04 | K8: 0 | L8: 2
A9: Platform | B9: 0 | C9: 0 | D9: 0.03 | E9: 0 | F9: 4.9495 | G9: 4.9495 | H9: 4.9495 | I9: 1 | J9: 0 | K9: 0 | L9: 0
A10: Platform | B10: 0 | C10: 0 | D10: 0.45 | E10: 0.034 | F10: 4.7298 | G10: 4.7785 | H10: 4.6653 | I10: 15 | J10: 0.11 | K10: 0 | L10: 3
A11: DEATH
A12: Platform | B12: 0 | C12: 0 | D12: 3.59 | E12: 0.116 | F12: 1.0333 | G12: 1.2983 | H12: 0.449 | I12: 102 | J12: 0.21 | K12: 0 | L12: 2
A13: Platform | B13: 0 | C13: 0 | D13: 0.03 | E13: 0 | F13: 0.7249 | G13: 0.7249 | H13: 0.7249 | I13: 1 | J13: 0 | K13: 0 | L13: 0
A14: Platform | B14: 0 | C14: 0 | D14: 0.94 | E14: 1.4831 | F14: 2.4427 | G14: 4.7929 | H14: 0.3839 | I14: 31 | J14: 0.13 | K14: 0 | L14: 2
A15: Platform | B15: 1 | C15: 0 | D15: 0.05 | E15: 0 | F15: 5.1898 | G15: 5.1898 | H15: 5.1898 | I15: 1 | J15: 0 | K15: 0 | L15: 0
A16: Platform | B16: 1 | C16: 0 | D16: 0.26 | E16: 0.0183 | F16: 5.2112 | G16: 5.2287 | H16: 5.1704 | I16: 8 | J16: 0 | K16: 0 | L16: 0
A17: Platform | B17: 0 | C17: 0 | D17: 0.07 | E17: 0.1172 | F17: 4.6505 | G17: 4.7677 | H17: 4.5334 | I17: 2 | J17: 0 | K17: 0 | L17: 1
A18: Platform | B18: 0 | C18: 0 | D18: 0.11 | E18: 0.1208 | F18: 4.2782 | G18: 4.4463 | H18: 4.1676 | I18: 3 | J18: 0 | K18: 0 | L18: 2
A19: Platform | B19: 0 | C19: 0 | D19: 0.13 | E19: 0.0063 | F19: 4.4008 | G19: 4.4074 | H19: 4.3924 | I19: 3 | J19: 0 | K19: 0 | L19: 0
A20: DEATH
A21: Platform | B21: 0 | C21: 0 | D21: 3.25 | E21: 0.5369 | F21: 1.8071 | G21: 2.8256 | H21: 0.7219 | I21: 92 | J21: 1.25 | K21: 0 | L21: 3
A22: Platform | B22: 0 | C22: 0 | D22: 1.85 | E22: 0.3468 | F22: 3.834 | G22: 4.454 | H22: 2.7287 | I22: 56 | J22: 0.07 | K22: 1 | L22: 4
A23: Platform | B23: 1 | C23: 0 | D23: 1.51 | E23: 0.5464 | F23: 8.8408 | G23: 9.1253 | H23: 6.9638 | I23: 44 | J23: 0.22 | K23: 0 | L23: 4
A24: Platform | B24: 1 | C24: 0 | D24: 0.03 | E24: 0 | F24: 10.9276 | G24: 10.9276 | H24: 10.9276 | I24: 1 | J24: 0 | K24: 0 | L24: 0
A25: Platform | B25: 1 | C25: 0 | D25: 0.03 | E25: 0 | F25: 8.4708 | G25: 8.4708 | H25: 8.4708 | I25: 1 | J25: 0 | K25: 0 | L25: 0
A26: Platform | B26: 1 | C26: 0 | D26: 0.03 | E26: 0 | F26: 8.1998 | G26: 8.1998 | H26: 8.1998 | I26: 1 | J26: 0 | K26: 0 | L26: 0
A27: Platform | B27: 1 | C27: 0 | D27: 0.03 | E27: 0 | F27: 6.6586 | G27: 6.6586 | H27: 6.6586 | I27: 1 | J27: 0 | K27: 0 | L27: 0
A28: DEATH
A29: Platform | B29: 0 | C29: 0 | D29: 3.39 | E29: 0.0309 | F29: 1.1745 | G29: 1.2344 | H29: 1.0341 | I29: 94 | J29: 0.23 | K29: 0 | L29: 7
A30: Platform | B30: 0 | C30: 0 | D30: 2.34 | E30: 0.6534 | F30: 1.3796 | G30: 4.4458 | H30: 0.508 | I30: 69 | J30: 0.36 | K30: 0 | L30: 4
A31: Platform | B31: 1 | C31: 0 | D31: 0.11 | E31: 0.0339 | F31: 5.0931 | G31: 5.1394 | H31: 5.0593 | I31: 3 | J31: 0 | K31: 0 | L31: 0
A32: Platform | B32: 1 | C32: 0 | D32: 0.9 | E32: 0.2279 | F32: 8.6051 | G32: 9.3646 | H32: 8.4561 | I32: 26 | J32: 0 | K32: 0 | L32: 1
A33: Platform | B33: 1 | C33: 0 | D33: 0.07 | E33: 0.1457 | F33: 10.1738 | G33: 10.3195 | H33: 10.028 | I33: 2 | J33: 0 | K33: 0 | L33: 0
A34: Platform | B34: 1 | C34: 0 | D34: 0.03 | E34: 0 | F34: 10.7735 | G34: 10.7735 | H34: 10.7735 | I34: 1 | J34: 0 | K34: 0 | L34: 0
A35: Platform | B35: 1 | C35: 0 | D35: 0.03 | E35: 0 | F35: 10.9338 | G35: 10.9338 | H35: 10.9338 | I35: 1 | J35: 0 | K35: 0 | L35: 0
A36: DEATH
A37: Platform | B37: 0 | C37: 0 | D37: 3.28 | E37: 0.1471 | F37: 0.878 | G37: 1.1027 | H37: 0.626 | I37: 93 | J37: 0 | K37: 0 | L37: 2
A38: Platform | B38: 0 | C38: 0 | D38: 2.41 | E38: 0.6115 | F38: 2.1231 | G38: 4.3488 | H38: 1.5537 | I38: 72 | J38: 0.17 | K38: 0 | L38: 2
A39: Platform | B39: 1 | C39: 0 | D39: 0.04 | E39: 0 | F39: 4.4051 | G39: 4.4051 | H39: 4.4051 | I39: 1 | J39: 0 | K39: 0 | L39: 0
A40: Platform | B40: 1 | C40: 0 | D40: 1.68 | E40: 0.4328 | F40: 5.9988 | G40: 6.2476 | H40: 4.4897 | I40: 49 | J40: 0.28 | K40: 0 | L40: 0
A41: Platform | B41: 1 | C41: 0 | D41: 2.7 | E41: 0.018 | F41: 9.0218 | G41: 9.0547 | H41: 8.9425 | I41: 79 | J41: 0.55 | K41: 0 | L41: 0
A42: Platform | B42: 2 | C42: 0 | D42: 0.07 | E42: 0 | F42: 8.4179 | G42: 8.4179 | H42: 8.4179 | I42: 1 | J42: 0 | K42: 0 | L42: 0
A43: Platform | B43: 2 | C43: 0 | D43: 0.08 | E43: 0 | F43: 9.5286 | G43: 9.5286 | H43: 9.5286 | I43: 1 | J43: 0 | K43: 0 | L43: 0
A44: Platform | B44: 2 | C44: 0 | D44: 0.07 | E44: 0 | F44: 9.5568 | G44: 9.5568 | H44: 9.5568 | I44: 1 | J44: 0 | K44: 0 | L44: 0
A45: Platform | B45: 2 | C45: 0 | D45: 0.07 | E45: 0 | F45: 9.3352 | G45: 9.3352 | H45: 9.3352 | I45: 1 | J45: 0 | K45: 0 | L45: 0
A46: Platform | B46: 2 | C46: 0 | D46: 2.63 | E46: 0.834 | F46: 9.9221 | G46: 10.6728 | H46: 8.2312 | I46: 39 | J46: 1.68 | K46: 1 | L46: 3
A47: DEATH
A48: Platform | B48: 2 | C48: 0 | D48: 0.04 | E48: 0 | F48: 7.9478 | G48: 7.9478 | H48: 7.9478 | I48: 1 | J48: 0 | K48: 0 | L48: 0
A49: Platform | B49: 2 | C49: 0 | D49: 3.09 | E49: 0.9885 | F49: 9.3859 | G49: 11.9283 | H49: 8.0794 | I49: 53 | J49: 1.27 | K49: 6 | L49: 4
A50: DEATH
A51: Platform | B51: 2 | C51: 0 | D51: 2.05 | E51: 1.7702 | F51: 7.9135 | G51: 10.0109 | H51: 4.7467 | I51: 30 | J51: 1.46 | K51: 3 | L51: 2
A52: Platform | B52: 2 | C52: 0 | D52: 0.83 | E52: 1.1506 | F52: 10.9616 | G52: 13.3726 | H52: 9.9683 | I52: 13 | J52: 0.5 | K52: 4 | L52: 0
A53: DEATH
A54: Platform | B54: 2 | C54: 0 | D54: 0.06 | E54: 0 | F54: 3.7665 | G54: 3.7665 | H54: 3.7665 | I54: 1 | J54: 0 | K54: 0 | L54: 0
A55: Platform | B55: 2 | C55: 0 | D55: 1.59 | E55: 1.7026 | F55: 6.2359 | G55: 8.3634 | H55: 4.2631 | I55: 25 | J55: 1 | K55: 4 | L55: 4
A56: Platform | B56: 2 | C56: 0 | D56: 1.81 | E56: 0.4897 | F56: 7.6402 | G56: 8.3664 | H56: 7.0971 | I56: 30 | J56: 0 | K56: 0 | L56: 1
A57: Platform | B57: 2 | C57: 0 | D57: 0.3 | E57: 0.895 | F57: 9.9061 | G57: 11.1997 | H57: 8.6701 | I57: 5 | J57: 0 | K57: 4 | L57: 0
A58: DEATH
A59: Platform | B59: 2 | C59: 0 | D59: 1.47 | E59: 0.6258 | F59: 7.485 | G59: 8.8615 | H59: 6.3785 | I59: 21 | J59: 1.12 | K59: 1 | L59: 4
A60: Platform | B60: 2 | C60: 0 | D60: 1.91 | E60: 0.1322 | F60: 8.9399 | G60: 9.1874 | H60: 8.7395 | I60: 29 | J60: 0 | K60: 0 | L60: 1
A61: Platform | B61: 2 | C61: 0 | D61: 0.63 | E61: 0.5037 | F61: 6.6733 | G61: 7.8024 | H61: 6.2477 | I61: 10 | J61: 0 | K61: 0 | L61: 2
A62: Platform | B62: 2 | C62: 0 | D62: 4.01 | E62: 0.5198 | F62: 5.433 | G62: 6.4021 | H62: 4.8632 | I62: 67 | J62: 0 | K62: 0 | L62: 1
A63: DEATH
A64: DEATH
A65: DEATH
A66: DEATH
A67: DEATH
A68: DEATH
A69: DEATH
A70: DEATH
A71: DEATH
A72: DEATH
A73: DEATH
A74: DEATH
... A77: DEATH

Sheet adap_SofiaVidal
A1: EventType | B1: SegmentID | C1: ElementID | D1: TimeOnPlatform | E1: RelativePositionStd | F1: RelativePositionMean | G1: RelativePositionMax | H1: RelativePositionMin | I1: SampleCount | J1: EdgeRiskTime | K1: CorrectionPeaks | L1: ObstacleType | M1: ClearType | N1: MinClearance | O1: MicroCorrections | P1: ObstacleDuration
A2: DEATH
A3: DEATH
A4: DEATH
A5: DEATH
A6: DEATH
A7: DEATH
A8: DEATH
A9: DEATH
A10: DEATH
A11: DEATH
A12: DEATH
A13: DEATH
... A49: DEATH
A50: Platform | B50: 0 | C50: 0 | D50: 0.04 | E50: 0.02 | F50: 5.1169 | G50: 5.1369 | H50: 5.097 | I50: 2 | J50: 0 | K50: 0 | L50: 0
A51: DEATH
A52: Platform | B52: 0 | C52: 0 | D52: 0.03 | E52: 0.0056 | F52: 5.1407 | G52: 5.1463 | H52: 5.1351 | I52: 2 | J52: 0 | K52: 0 | L52: 0
A53: Platform | B53: 0 | C53: 0 | D53: 2.52 | E53: 0.3179 | F53: 1.4711 | G53: 1.9155 | H53: 0.7687 | I53: 148 | J53: 0.18 | K53: 0 | L53: 4
A54: Platform | B54: 0 | C54: 0 | D54: 15.06 | E54: 0.0891 | F54: 1.5725 | G54: 1.7262 | H54: 1.4469 | I54: 876 | J54: 6.58 | K54: 0 | L54: 1
A55: Platform | B55: 0 | C55: 0 | D55: 1.95 | E55: 0.8929 | F55: 1.9362 | G55: 4.9118 | H55: 1.451 | I55: 117 | J55: 0.96 | K55: 0 | L55: 0
A56: DEATH
A57: Platform | B57: 0 | C57: 0 | D57: 1.08 | E57: 0.0206 | F57: 1.799 | G57: 1.8171 | H57: 1.6995 | I57: 64 | J57: 0.1 | K57: 0 | L57: 0
A58: Platform | B58: 0 | C58: 0 | D58: 4.93 | E58: 0.3698 | F58: 1.3636 | G58: 2.8239 | H58: 1.058 | I58: 291 | J58: 0.41 | K58: 0 | L58: 2
A59: Platform | B59: 1 | C59: 0 | D59: 2.07 | E59: 0.2729 | F59: 6.906 | G59: 7.0288 | H59: 5.8108 | I59: 124 | J59: 0.09 | K59: 0 | L59: 1
A60: Platform | B60: 1 | C60: 0 | D60: 4.21 | E60: 0.531 | F60: 6.4944 | G60: 7.4524 | H60: 5.4703 | I60: 248 | J60: 1.52 | K60: 0 | L60: 2
A61: Platform | B61: 2 | C61: 0 | D61: 0.02 | E61: 0 | F61: 4.8435 | G61: 4.8435 | H61: 4.8435 | I61: 1 | J61: 0 | K61: 0 | L61: 0
A62: Platform | B62: 2 | C62: 0 | D62: 2.47 | E62: 0.8734 | F62: 6.0573 | G62: 7.2643 | H62: 4.9097 | I62: 96 | J62: 1.37 | K62: 0 | L62: 0
A63: DEATH
A64: Platform | B64: 2 | C64: 0 | D64: 0.04 | E64: 0.1444 | F64: 5.9302 | G64: 6.0747 | H64: 5.7858 | I64: 2 | J64: 0 | K64: 0 | L64: 0
A65: Platform | B65: 2 | C65: 0 | D65: 2.36 | E65: 0.5772 | F65: 7.1551 | G65: 8.2113 | H65: 6.1257 | I65: 84 | J65: 1.13 | K65: 0 | L65: 1
A66: Platform | B66: 2 | C66: 0 | D66: 1.2 | E66: 0.499 | F66: 7.4073 | G66: 7.9632 | H66: 6.7376 | I66: 41 | J66: 0.91 | K66: 0 | L66: 2
A67: Platform | B67: 2 | C67: 0 | D67: 1.22 | E67: 1.7073 | F67: 6.344 | G67: 10.5133 | H67: 5.0577 | I67: 43 | J67: 0.65 | K67: 0 | L67: 2
A68: DEATH
A69: Platform | B69: 2 | C69: 0 | D69: 0.02 | E69: 0 | F69: 7.6474 | G69: 7.6474 | H69: 7.6474 | I69: 1 | J69: 0 | K69: 0 | L69: 0
A70: Platform | B70: 2 | C70: 0 | D70: 2.41 | E70: 0.81 | F70: 9.0716 | G70: 11.1108 | H70: 7.9582 | I70: 84 | J70: 1.67 | K70: 0 | L70: 0
A71: Platform | B71: 2 | C71: 0 | D71: 0.03 | E71: 0 | F71: 11.9922 | G71: 11.9922 | H71: 11.9922 | I71: 1 | J71: 0 | K71: 0 | L71: 0
A72: DEATH
A73: Platform | B73: 2 | C73: 0 | D73: 0.02 | E73: 0 | F73: 7.1166 | G73: 7.1166 | H73: 7.1166 | I73: 1 | J73: 0 | K73: 0 | L73: 0
A74: Platform | B74: 2 | C74: 0 | D74: 2.13 | E74: 0.374 | F74: 8.3464 | G74: 8.5725 | H74: 7.166 | I74: 75 | J74: 0.57 | K74: 0 | L74: 0
A75: Platform | B75: 2 | C75: 0 | D75: 1.86 | E75: 0.0131 | F75: 8.5068 | G75: 8.5555 | H75: 8.4769 | I75: 63 | J75: 0.09 | K75: 0 | L75: 1
A76: Platform | B76: 2 | C76: 0 | D76: 0.03 | E76: 0 | F76: 8.7255 | G76: 8.7255 | H76: 8.7255 | I76: 1 | J76: 0 | K76: 0 | L76: 0
A77: DEATH
A78: Platform | B78: 2 | C78: 0 | D78: 0.02 | E78: 0 | F78: 5.9491 | G78: 5.9491 | H78: 5.9491 | I78: 1 | J78: 0 | K78: 0 | L78: 0
A79: Platform | B79: 2 | C79: 0 | D79: 1.7 | E79: 0.2757 | F79: 7.2088 | G79: 7.393 | H79: 6.299 | I79: 62 | J79: 0.39 | K79: 0 | L79: 0
A80: Platform | B80: 2 | C80: 0 | D80: 1.77 | E80: 0.3659 | F80: 7.7925 | G80: 8.4017 | H80: 7.3178 | I80: 59 | J80: 1.11 | K80: 0 | L80: 1
A81: Platform | B81: 2 | C81: 0 | D81: 0.26 | E81: 0.0668 | F81: 3.7277 | G81: 3.8826 | H81: 3.6748 | I81: 9 | J81: 0 | K81: 0 | L81: 1
A82: Platform | B82: 2 | C82: 0 | D82: 4.5 | E82: 0.4167 | F82: 3.8731 | G82: 4.8668 | H82: 3.5241 | I82: 156 | J82: 1.35 | K82: 0 | L82: 2
A83: Platform | B83: 2 | C83: 0 | D83: 0.03 | E83: 0 | F83: 4.5071 | G83: 4.5071 | H83: 4.5071 | I83: 1 | J83: 0 | K83: 0 | L83: 0
A84: DEATH
A85: DEATH
A86: DEATH
A87: DEATH
A88: DEATH
A89: DEATH
A90: DEATH
A91: DEATH
A92: DEATH
A93: DEATH
A94: DEATH
A95: DEATH
... A114: DEATH

Sheet adap_VicenteOlguin
A1: EventType | B1: SegmentID | C1: ElementID | D1: TimeOnPlatform | E1: RelativePositionStd | F1: RelativePositionMean | G1: RelativePositionMax | H1: RelativePositionMin | I1: SampleCount | J1: EdgeRiskTime | K1: CorrectionPeaks | L1: ObstacleType | M1: ClearType | N1: MinClearance | O1: MicroCorrections | P1: ObstacleDuration
A2: DEATH
A3: DEATH
A4: DEATH
A5: DEATH
A6: DEATH
A7: DEATH
A8: DEATH
A9: DEATH
A10: DEATH
A11: Platform | B11: 0 | C11: 0 | D11: 2.05 | E11: 0.4971 | F11: 1.4318 | G11: 3.1503 | H11: 0.7671 | I11: 117 | J11: 0.32 | K11: 0 | L11: 3
A12: Platform | B12: 0 | C12: 0 | D12: 4.24 | E12: 0.5806 | F12: 1.0692 | G12: 1.9478 | H12: 0.1458 | I12: 248 | J12: 1.38 | K12: 0 | L12: 4
A13: Platform | B13: 1 | C13: 0 | D13: 0.02 | E13: 0 | F13: 4.5495 | G13: 4.5495 | H13: 4.5495 | I13: 1 | J13: 0 | K13: 0 | L13: 0
A14: Platform | B14: 1 | C14: 0 | D14: 0.1 | E14: 0.3417 | F14: 9.4532 | G14: 9.9469 | H14: 8.9564 | I14: 6 | J14: 0.02 | K14: 0 | L14: 0
A15: Platform | B15: 2 | C15: 0 | D15: 2.8 | E15: 1.0139 | F15: 6.1172 | G15: 7.5668 | H15: 4.2745 | I15: 85 | J15: 0.44 | K15: 0 | L15: 2
A16: Platform | B16: 2 | C16: 0 | D16: 0.87 | E16: 0.5088 | F16: 8.0209 | G16: 8.5589 | H16: 6.9339 | I16: 26 | J16: 0 | K16: 0 | L16: 1
A17: DEATH
A18: Platform | B18: 2 | C18: 0 | D18: 0.07 | E18: 0.1034 | F18: 5.5503 | G18: 5.6537 | H18: 5.4468 | I18: 2 | J18: 0 | K18: 0 | L18: 1
A19: Platform | B19: 2 | C19: 0 | D19: 1.1 | E19: 0.3453 | F19: 5.7022 | G19: 6.093 | H19: 5.0714 | I19: 36 | J19: 0.78 | K19: 0 | L19: 4
A20: Platform | B20: 2 | C20: 0 | D20: 1.98 | E20: 0.3382 | F20: 5.8462 | G20: 6.1775 | H20: 5.2019 | I20: 68 | J20: 0.46 | K20: 0 | L20: 2
A21: Platform | B21: 2 | C21: 0 | D21: 0.88 | E21: 0.1508 | F21: 6.6157 | G21: 6.8306 | H21: 6.2943 | I21: 41 | J21: 0.31 | K21: 0 | L21: 1
A22: Platform | B22: 2 | C22: 0 | D22: 2.37 | E22: 0.3083 | F22: 5.8158 | G22: 6.4766 | H22: 5.4221 | I22: 99 | J22: 0.44 | K22: 0 | L22: 4
A23: Platform | B23: 2 | C23: 0 | D23: 2.11 | E23: 0.3458 | F23: 5.2512 | G23: 6.0599 | H23: 4.8986 | I23: 69 | J23: 0.26 | K23: 0 | L23: 4
A24: Platform | B24: 2 | C24: 0 | D24: 0.06 | E24: 0.0718 | F24: 4.2976 | G24: 4.3859 | H24: 4.2099 | I24: 3 | J24: 0 | K24: 0 | L24: 1
A25: DEATH

Sheet adap_VicenteQuintana
A1: EventType | B1: SegmentID | C1: ElementID | D1: TimeOnPlatform | E1: RelativePositionStd | F1: RelativePositionMean | G1: RelativePositionMax | H1: RelativePositionMin | I1: SampleCount | J1: EdgeRiskTime | K1: CorrectionPeaks | L1: RawCorrectionsCount | M1: Unnamed: 12 | N1: ExtraCol_13 | O1: ExtraCol_14 | P1: ExtraCol_15
A2: Platform | B2: 0 | C2: 0 | D2: 0.04 | E2: 0 | F2: 4.8294 | G2: 4.8294 | H2: 4.8294 | I2: 1 | J2: 0 | K2: 0 | L2: 0
A3: Platform | B3: 0 | C3: 0 | D3: 1.51 | E3: 0.0742 | F3: 0.7108 | G3: 1.1473 | H3: 0.6775 | I3: 43 | J3: 0 | K3: 0 | L3: 1
A4: Platform | B4: 0 | C4: 0 | D4: 4.84 | E4: 0.4913 | F4: 1.3316 | G4: 2.698 | H4: 0.6676 | I4: 141 | J4: 3.25 | K4: 0 | L4: 0
A5: Platform | B5: 1 | C5: 0 | D5: 0.66 | E5: 1.1333 | F5: 6.4973 | G5: 8.4825 | H5: 4.9113 | I5: 20 | J5: 0 | K5: 0 | L5: 1
A6: Platform | B6: 1 | C6: 0 | D6: 0.86 | E6: 0.313 | F6: 7.6068 | G6: 7.9968 | H6: 7.245 | I6: 26 | J6: 0.03 | K6: 0 | L6: 1
A7: Platform | B7: 1 | C7: 0 | D7: 1.87 | E7: 0.4029 | F7: 7.368 | G7: 8.95 | H7: 6.9974 | I7: 56 | J7: 0.47 | K7: 0 | L7: 4
A8: Platform | B8: 2 | C8: 0 | D8: 0.99 | E8: 0.042 | F8: 7.4177 | G8: 7.5225 | H8: 7.3811 | I8: 16 | J8: 0 | K8: 0 | L8: 3
A9: Platform | B9: 2 | C9: 0 | D9: 2.26 | E9: 0.5065 | F9: 6.9265 | G9: 7.4408 | H9: 5.4339 | I9: 37 | J9: 0 | K9: 0 | L9: 5
A10: Platform | B10: 2 | C10: 0 | D10: 0.28 | E10: 0.1017 | F10: 4.6013 | G10: 4.6835 | H10: 4.4289 | I10: 5 | J10: 0 | K10: 0 | L10: 0
A11: Platform | B11: 2 | C11: 0 | D11: 0.05 | E11: 0 | F11: 3.2781 | G11: 3.2781 | H11: 3.2781 | I11: 1 | J11: 0 | K11: 0 | L11: 0
A12: Platform | B12: 2 | C12: 0 | D12: 1.38 | E12: 0.6541 | F12: 4.3612 | G12: 4.8372 | H12: 2.7728 | I12: 26 | J12: 0.4 | K12: 3 | L12: 2
A13: Platform | B13: 2 | C13: 0 | D13: 2.2 | E13: 0.1062 | F13: 5.0478 | G13: 5.1325 | H13: 4.784 | I13: 42 | J13: 0.49 | K13: 0 | L13: 2
A14: Platform | B14: 2 | C14: 0 | D14: 0.05 | E14: 0 | F14: 3.9983 | G14: 3.9983 | H14: 3.9983 | I14: 1 | J14: 0 | K14: 0 | L14: 0
A15: DEATH
A16: DEATH
A17: DEATH
A18: DEATH
A19: DEATH
A20: DEATH
A21: DEATH
A22: DEATH
A23: DEATH

Sheet adap_VicenteVidal
A1: EventType | B1: SegmentID | C1: ElementID | D1: TimeOnPlatform | E1: RelativePositionStd | F1: RelativePositionMean | G1: RelativePositionMax | H1: RelativePositionMin | I1: SampleCount | J1: EdgeRiskTime | K1: CorrectionPeaks | L1: ObstacleType | M1: ClearType | N1: MinClearance | O1: MicroCorrections | P1: ObstacleDuration
A2: DEATH
A3: DEATH
A4: DEATH
A5: DEATH
A6: DEATH
A7: DEATH
A8: DEATH
A9: DEATH
A10: Platform | B10: 0 | C10: 0 | D10: 0.59 | E10: 0.0704 | F10: 0.9182 | G10: 1.2023 | H10: 0.871 | I10: 35 | J10: 0 | K10: 0 | L10: 1
A11: Platform | B11: 0 | C11: 0 | D11: 5.76 | E11: 0.2428 | F11: 1.4097 | G11: 2.193 | H11: 0.8644 | I11: 345 | J11: 2.95 | K11: 0 | L11: 2
A12: Platform | B12: 1 | C12: 0 | D12: 0.73 | E12: 1.0845 | F12: 7.7296 | G12: 8.637 | H12: 5.635 | I12: 42 | J12: 0.48 | K12: 0 | L12: 0
A13: Platform | B13: 1 | C13: 0 | D13: 2.49 | E13: 0.406 | F13: 8.0897 | G13: 8.9236 | H13: 7.531 | I13: 149 | J13: 0.15 | K13: 0 | L13: 2
A14: Platform | B14: 2 | C14: 0 | D14: 0.04 | E14: 0 | F14: 7.317 | G14: 7.317 | H14: 7.317 | I14: 1 | J14: 0 | K14: 0 | L14: 0
A15: Platform | B15: 2 | C15: 0 | D15: 1.85 | E15: 0.9548 | F15: 6.9847 | G15: 8.8416 | H15: 5.8269 | I15: 50 | J15: 0.35 | K15: 2 | L15: 2
A16: Platform | B16: 2 | C16: 0 | D16: 1.49 | E16: 0.3279 | F16: 8.3801 | G16: 8.8633 | H16: 8.0658 | I16: 48 | J16: 0 | K16: 0 | L16: 1
A17: DEATH
A18: Platform | B18: 2 | C18: 0 | D18: 0.05 | E18: 0.1285 | F18: 3.6246 | G18: 3.753 | H18: 3.4961 | I18: 2 | J18: 0 | K18: 0 | L18: 0
A19: Platform | B19: 2 | C19: 0 | D19: 1.46 | E19: 1.2589 | F19: 5.125 | G19: 6.5356 | H19: 3.5064 | I19: 48 | J19: 1.19 | K19: 0 | L19: 2
A20: Platform | B20: 2 | C20: 0 | D20: 1.7 | E20: 0.3811 | F20: 6.921 | G20: 7.4532 | H20: 6.5158 | I20: 57 | J20: 1.28 | K20: 0 | L20: 0
A21: DEATH
A22: Platform | B22: 2 | C22: 0 | D22: 0.04 | E22: 0 | F22: 4.8516 | G22: 4.8516 | H22: 4.8516 | I22: 1 | J22: 0 | K22: 0 | L22: 0
A23: Platform | B23: 2 | C23: 0 | D23: 1.56 | E23: 0.5449 | F23: 8.0441 | G23: 8.4397 | H23: 5.8833 | I23: 48 | J23: 0.25 | K23: 0 | L23: 1
A24: Platform | B24: 2 | C24: 0 | D24: 2.07 | E24: 0.21 | F24: 7.7234 | G24: 8.1625 | H24: 7.5652 | I24: 71 | J24: 0 | K24: 0 | L24: 2
A25: Platform | B25: 2 | C25: 0 | D25: 0.37 | E25: 0.2865 | F25: 5.2951 | G25: 6.0578 | H25: 5.1031 | I25: 13 | J25: 0.14 | K25: 0 | L25: 2
A26: Platform | B26: 2 | C26: 0 | D26: 3.02 | E26: 0.1174 | F26: 6.3552 | G26: 6.4684 | H26: 6.1742 | I26: 105 | J26: 0.03 | K26: 0 | L26: 0
A27: Platform | B27: 2 | C27: 0 | D27: 1.72 | E27: 0.4015 | F27: 5.1326 | G27: 6.4461 | H27: 4.9386 | I27: 62 | J27: 0 | K27: 0 | L27: 2
A28: Platform | B28: 2 | C28: 0 | D28: 0.56 | E28: 0.1582 | F28: 4.8087 | G28: 5.1555 | H28: 4.3993 | I28: 22 | J28: 0 | K28: 0 | L28: 1
A29: DEATH
A30: DEATH
A31: DEATH

Sheet adap_yo
A1: EventType | B1: SegmentID | C1: ElementID | D1: TimeOnPlatform | E1: RelativePositionStd | F1: RelativePositionMean | G1: RelativePositionMax | H1: RelativePositionMin | I1: SampleCount | J1: EdgeRiskTime | K1: CorrectionPeaks | L1: ObstacleType | M1: ClearType | N1: MinClearance | O1: MicroCorrections | P1: ObstacleDuration
A2: DEATH
A3: Platform | B3: 0 | C3: 0 | D3: 0.69 | E3: 0.4017 | F3: 1.1469 | G3: 2.0018 | H3: 0.8196 | I3: 48 | J3: 0.19 | K3: 0 | L3: 2
A4: Platform | B4: 0 | C4: 0 | D4: 3.8 | E4: 0.3996 | F4: 2.1367 | G4: 4.7511 | H4: 1.964 | I4: 263 | J4: 1.77 | K4: 0 | L4: 2
A5: Platform | B5: 1 | C5: 0 | D5: 0.33 | E5: 1.0052 | F5: 7.8194 | G5: 9.5198 | H5: 6.176 | I5: 23 | J5: 0.25 | K5: 0 | L5: 0
A6: Platform | B6: 1 | C6: 0 | D6: 1.6 | E6: 0.658 | F6: 9.642 | G6: 10.3559 | H6: 8.2123 | I6: 113 | J6: 0.03 | K6: 0 | L6: 1
A7: Platform | B7: 1 | C7: 0 | D7: 1.96 | E7: 0.4623 | F7: 8.0121 | G7: 9.277 | H7: 7.1231 | I7: 137 | J7: 1.18 | K7: 0 | L7: 2
A8: Platform | B8: 2 | C8: 0 | D8: 0.99 | E8: 0.8718 | F8: 6.0512 | G8: 6.8192 | H8: 3.4488 | I8: 35 | J8: 0.31 | K8: 0 | L8: 1
A9: Platform | B9: 2 | C9: 0 | D9: 2.61 | E9: 0.406 | F9: 7.1065 | G9: 7.5222 | H9: 6.3226 | I9: 98 | J9: 2.32 | K9: 0 | L9: 0
A10: Platform | B10: 2 | C10: 0 | D10: 0.18 | E10: 0.2358 | F10: 7.7408 | G10: 7.9458 | H10: 7.2863 | I10: 7 | J10: 0 | K10: 0 | L10: 1
A11: Platform | B11: 2 | C11: 0 | D11: 2.84 | E11: 0.3138 | F11: 6.5757 | G11: 7.0743 | H11: 5.4271 | I11: 108 | J11: 0 | K11: 0 | L11: 1
A12: Platform | B12: 2 | C12: 0 | D12: 1.45 | E12: 0.1877 | F12: 5.5775 | G12: 5.8542 | H12: 5.4084 | I12: 56 | J12: 0.66 | K12: 0 | L12: 0
A13: DEATH
A14: DEATH

Sheet Sheet1
A1: Jugador | B1: TimeOnPlatform | C1: RelativePositionStd | D1: RelativePositionMean | E1: RelativePositionMax | F1: RelativePositionMin | G1: SampleCount | H1: EdgeRiskTime | I1: CorrectionPeaks | J1: RawCorrectionsCount | K1: AbandonoPilar
A2: Jug1 | B2: =AVERAGE(adap_CataAguilar!D:D) -> 1.1695385 | C2: =AVERAGE(adap_CataAguilar!E:E) -> 0.45703538 | D2: =AVERAGE(adap_CataAguilar!F:F) -> 6.0007031 | E2: =AVERAGE(adap_CataAguilar!G:G) -> 6.8204538 | F2: =AVERAGE(adap_CataAguilar!H:H) -> 5.0950892 | G2: =AVERAGE(adap_CataAguilar!I:I) -> 49.430769 | H2: =AVERAGE(adap_CataAguilar!J:J) -> 0.36276923 | I2: =AVERAGE(adap_CataAguilar!K:K) -> 0.076923077 | J2: =AVERAGE(adap_CataAguilar!L:L) -> 0.75384615 | K2: 3
A3: Jug2 | B3: =AVERAGE(adap_GonzaloCampos!D:D) -> 1.0653571 | C3: =AVERAGE(adap_GonzaloCampos!E:E) -> 0.40071786 | D3: =AVERAGE(adap_GonzaloCampos!F:F) -> 5.3316679 | E3: =AVERAGE(adap_GonzaloCampos!G:G) -> 6.3102929 | F3: =AVERAGE(adap_GonzaloCampos!H:H) -> 4.7240643 | G3: =AVERAGE(adap_GonzaloCampos!I:I) -> 50.642857 | H3: =AVERAGE(adap_GonzaloCampos!J:J) -> 0.17392857 | I3: =AVERAGE(adap_GonzaloCampos!K:K) -> 0.035714286 | J3: =AVERAGE(adap_GonzaloCampos!L:L) -> 1.6785714 | K3: 4
A4: Jug3 | B4: =AVERAGE(adap_IgnaciaDelgado!D:D) -> 1.1989474 | C4: =AVERAGE(adap_IgnaciaDelgado!E:E) -> 0.47051579 | D4: =AVERAGE(adap_IgnaciaDelgado!F:F) -> 6.7117632 | E4: =AVERAGE(adap_IgnaciaDelgado!G:G) -> 7.4726895 | F4: =AVERAGE(adap_IgnaciaDelgado!H:H) -> 5.9463105 | G4: =AVERAGE(adap_IgnaciaDelgado!I:I) -> 45.631579 | H4: =AVERAGE(adap_IgnaciaDelgado!J:J) -> 0.42842105 | I4: =AVERAGE(adap_IgnaciaDelgado!K:K) -> 0 | J4: =AVERAGE(adap_IgnaciaDelgado!L:L) -> 1.4210526 | K4: 5
A5: Jug4 | B5: =AVERAGE(adap_IsidoraToledo!D:D) -> 0.6488 | C5: =AVERAGE(adap_IsidoraToledo!E:E) -> 0.152944 | D5: =AVERAGE(adap_IsidoraToledo!F:F) -> 8.968202 | E5: =AVERAGE(adap_IsidoraToledo!G:G) -> 9.222746 | F5: =AVERAGE(adap_IsidoraToledo!H:H) -> 8.712649 | G5: =AVERAGE(adap_IsidoraToledo!I:I) -> 13.81 | H5: =AVERAGE(adap_IsidoraToledo!J:J) -> 0.1448 | I5: =AVERAGE(adap_IsidoraToledo!K:K) -> 0.18 | J5: =AVERAGE(adap_IsidoraToledo!L:L) -> 2.79 | K5: 6
A6: Jug5 | B6: =AVERAGE(adap_JavierSalinas!D:D) -> 1.0531579 | C6: =AVERAGE(adap_JavierSalinas!E:E) -> 0.30139649 | D6: =AVERAGE(adap_JavierSalinas!F:F) -> 4.6322614 | E6: =AVERAGE(adap_JavierSalinas!G:G) -> 5.2664333 | F6: =AVERAGE(adap_JavierSalinas!H:H) -> 4.2560035 | G6: =AVERAGE(adap_JavierSalinas!I:I) -> 29.807018 | H6: =AVERAGE(adap_JavierSalinas!J:J) -> 0.11929825 | I6: =AVERAGE(adap_JavierSalinas!K:K) -> 0.33333333 | J6: =AVERAGE(adap_JavierSalinas!L:L) -> 1.3508772 | K6: 7
A7: Jug6 | B7: =AVERAGE(adap_MariannaMaregatti!D:D) -> 1.3449315 | C7: =AVERAGE(adap_MariannaMaregatti!E:E) -> 0.52738082 | D7: =AVERAGE(adap_MariannaMaregatti!F:F) -> 5.965726 | E7: =AVERAGE(adap_MariannaMaregatti!G:G) -> 6.8759959 | F7: =AVERAGE(adap_MariannaMaregatti!H:H) -> 5.1996767 | G7: =AVERAGE(adap_MariannaMaregatti!I:I) -> 26.219178 | H7: =AVERAGE(adap_MariannaMaregatti!J:J) -> 0.56246575 | I7: =AVERAGE(adap_MariannaMaregatti!K:K) -> 1.2465753 | J7: =AVERAGE(adap_MariannaMaregatti!L:L) -> 1.6575342 | K7: 8
A8: Jug7 | B8: =AVERAGE(adap_SebastianRatto!D:D) -> 1.1125 | C8: =AVERAGE(adap_SebastianRatto!E:E) -> 0.34543462 | D8: =AVERAGE(adap_SebastianRatto!F:F) -> 6.1267288 | E8: =AVERAGE(adap_SebastianRatto!G:G) -> 6.7447596 | F8: =AVERAGE(adap_SebastianRatto!H:H) -> 5.5919865 | G8: =AVERAGE(adap_SebastianRatto!I:I) -> 27.076923 | H8: =AVERAGE(adap_SebastianRatto!J:J) -> 0.23307692 | I8: =AVERAGE(adap_SebastianRatto!K:K) -> 0.53846154 | J8: =AVERAGE(adap_SebastianRatto!L:L) -> 1.3269231 | K8: 9
A9: Jug8 | B9: =AVERAGE(adap_SofiaVidal!D:D) -> 1.9278571 | C9: =AVERAGE(adap_SofiaVidal!E:E) -> 0.30868929 | D9: =AVERAGE(adap_SofiaVidal!F:F) -> 5.8572357 | E9: =AVERAGE(adap_SofiaVidal!G:G) -> 6.4839286 | F9: =AVERAGE(adap_SofiaVidal!H:H) -> 5.4197143 | G9: =AVERAGE(adap_SofiaVidal!I:I) -> 94.75 | H9: =AVERAGE(adap_SofiaVidal!J:J) -> 0.68142857 | I9: =AVERAGE(adap_SofiaVidal!K:K) -> 0 | J9: =AVERAGE(adap_SofiaVidal!L:L) -> 0.71428571 | K9: 10
A10: Jug9 | B10: =AVERAGE(adap_VicenteOlguin!D:D) -> 1.4346154 | C10: =AVERAGE(adap_VicenteOlguin!E:E) -> 0.35428462 | D10: =AVERAGE(adap_VicenteOlguin!F:F) -> 5.3631385 | E10: =AVERAGE(adap_VicenteOlguin!G:G) -> 5.9536462 | F10: =AVERAGE(adap_VicenteOlguin!H:H) -> 4.7824769 | G10: =AVERAGE(adap_VicenteOlguin!I:I) -> 61.615385 | H10: =AVERAGE(adap_VicenteOlguin!J:J) -> 0.33923077 | I10: =AVERAGE(adap_VicenteOlguin!K:K) -> 0 | J10: =AVERAGE(adap_VicenteOlguin!L:L) -> 2.0769231 | K10: 11
A11: Jug10 | B11: =AVERAGE(adap_VicenteQuintana!D:D) -> 1.3069231 | C11: =AVERAGE(adap_VicenteQuintana!E:E) -> 0.29424615 | D11: =AVERAGE(adap_VicenteQuintana!F:F) -> 4.9211385 | E11: =AVERAGE(adap_VicenteQuintana!G:G) -> 5.4613 | F11: =AVERAGE(adap_VicenteQuintana!H:H) -> 4.4157923 | G11: =AVERAGE(adap_VicenteQuintana!I:I) -> 31.923077 | H11: =AVERAGE(adap_VicenteQuintana!J:J) -> 0.35692308 | I11: =AVERAGE(adap_VicenteQuintana!K:K) -> 0.23076923 | J11: =AVERAGE(adap_VicenteQuintana!L:L) -> 1.4615385 | K11: 12
A12: Jug11 | B12: =AVERAGE(adap_VicenteVidal!D:D) -> 1.5 | C12: =AVERAGE(adap_VicenteVidal!E:E) -> 0.38667059 | D12: =AVERAGE(adap_VicenteVidal!F:F) -> 5.8064882 | E12: =AVERAGE(adap_VicenteVidal!G:G) -> 6.4294824 | F12: =AVERAGE(adap_VicenteVidal!H:H) -> 5.2085118 | G12: =AVERAGE(adap_VicenteVidal!I:I) -> 64.647059 | H12: =AVERAGE(adap_VicenteVidal!J:J) -> 0.40117647 | I12: =AVERAGE(adap_VicenteVidal!K:K) -> 0.11764706 | J12: =AVERAGE(adap_VicenteVidal!L:L) -> 1.0588235 | K12: 13
A13: Jug12 | B13: =AVERAGE(adap_yo!D:D) -> 1.645 | C13: =AVERAGE(adap_yo!E:E) -> 0.49419 | D13: =AVERAGE(adap_yo!F:F) -> 6.18088 | E13: =AVERAGE(adap_yo!G:G) -> 7.11213 | F13: =AVERAGE(adap_yo!H:H) -> 5.21882 | G13: =AVERAGE(adap_yo!I:I) -> 88.8 | H13: =AVERAGE(adap_yo!J:J) -> 0.671 | I13: =AVERAGE(adap_yo!K:K) -> 0 | J13: =AVERAGE(adap_yo!L:L) -> 1 | K13: 14
