Workbook

Sheet adap_CataAguilar
A1: AttemptID | B1: StartTime | C1: Duration | D1: Efficiency | E1: ZigZag_Average | F1: Curvature_Normalized | G1: MaxLateralOffset | H1: LandingError | I1: TotalDistance | J1: VerticalOscillation | K1: EndedInDeath | L1: TargetAnchorName
A2: 2 | B2: 298.1518 | C2: 1.401428 | D2: 1 | E2: 2.188725 | F2: 11.76764 | G2: 0.2917937 | H2: 2.838581 | I2: 16.36758 | J2: 11.20393 | K2: 0 | L2: TargetAnchor1
A3: 2 | B3: 304.5855 | C3: 1.295166 | D3: 1 | E3: 1.453949 | F3: 6.642697 | G3: 0.2601654 | H3: 1.478704 | I3: 17.29147 | J3: 10.52559 | K3: 0 | L3: TargetAnchor2
A4: 2 | B4: 309.4798 | C4: 1.238556 | D4: 1 | E4: 1.53989 | F4: 6.61916 | G4: 0.2287985 | H4: 1.819219 | I4: 17.68073 | J4: 11.41799 | K4: 0 | L4: TargetAnchor3
A5: 2 | B5: 314.2285 | C5: 2.614441 | D5: 1 | E5: 1.125579 | F5: 3.337338 | G5: 0.687124 | H5: 10.06924 | I5: 45.19397 | J5: 34.32971 | K5: 1 | L5: TargetAnchor4
A6: 3 | B6: 321.7983 | C6: 1.321075 | D6: 1 | E6: 1.829749 | F6: 9.135905 | G6: 0.2478521 | H6: 2.936118 | I6: 17.02389 | J6: 10.14872 | K6: 0 | L6: TargetAnchor1
A7: 3 | B7: 334.3396 | C7: 1.037567 | D7: 1 | E7: 2.130154 | F7: 9.083786 | G7: 0.2269939 | H7: 3.342942 | I7: 13.13204 | J7: 7.320323 | K7: 0 | L7: TargetAnchor2
A8: 3 | B8: 339.9464 | C8: 1.285492 | D8: 1 | E8: 1.556552 | F8: 6.599963 | G8: 0.2498493 | H8: 0.9252481 | I8: 17.92403 | J8: 11.37408 | K8: 0 | L8: TargetAnchor3
A9: 3 | B9: 344.9172 | C9: 1.843414 | D9: 1 | E9: 1.526733 | F9: 5.003569 | G9: 0.5374835 | H9: 9.876228 | I9: 28.68211 | J9: 21.62615 | K9: 1 | L9: TargetAnchor4
A10: 4 | B10: 351.9601 | C10: 1.160583 | D10: 1 | E10: 1.775137 | F10: 9.356053 | G10: 0.2101313 | H10: 1.122627 | I10: 14.22986 | J10: 7.645452 | K10: 0 | L10: TargetAnchor1
A11: 4 | B11: 358.8313 | C11: 1.450806 | D11: 1 | E11: 1.596635 | F11: 7.008116 | G11: 0.2859909 | H11: 1.362436 | I11: 19.59308 | J11: 12.19105 | K11: 0 | L11: TargetAnchor2
A12: 4 | B12: 364.9905 | C12: 1.28653 | D12: 1 | E12: 1.640499 | F12: 7.665761 | G12: 0.2727918 | H12: 0.4126428 | I12: 16.69226 | J12: 9.753675 | K12: 0 | L12: TargetAnchor3
A13: 4 | B13: 370.256 | C13: 1.797943 | D13: 1 | E13: 1.758204 | F13: 7.242959 | G13: 0.3750111 | H13: 3.013117 | I13: 22.3327 | J13: 15.16744 | K13: 0 | L13: TargetAnchor4
... A56: 14 | B56: 664.5561 | C56: 1.158264 | D56: 0.999287 | E56: 2.13594 | F56: 7.789532 | G56: 0.4125275 | H56: 7.900095 | I56: 13.98453 | J56: 7.493258 | K56: 0 | L56: TargetAnchor8

Sheet adap_GonzaloCampos
A1: AttemptID | B1: StartTime | C1: Duration | D1: Efficiency | E1: ZigZag_Average | F1: Curvature_Normalized | G1: MaxLateralOffset | H1: LandingError | I1: TotalDistance | J1: VerticalOscillation | K1: EndedInDeath | L1: TargetAnchorName
A2: 1 | B2: 18.35781 | C2: 2.595526 | D2: 0.5988107 | E2: 1.285474 | F2: 5.219096 | G2: 0.7015668 | H2: 41.77193 | I2: 34.48228 | J2: 34.48228 | K2: 0 | L2: TargetAnchor1
A3: 1 | B3: 41.37061 | C3: 1.018623 | D3: 1 | E3: 2.065678 | F3: 10.03367 | G3: 0.222105 | H3: 1.694776 | I3: 11.3231 | J3: 4.985003 | K3: 0 | L3: TargetAnchor1
A4: 1 | B4: 45.72203 | C4: 2.904575 | D4: 0.9288696 | E4: 3.223086 | F4: 14.49859 | G4: 0.680389 | H4: 11.36094 | I4: 33.1232 | J4: 20.753 | K4: 1 | L4: TargetAnchor2
A5: 2 | B5: 54.81646 | C5: 1.419456 | D5: 1 | E5: 1.952677 | F5: 9.160774 | G5: 0.3129982 | H5: 2.221079 | I5: 16.62619 | J5: 9.324102 | K5: 0 | L5: TargetAnchor1
A6: 2 | B6: 65.08984 | C6: 1.366791 | D6: 1 | E6: 2.067147 | F6: 8.146135 | G6: 0.3235437 | H6: 0.4460554 | I6: 16.74803 | J6: 9.049826 | K6: 0 | L6: TargetAnchor2
A7: 2 | B7: 71.92123 | C7: 1.546677 | D7: 1 | E7: 2.89377 | F7: 14.19324 | G7: 0.2607121 | H7: 1.452016 | I7: 17.534 | J7: 7.123644 | K7: 0 | L7: TargetAnchor3
A8: 2 | B8: 74.62461 | C8: 1.181679 | D8: 0.8598452 | E8: 2.548291 | F8: 14.20883 | G8: 0.4277121 | H8: 32.08669 | I8: 12.01615 | J8: 8.312774 | K8: 1 | L8: TargetAnchor4
A9: 3 | B9: 89.12238 | C9: 0.9777069 | D9: 1 | E9: 2.035835 | F9: 9.748281 | G9: 0.2125316 | H9: 2.231735 | I9: 11.06854 | J9: 4.984787 | K9: 0 | L9: TargetAnchor1
A10: 3 | B10: 97.05019 | C10: 1.110191 | D10: 1 | E10: 2.299728 | F10: 10.15195 | G10: 0.2237235 | H10: 2.069484 | I10: 12.23265 | J10: 5.042848 | K10: 0 | L10: TargetAnchor2
A11: 3 | B11: 102.4229 | C11: 1.06797 | D11: 1 | E11: 2.269312 | F11: 9.507234 | G11: 0.2639663 | H11: 1.764741 | I11: 13.60551 | J11: 7.620603 | K11: 0 | L11: TargetAnchor3
A12: 3 | B12: 106.3452 | C12: 1.420746 | D12: 1 | E12: 1.698184 | F12: 6.227674 | G12: 0.3205048 | H12: 3.053445 | I12: 17.99712 | J12: 10.16569 | K12: 0 | L12: TargetAnchor4
A13: 3 | B13: 121.1083 | C13: 1.898109 | D13: 1 | E13: 1.709428 | F13: 6.604127 | G13: 0.3644805 | H13: 2.500712 | I13: 23.29581 | J13: 13.13024 | K13: 0 | L13: TargetAnchor5
... A22: 4 | B22: 226.8863 | C22: 1.404251 | D22: 1 | E22: 2.362916 | F22: 7.932814 | G22: 0.4233496 | H22: 7.726198 | I22: 16.38263 | J22: 8.280322 | K22: 0 | L22: TargetAnchor8

Sheet adap_IgnaciaDelgado
A1: AttemptID | B1: StartTime | C1: Duration | D1: Efficiency | E1: ZigZag_Average | F1: Curvature_Normalized | G1: MaxLateralOffset | H1: LandingError | I1: TotalDistance | J1: VerticalOscillation | K1: EndedInDeath | L1: TargetAnchorName
A2: 1 | B2: 220.372 | C2: 1.473465 | D2: 1 | E2: 1.911595 | F2: 9.086155 | G2: 0.2961752 | H2: 3.376104 | I2: 17.88276 | J2: 9.570338 | K2: 0 | L2: TargetAnchor1
A3: 1 | B3: 225.434 | C3: 1.834213 | D3: 1 | E3: 1.50912 | F3: 6.107347 | G3: 0.4134848 | H3: 2.497196 | I3: 25.2041 | J3: 17.62771 | K3: 0 | L3: TargetAnchor2
A4: 1 | B4: 230.7674 | C4: 1.815384 | D4: 1 | E4: 2.340454 | F4: 12.01846 | G4: 0.2712515 | H4: 1.407114 | I4: 20.837 | J4: 8.360095 | K4: 0 | L4: TargetAnchor3
A5: 1 | B5: 236.5563 | C5: 1.67424 | D5: 1 | E5: 1.868191 | F5: 6.756935 | G5: 0.3809192 | H5: 2.464884 | I5: 21.56583 | J5: 12.88362 | K5: 0 | L5: TargetAnchor4
A6: 1 | B6: 241.7016 | C6: 1.482376 | D6: 1 | E6: 2.01828 | F6: 7.934478 | G6: 0.3418499 | H6: 1.111875 | I6: 18.31452 | J6: 10.3204 | K6: 0 | L6: TargetAnchor5
A7: 1 | B7: 247.3964 | C7: 1.756882 | D7: 1 | E7: 1.595644 | F7: 6.038107 | G7: 0.3589771 | H7: 1.564782 | I7: 23.78361 | J7: 14.92201 | K7: 0 | L7: TargetAnchor6
A8: 1 | B8: 252.3119 | C8: 1.908661 | D8: 1 | E8: 1.656185 | F8: 7.395304 | G8: 0.3653428 | H8: 0.5738032 | I8: 24.85855 | J8: 13.90658 | K8: 0 | L8: TargetAnchor7
A9: 1 | B9: 259.6367 | C9: 0.255188 | D9: 0 | E9: 0.8472576 | F9: 1.161117 | G9: 0.596042 | H9: 24.63234 | I9: 5.837533 | J9: 5.245795 | K9: 1 | L9: TargetAnchor8
A10: 2 | B10: 267.387 | C10: 1.120605 | D10: 1 | E10: 1.868187 | F10: 9.272441 | G10: 0.2294968 | H10: 2.896259 | I10: 12.89455 | J10: 6.100561 | K10: 0 | L10: TargetAnchor1
A11: 2 | B11: 271.4442 | C11: 1.656982 | D11: 1 | E11: 1.835995 | F11: 8.1201 | G11: 0.3178874 | H11: 2.848041 | I11: 21.47997 | J11: 13.1833 | K11: 0 | L11: TargetAnchor2
A12: 2 | B12: 277.0303 | C12: 1.431732 | D12: 1 | E12: 1.536954 | F12: 6.706958 | G12: 0.3078251 | H12: 1.635714 | I12: 18.56181 | J12: 11.44729 | K12: 0 | L12: TargetAnchor3
A13: 2 | B13: 282.3501 | C13: 2.262329 | D13: 1 | E13: 2.304588 | F13: 9.299214 | G13: 0.357115 | H13: 2.739008 | I13: 27.5087 | J13: 14.1006 | K13: 0 | L13: TargetAnchor4
... A46: 8 | B46: 469.9289 | C46: 2.174896 | D46: 0.9719775 | E46: 2.306165 | F46: 5.802469 | G46: 0.5892555 | H46: 10.96768 | I46: 28.21863 | J46: 17.16619 | K46: 0 | L46: TargetAnchor8

Sheet adap_IsidoraToledo
A1: AttemptID | B1: StartTime | C1: Duration | D1: Efficiency | E1: ZigZag_Average | F1: Curvature_Normalized | G1: MaxLateralOffset | H1: LandingError | I1: TotalDistance | J1: VerticalOscillation | K1: EndedInDeath | L1: TargetAnchorName
A2: 1 | B2: 18.73582 | C2: 1.103287 | D2: 1 | E2: 2.428283 | F2: 10.31765 | G2: 0.2796445 | H2: 0.2110184 | I2: 12.23832 | J2: 6.528709 | K2: 0 | L2: TargetAnchor1
A3: 1 | B3: 27.35102 | C3: 1.300392 | D3: 1 | E3: 2.556437 | F3: 8.025812 | G3: 0.3421482 | H3: 0.9854323 | I3: 15.28929 | J3: 8.855015 | K3: 0 | L3: TargetAnchor2
A4: 1 | B4: 35.27235 | C4: 1.569046 | D4: 1 | E4: 1.861396 | F4: 7.725055 | G4: 0.4003171 | H4: 1.04803 | I4: 19.27645 | J4: 12.81581 | K4: 0 | L4: TargetAnchor3
A5: 1 | B5: 49.28994 | C5: 1.74818 | D5: 1 | E5: 1.861552 | F5: 5.642886 | G5: 0.4869148 | H5: 0.8605626 | I5: 22.43276 | J5: 13.36113 | K5: 0 | L5: TargetAnchor4
A6: 1 | B6: 60.21728 | C6: 1.493481 | D6: 1 | E6: 2.379147 | F6: 7.541066 | G6: 0.4592176 | H6: 0.2023231 | I6: 18.92953 | J6: 11.00427 | K6: 0 | L6: TargetAnchor5
A7: 1 | B7: 67.77722 | C7: 2.04348 | D7: 1 | E7: 1.77202 | F7: 5.553625 | G7: 0.4938499 | H7: 0.9951721 | I7: 27.75947 | J7: 18.5883 | K7: 0 | L7: TargetAnchor6
A8: 1 | B8: 85.87396 | C8: 1.753578 | D8: 1 | E8: 1.918583 | F8: 7.147394 | G8: 0.4407465 | H8: 0.6296775 | I8: 22.54821 | J8: 13.60276 | K8: 0 | L8: TargetAnchor7
A9: 1 | B9: 130.894 | C9: 2.349289 | D9: 0.8975726 | E9: 3.025845 | F9: 5.47357 | G9: 0.7006575 | H9: 10.34431 | I9: 28.74612 | J9: 19.12452 | K9: 0 | L9: TargetAnchor8

Sheet adap_JavierSalinas
A1: AttemptID | B1: StartTime | C1: Duration | D1: Efficiency | E1: ZigZag_Average | F1: Curvature_Normalized | G1: MaxLateralOffset | H1: LandingError | I1: TotalDistance | J1: VerticalOscillation | K1: EndedInDeath | L1: TargetAnchorName
A2: 24 | B2: 1070.684 | C2: 1.54126 | D2: 0.9423902 | E2: 4.29916 | F2: 12.18013 | G2: 0.3697398 | H2: 1.678551 | I2: 16.2364 | J2: 9.381611 | K2: 0 | L2: TargetAnchor1
A3: 24 | B3: 1074.754 | C3: 1.267578 | D3: 1 | E3: 3.020971 | F3: 8.092026 | G3: 0.3650072 | H3: 0.5239976 | I3: 14.18642 | J3: 6.966842 | K3: 0 | L3: TargetAnchor2
A4: 24 | B4: 1077.404 | C4: 1.154419 | D4: 1 | E4: 5.983754 | F4: 12.17238 | G4: 0.7009527 | H4: 9.18203 | I4: 17.20545 | J4: 12.25895 | K4: 1 | L4: TargetAnchor3
A5: 25 | B5: 1084.297 | C5: 1.459595 | D5: 1 | E5: 3.23691 | F5: 9.50672 | G5: 0.419798 | H5: 0.9862384 | I5: 15.32189 | J5: 8.141773 | K5: 0 | L5: TargetAnchor1
A6: 25 | B6: 1087.532 | C6: 1.005737 | D6: 1 | E6: 3.327882 | F6: 7.805716 | G6: 0.2601801 | H6: 2.964284 | I6: 10.65848 | J6: 4.11237 | K6: 0 | L6: TargetAnchor2
A7: 25 | B7: 1090.466 | C7: 1.478516 | D7: 1 | E7: 2.879996 | F7: 6.163738 | G7: 0.8432813 | H7: 9.230947 | I7: 21.02617 | J7: 13.65626 | K7: 1 | L7: TargetAnchor3
A8: 26 | B8: 1117.916 | C8: 1.950562 | D8: 1 | E8: 2.154783 | F8: 4.670921 | G8: 0.8766353 | H8: 13.8751 | I8: 28.60176 | J8: 19.02019 | K8: 1 | L8: TargetAnchor1
A9: 27 | B9: 1124.792 | C9: 1.48584 | D9: 1 | E9: 3.5753 | F9: 10.00193 | G9: 0.4786175 | H9: 1.05103 | I9: 16.44321 | J9: 8.467149 | K9: 0 | L9: TargetAnchor1
A10: 27 | B10: 1128.453 | C10: 1.504883 | D10: 1 | E10: 2.694919 | F10: 6.57363 | G10: 0.4901604 | H10: 2.976493 | I10: 18.0382 | J10: 9.639503 | K10: 0 | L10: TargetAnchor2
A11: 27 | B11: 1132.504 | C11: 1.4198 | D11: 1 | E11: 3.121654 | F11: 8.377216 | G11: 0.4280989 | H11: 1.197421 | I11: 16.02336 | J11: 7.977677 | K11: 0 | L11: TargetAnchor3
A12: 27 | B12: 1139.788 | C12: 1.923462 | D12: 1 | E12: 2.820762 | F12: 6.307028 | G12: 0.6695485 | H12: 0.7207071 | I12: 23.25653 | J12: 13.77934 | K12: 0 | L12: TargetAnchor4
A13: 27 | B13: 1148.973 | C13: 1.705444 | D13: 1 | E13: 3.946889 | F13: 9.464827 | G13: 0.619313 | H13: 1.14471 | I13: 19.59928 | J13: 10.48058 | K13: 0 | L13: TargetAnchor5
... A37: 32 | B37: 1284.806 | C37: 2.327881 | D37: 0.9965858 | E37: 3.82119 | F37: 5.051713 | G37: 0.9359214 | H37: 9.855461 | I37: 27.98734 | J37: 15.01956 | K37: 0 | L37: TargetAnchor8

Sheet adap_MariannaMaregatti
A1: AttemptID | B1: StartTime | C1: Duration | D1: Efficiency | E1: ZigZag_Average | F1: Curvature_Normalized | G1: MaxLateralOffset | H1: LandingError | I1: TotalDistance | J1: VerticalOscillation | K1: EndedInDeath | L1: TargetAnchorName
A2: 14 | B2: 833.8635 | C2: 1.231689 | D2: 1 | E2: 2.848933 | F2: 7.078369 | G2: 0.429046 | H2: 0.9193733 | I2: 15.29441 | J2: 8.632818 | K2: 0 | L2: TargetAnchor1
A3: 14 | B3: 836.4225 | C3: 0.9139404 | D3: 1 | E3: 6.262865 | F3: 19.98018 | G3: 0.3410863 | H3: 23.15708 | I3: 8.463256 | J3: 4.537551 | K3: 0 | L3: TargetAnchor2
A4: 14 | B4: 842.8615 | C4: 1.301758 | D4: 1 | E4: 3.935817 | F4: 9.733212 | G4: 0.4585599 | H4: 2.081011 | I4: 15.36605 | J4: 8.016818 | K4: 0 | L4: TargetAnchor2
A5: 14 | B5: 847.885 | C5: 4.208923 | D5: 0.7240281 | E5: 5.179927 | F5: 12.76649 | G5: 0.6697975 | H5: 10.27521 | I5: 54.3697 | J5: 33.46775 | K5: 1 | L5: TargetAnchor3
A6: 15 | B6: 859.7626 | C6: 1.205872 | D6: 1 | E6: 3.161942 | F6: 8.03367 | G6: 0.4473869 | H6: 2.90242 | I6: 14.56269 | J6: 7.799241 | K6: 0 | L6: TargetAnchor1
A7: 15 | B7: 864.3683 | C7: 1.999146 | D7: 1 | E7: 4.005329 | F7: 10.82665 | G7: 0.4347676 | H7: 1.577294 | I7: 22.56701 | J7: 9.398194 | K7: 0 | L7: TargetAnchor2
A8: 15 | B8: 867.9466 | C8: 0.666748 | D8: 1 | E8: 7.17307 | F8: 26.76675 | G8: 0.3383606 | H8: 25.40083 | I8: 5.359686 | J8: 2.198721 | K8: 1 | L8: TargetAnchor3
A9: 16 | B9: 876.2564 | C9: 2.284668 | D9: 1 | E9: 2.408101 | F9: 5.100337 | G9: 0.9571309 | H9: 10.27033 | I9: 33.99448 | J9: 23.45953 | K9: 1 | L9: TargetAnchor1
A10: 17 | B10: 885.4324 | C10: 0.1083984 | D10: 0 | E10: 0.3636625 | F10: 0.3588836 | G10: 0.7183518 | H10: 35.58869 | I10: 2.026633 | J10: 2.010663 | K10: 1 | L10: TargetAnchor1
A11: 18 | B11: 896.0568 | C11: 0.104248 | D11: 0 | E11: 12.09147 | F11: 20.04251 | G11: 0.3685031 | H11: 31.26892 | I11: 0.6032912 | J11: 0.573319 | K11: 0 | L11: TargetAnchor1
A12: 18 | B12: 898.6757 | C12: 0.6077271 | D12: 1 | E12: 5.606385 | F12: 14.50972 | G12: 0.4213162 | H12: 28.72864 | I12: 6.182211 | J12: 3.191508 | K12: 0 | L12: TargetAnchor1
A13: 18 | B13: 900.425 | C13: 0.9515381 | D13: 0.9915855 | E13: 7.215232 | F13: 17.66242 | G13: 0.5330316 | H13: 32.08616 | I13: 10.21269 | J13: 6.394394 | K13: 0 | L13: TargetAnchor1
... A30: 21 | B30: 1047.309 | C30: 1.954346 | D30: 0.9678974 | E30: 3.28032 | F30: 4.843147 | G30: 1.213147 | H30: 10.70589 | I30: 26.41516 | J30: 17.12048 | K30: 0 | L30: TargetAnchor8

Sheet adap_SebastianRatto
A1: AttemptID | B1: StartTime | C1: Duration | D1: Efficiency | E1: ZigZag_Average | F1: Curvature_Normalized | G1: MaxLateralOffset | H1: LandingError | I1: TotalDistance | J1: VerticalOscillation | K1: EndedInDeath | L1: TargetAnchorName
A2: 2 | B2: 347.1992 | C2: 2.534851 | D2: 0.7637997 | E2: 8.464773 | F2: 15.12994 | G2: 0.9912501 | H2: 1.291782 | I2: 25.73569 | J2: 17.96738 | K2: 0 | L2: TargetAnchor1
A3: 2 | B3: 352.8881 | C3: 0.9898071 | D3: 1 | E3: 5.778107 | F3: 11.95689 | G3: 0.4159536 | H3: 1.645986 | I3: 10.63139 | J3: 4.950111 | K3: 0 | L3: TargetAnchor2
A4: 2 | B4: 355.8376 | C4: 1.077179 | D4: 1 | E4: 5.421371 | F4: 9.094401 | G4: 0.4425922 | H4: 0.490935 | I4: 11.92244 | J4: 5.744295 | K4: 0 | L4: TargetAnchor3
A5: 2 | B5: 358.8912 | C5: 1.386597 | D5: 1 | E5: 3.760211 | F5: 6.66044 | G5: 0.6239103 | H5: 2.324777 | I5: 16.37221 | J5: 8.5014 | K5: 0 | L5: TargetAnchor4
A6: 2 | B6: 362.3957 | C6: 1.463013 | D6: 1 | E6: 7.944634 | F6: 14.9008 | G6: 0.8477197 | H6: 9.393795 | I6: 17.59456 | J6: 11.2915 | K6: 1 | L6: TargetAnchor5
A7: 3 | B7: 371.2794 | C7: 1.491516 | D7: 0.9969977 | E7: 4.772458 | F7: 10.9704 | G7: 0.6013241 | H7: 1.868659 | I7: 14.35601 | J7: 8.037062 | K7: 0 | L7: TargetAnchor1
A8: 3 | B8: 378.496 | C8: 1.068573 | D8: 1 | E8: 4.087695 | F8: 7.875152 | G8: 0.4760062 | H8: 1.13829 | I8: 11.93843 | J8: 5.530275 | K8: 0 | L8: TargetAnchor2
A9: 3 | B9: 381.2273 | C9: 1.444519 | D9: 1 | E9: 6.929533 | F9: 13.37497 | G9: 0.7809321 | H9: 9.330898 | I9: 18.13339 | J9: 12.03195 | K9: 1 | L9: TargetAnchor3
A10: 4 | B10: 388.6557 | C10: 1.225952 | D10: 1 | E10: 3.634678 | F10: 7.251673 | G10: 0.5124277 | H10: 0.9225948 | I10: 14.53536 | J10: 7.65804 | K10: 0 | L10: TargetAnchor1
A11: 4 | B11: 393.8311 | C11: 1.272095 | D11: 1 | E11: 4.554039 | F11: 8.727315 | G11: 0.5108211 | H11: 0.1263142 | I11: 14.6108 | J11: 7.434163 | K11: 0 | L11: TargetAnchor2
A12: 4 | B12: 397.1306 | C12: 1.428009 | D12: 1 | E12: 4.947469 | F12: 9.360077 | G12: 0.6197577 | H12: 0.1653206 | I12: 16.91428 | J12: 9.693099 | K12: 0 | L12: TargetAnchor3
A13: 4 | B13: 401.2545 | C13: 2.259155 | D13: 0.9475654 | E13: 3.997889 | F13: 6.184143 | G13: 0.8449318 | H13: 1.854721 | I13: 29.09134 | J13: 19.60468 | K13: 0 | L13: TargetAnchor4
... A17: 4 | B17: 429.9168 | C17: 1.922974 | D17: 0.9826651 | E17: 4.61248 | F17: 5.199246 | G17: 1.008551 | H17: 10.51754 | I17: 23.95289 | J17: 14.0707 | K17: 0 | L17: TargetAnchor8

Sheet adap_SofiaVidal
A1: AttemptID | B1: StartTime | C1: Duration | D1: Efficiency | E1: ZigZag_Average | F1: Curvature_Normalized | G1: MaxLateralOffset | H1: LandingError | I1: TotalDistance | J1: VerticalOscillation | K1: EndedInDeath | L1: TargetAnchorName
A2: 29 | B2: 1704.03 | C2: 1.826538 | D2: 0.9909636 | E2: 1.147163 | F2: 5.388417 | G2: 0.3680203 | H2: 11.58117 | I2: 25.97309 | J2: 17.15018 | K2: 1 | L2: TargetAnchor1
A3: 30 | B3: 1720.13 | C3: 1.062134 | D3: 1 | E3: 1.728202 | F3: 8.897079 | G3: 0.2228426 | H3: 0.9324434 | I3: 13.01433 | J3: 7.49616 | K3: 0 | L3: TargetAnchor1
A4: 30 | B4: 1730.781 | C4: 1.83252 | D4: 1 | E4: 1.262173 | F4: 5.053827 | G4: 0.5438192 | H4: 11.33001 | I4: 27.22231 | J4: 23.81618 | K4: 1 | L4: TargetAnchor2
A5: 31 | B5: 1745.51 | C5: 0.9786377 | D5: 1 | E5: 1.527167 | F5: 8.173868 | G5: 0.1894027 | H5: 0.5328307 | I5: 12.14429 | J5: 6.51454 | K5: 0 | L5: TargetAnchor1
A6: 31 | B6: 1752.154 | C6: 0.9642334 | D6: 1 | E6: 2.366165 | F6: 9.496268 | G6: 0.2444092 | H6: 4.185471 | I6: 11.96006 | J6: 6.451306 | K6: 0 | L6: TargetAnchor2
A7: 31 | B7: 1780.497 | C7: 1.03418 | D7: 1 | E7: 1.90085 | F7: 8.180472 | G7: 0.2090136 | H7: 2.211534 | I7: 14.17422 | J7: 8.712859 | K7: 0 | L7: TargetAnchor3
A8: 32 | B8: 1788.06 | C8: 1.516357 | D8: 1 | E8: 2.192066 | F8: 15.36091 | G8: 0.1862998 | H8: 1.548304 | I8: 13.98501 | J8: 7.607011 | K8: 0 | L8: TargetAnchor1
A9: 32 | B9: 1793.494 | C9: 1.232788 | D9: 1 | E9: 1.847322 | F9: 8.900228 | G9: 0.237984 | H9: 1.150949 | I9: 14.94424 | J9: 7.958177 | K9: 0 | L9: TargetAnchor2
A10: 32 | B10: 1796.712 | C10: 1.773193 | D10: 1 | E10: 2.402125 | F10: 11.5964 | G10: 0.3421173 | H10: 11.00965 | I10: 23.20014 | J10: 13.4151 | K10: 1 | L10: TargetAnchor3
A11: 33 | B11: 1804.308 | C11: 1.124023 | D11: 0.8067612 | E11: 5.129247 | F11: 42.68116 | G11: 0.3360802 | H11: 9.612513 | I11: 8.412313 | J11: 3.105618 | K11: 1 | L11: TargetAnchor1
A12: 34 | B12: 1815.346 | C12: 1.11792 | D12: 1 | E12: 1.510675 | F12: 7.410324 | G12: 0.2136146 | H12: 1.169179 | I12: 14.0664 | J12: 7.859936 | K12: 0 | L12: TargetAnchor1
A13: 34 | B13: 1821.546 | C13: 1.251831 | D13: 1 | E13: 1.809795 | F13: 6.608629 | G13: 0.2993827 | H13: 1.486151 | I13: 16.9789 | J13: 10.49703 | K13: 0 | L13: TargetAnchor2
... A30: 37 | B30: 1957.158 | C30: 1.672485 | D30: 0.9623671 | E30: 1.97026 | F30: 5.550679 | G30: 0.4113327 | H30: 9.766379 | I30: 21.65246 | J30: 13.12024 | K30: 0 | L30: TargetAnchor8

Sheet adap_VicenteOlguin
A1: AttemptID | B1: StartTime | C1: Duration | D1: Efficiency | E1: ZigZag_Average | F1: Curvature_Normalized | G1: MaxLateralOffset | H1: LandingError | I1: TotalDistance | J1: VerticalOscillation | K1: EndedInDeath | L1: TargetAnchorName
A2: 2 | B2: 305.3533 | C2: 1.418182 | D2: 1 | E2: 1.670347 | F2: 8.912417 | G2: 0.2379215 | H2: 0.8180467 | I2: 15.93052 | J2: 8.463619 | K2: 0 | L2: TargetAnchor1
A3: 2 | B3: 310.5591 | C3: 1.538361 | D3: 1 | E3: 1.580835 | F3: 6.486309 | G3: 0.3013022 | H3: 1.880021 | I3: 18.76634 | J3: 9.998281 | K3: 0 | L3: TargetAnchor2
A4: 2 | B4: 314.0618 | C4: 1.56076 | D4: 1 | E4: 2.593063 | F4: 13.84772 | G4: 0.2306402 | H4: 2.320536 | I4: 16.66575 | J4: 5.584063 | K4: 0 | L4: TargetAnchor3
A5: 2 | B5: 319.2938 | C5: 1.732697 | D5: 1 | E5: 3.1445 | F5: 14.13956 | G5: 0.1573124 | H5: 1.202259 | I5: 18.45839 | J5: 5.527249 | K5: 0 | L5: TargetAnchor4
A6: 2 | B6: 324.8433 | C6: 1.524414 | D6: 1 | E6: 2.338679 | F6: 10.41756 | G6: 0.2276116 | H6: 1.22311 | I6: 16.61255 | J6: 5.558784 | K6: 0 | L6: TargetAnchor5
A7: 2 | B7: 328.4117 | C7: 1.928497 | D7: 1 | E7: 2.141589 | F7: 11.57672 | G7: 0.1768061 | H7: 0.7100103 | I7: 20.53401 | J7: 5.993593 | K7: 0 | L7: TargetAnchor6
A8: 2 | B8: 334.431 | C8: 1.878265 | D8: 1 | E8: 2.429025 | F8: 13.52995 | G8: 0.1656344 | H8: 0.9945719 | I8: 20.1073 | J8: 6.163638 | K8: 0 | L8: TargetAnchor7
A9: 2 | B9: 338.7572 | C9: 1.932983 | D9: 0.4997037 | E9: 2.554992 | F9: 5.64702 | G9: 0.6277766 | H9: 23.71584 | I9: 28.50433 | J9: 21.31644 | K9: 1 | L9: TargetAnchor8
A10: 3 | B10: 346.0249 | C10: 2.08667 | D10: 0.9456239 | E10: 1.512792 | F10: 6.632053 | G10: 0.4408139 | H10: 10.14315 | I10: 29.8815 | J10: 21.96969 | K10: 1 | L10: TargetAnchor1
A11: 4 | B11: 353.5887 | C11: 1.4245 | D11: 1 | E11: 1.709353 | F11: 9.192028 | G11: 0.2215322 | H11: 1.07837 | I11: 15.80663 | J11: 8.53196 | K11: 0 | L11: TargetAnchor1
A12: 4 | B12: 357.6261 | C12: 1.37854 | D12: 1 | E12: 2.36611 | F12: 11.58776 | G12: 0.180894 | H12: 0.4487254 | I12: 14.9059 | J12: 4.884214 | K12: 0 | L12: TargetAnchor2
A13: 4 | B13: 360.9531 | C13: 1.751862 | D13: 1 | E13: 2.022264 | F13: 10.39873 | G13: 0.2261722 | H13: 1.82258 | I13: 19.6417 | J13: 8.101682 | K13: 0 | L13: TargetAnchor3
... A34: 7 | B34: 468.5836 | C34: 2.111023 | D34: 0.9736605 | E34: 2.126649 | F34: 5.777871 | G34: 0.5847239 | H34: 11.39192 | I34: 27.6051 | J34: 16.9866 | K34: 0 | L34: TargetAnchor8

Sheet adap_VicenteQuintana
A1: AttemptID | B1: StartTime | C1: Duration | D1: Efficiency | E1: ZigZag_Average | F1: Curvature_Normalized | G1: MaxLateralOffset | H1: LandingError | I1: TotalDistance | J1: VerticalOscillation | K1: EndedInDeath | L1: TargetAnchorName
A2: 4 | B2: 258.8467 | C2: 0.7587585 | D2: 1 | E2: 4.687493 | F2: 14.03272 | G2: 0.1091335 | H2: 3.417337 | I2: 7.348885 | J2: 0.7579584 | K2: 0 | L2: TargetAnchor1
A3: 4 | B3: 262.9664 | C3: 0.6124573 | D3: 1 | E3: 3.298431 | F3: 9.650958 | G3: 0.05024634 | H3: 3.32321 | I3: 5.810132 | J3: 0.4378633 | K3: 0 | L3: TargetAnchor2
A4: 4 | B4: 265.6629 | C4: 0.9786987 | D4: 1 | E4: 5.884185 | F4: 16.67589 | G4: 0.3690154 | H4: 2.379759 | I4: 10.23282 | J4: 2.817465 | K4: 0 | L4: TargetAnchor3
A5: 4 | B5: 270.1901 | C5: 1.885681 | D5: 0.9914647 | E5: 9.062557 | F5: 32.17445 | G5: 0.3513934 | H5: 3.677691 | I5: 14.92848 | J5: 4.729058 | K5: 0 | L5: TargetAnchor4
A6: 4 | B6: 275.8396 | C6: 1.419922 | D6: 1 | E6: 4.015638 | F6: 11.65214 | G6: 0.2302819 | H6: 1.455919 | I6: 14.47432 | J6: 3.612218 | K6: 0 | L6: TargetAnchor5
A7: 4 | B7: 280.1179 | C7: 0.9026794 | D7: 1 | E7: 2.678449 | F7: 5.772115 | G7: 0.1221949 | H7: 1.10007 | I7: 12.06485 | J7: 1.021236 | K7: 0 | L7: TargetAnchor6
A8: 4 | B8: 283.7399 | C8: 1.944855 | D8: 1 | E8: 3.902886 | F8: 10.71272 | G8: 0.5002218 | H8: 1.240471 | I8: 20.76639 | J8: 8.995381 | K8: 0 | L8: TargetAnchor7
A9: 4 | B9: 289.3236 | C9: 1.304535 | D9: 0.9942072 | E9: 7.585035 | F9: 12.39786 | G9: 0.7690139 | H9: 11.8606 | I9: 14.07144 | J9: 7.178708 | K9: 0 | L9: TargetAnchor8

Sheet adap_VicenteVidal
A1: AttemptID | B1: StartTime | C1: Duration | D1: Efficiency | E1: ZigZag_Average | F1: Curvature_Normalized | G1: MaxLateralOffset | H1: LandingError | I1: TotalDistance | J1: VerticalOscillation | K1: EndedInDeath | L1: TargetAnchorName
A2: 4 | B2: 179.2491 | C2: 1.275833 | D2: 0.7489659 | E2: 7.105891 | F2: 73.26286 | G2: 0.2379836 | H2: 25.68943 | I2: 7.371371 | J2: 5.626599 | K2: 1 | L2: TargetAnchor1
A3: 5 | B3: 189.0849 | C3: 1.986633 | D3: 0 | E3: 2.015177 | F3: 12.23183 | G3: 0.3723415 | H3: 135.8728 | I3: 18.61659 | J3: 14.41744 | K3: 0 | L3: TargetAnchor1
A4: 5 | B4: 193.6367 | C4: 2.450836 | D4: 0.2799536 | E4: 1.729062 | F4: 5.165316 | G4: 0.6905625 | H4: 127.0216 | I4: 31.80075 | J4: 28.79478 | K4: 0 | L4: TargetAnchor1
A5: 5 | B5: 198.4473 | C5: 1.723267 | D5: 0.2291112 | E5: 1.477712 | F5: 9.110285 | G5: 0.215586 | H5: 135.0686 | I5: 16.54467 | J5: 11.23491 | K5: 0 | L5: TargetAnchor1
A6: 5 | B6: 203.7151 | C6: 1.650406 | D6: 0.4676605 | E6: 2.377278 | F6: 13.17216 | G6: 0.3314906 | H6: 125.8203 | I6: 17.32584 | J6: 11.0622 | K6: 0 | L6: TargetAnchor1
A7: 5 | B7: 207.9057 | C7: 1.615936 | D7: 1 | E7: 2.510299 | F7: 9.730893 | G7: 0.4039191 | H7: 100.8808 | I7: 22.1856 | J7: 12.71902 | K7: 0 | L7: TargetAnchor1
A8: 5 | B8: 214.379 | C8: 1.478439 | D8: 0.9767659 | E8: 1.467526 | F8: 7.629827 | G8: 0.2398772 | H8: 86.29806 | I8: 16.15662 | J8: 11.0201 | K8: 0 | L8: TargetAnchor1
A9: 5 | B9: 220.8573 | C9: 2.183746 | D9: 1 | E9: 2.471724 | F9: 9.51181 | G9: 0.2856261 | H9: 50.46183 | I9: 26.76542 | J9: 13.65368 | K9: 0 | L9: TargetAnchor1
A10: 5 | B10: 226.3257 | C10: 2.865585 | D10: 1 | E10: 2.245391 | F10: 9.632681 | G10: 0.4827567 | H10: 38.10496 | I10: 36.59692 | J10: 20.76735 | K10: 0 | L10: TargetAnchor1
A11: 5 | B11: 232.9599 | C11: 1.20105 | D11: 1 | E11: 1.566917 | F11: 9.50083 | G11: 0.1548275 | H11: 1.508293 | I11: 12.53424 | J11: 5.312694 | K11: 0 | L11: TargetAnchor1
A12: 5 | B12: 236.1927 | C12: 1.071106 | D12: 1 | E12: 2.459807 | F12: 12.95475 | G12: 0.2487493 | H12: 4.01918 | I12: 11.58249 | J12: 6.886962 | K12: 0 | L12: TargetAnchor2
A13: 5 | B13: 239.9191 | C13: 1.229645 | D13: 1 | E13: 1.721961 | F13: 6.367457 | G13: 0.6420302 | H13: 9.265653 | I13: 18.65978 | J13: 13.31589 | K13: 1 | L13: TargetAnchor3
... A37: 9 | B37: 363.0233 | C37: 2.318329 | D37: 0.9711926 | E37: 2.640638 | F37: 8.536255 | G37: 0.382106 | H37: 9.923881 | I37: 25.3662 | J37: 14.62824 | K37: 0 | L37: TargetAnchor8

Sheet adap_yo
A1: AttemptID | B1: StartTime | C1: Duration | D1: Efficiency | E1: ZigZag_Average | F1: Curvature_Normalized | G1: MaxLateralOffset | H1: LandingError | I1: TotalDistance | J1: VerticalOscillation | K1: EndedInDeath | L1: TargetAnchorName
A2: 1 | B2: 161.4061 | C2: 1.552078 | D2: 1 | E2: 3.084049 | F2: 8.016164 | G2: 0.3345915 | H2: 0.907554 | I2: 16.15861 | J2: 4.716994 | K2: 0 | L2: TargetAnchor1
A3: 1 | B3: 165.5255 | C3: 1.289536 | D3: 1 | E3: 3.728484 | F3: 9.56439 | G3: 0.347694 | H3: 3.571621 | I3: 13.64404 | J3: 4.631693 | K3: 0 | L3: TargetAnchor2
A4: 1 | B4: 168.7925 | C4: 1.409897 | D4: 1 | E4: 4.592627 | F4: 11.83653 | G4: 0.3645754 | H4: 2.738678 | I4: 14.74418 | J4: 4.555902 | K4: 0 | L4: TargetAnchor3
A5: 1 | B5: 173.1244 | C5: 1.9561 | D5: 1 | E5: 4.212348 | F5: 11.18023 | G5: 0.307457 | H5: 0.3541208 | I5: 19.96867 | J5: 4.11696 | K5: 0 | L5: TargetAnchor4
A6: 1 | B6: 177.2272 | C6: 1.662766 | D6: 1 | E6: 3.556406 | F6: 9.212229 | G6: 0.3399117 | H6: 0.423281 | I6: 17.37237 | J6: 5.085608 | K6: 0 | L6: TargetAnchor5
A7: 1 | B7: 180.6363 | C7: 1.228867 | D7: 1 | E7: 3.415262 | F7: 6.558676 | G7: 0.7799167 | H7: 11.87089 | I7: 17.70462 | J7: 10.80044 | K7: 1 | L7: TargetAnchor6
A8: 2 | B8: 186.6121 | C8: 1.229004 | D8: 1 | E8: 3.254732 | F8: 8.372217 | G8: 0.3007499 | H8: 0.462451 | I8: 12.82888 | J8: 4.231123 | K8: 0 | L8: TargetAnchor1
A9: 2 | B9: 190.0964 | C9: 1.281937 | D9: 1 | E9: 3.335037 | F9: 7.924806 | G9: 0.4383707 | H9: 1.075175 | I9: 14.3084 | J9: 6.222341 | K9: 0 | L9: TargetAnchor2
A10: 2 | B10: 194.4665 | C10: 1.293823 | D10: 1 | E10: 3.814209 | F10: 10.30326 | G10: 0.2110702 | H10: 1.614652 | I10: 12.9568 | J10: 2.609019 | K10: 0 | L10: TargetAnchor3
A11: 2 | B11: 198.0647 | C11: 1.86937 | D11: 1 | E11: 3.578087 | F11: 9.387189 | G11: 0.4058226 | H11: 0.9782764 | I11: 19.43952 | J11: 5.129649 | K11: 0 | L11: TargetAnchor4
A12: 2 | B12: 202.376 | C12: 1.67009 | D12: 1 | E12: 4.851531 | F12: 13.17533 | G12: 0.2883371 | H12: 0.7255594 | I12: 16.93851 | J12: 3.567022 | K12: 0 | L12: TargetAnchor5
A13: 2 | B13: 205.9724 | C13: 1.41655 | D13: 1 | E13: 4.485251 | F13: 9.526408 | G13: 0.3436291 | H13: 3.243734 | I13: 17.89127 | J13: 4.123153 | K13: 0 | L13: TargetAnchor6
... A15: 2 | B15: 215.4318 | C15: 1.775909 | D15: 1 | E15: 3.561749 | F15: 5.725772 | G15: 0.5917215 | H15: 11.0547 | I15: 26.12634 | J15: 6.427105 | K15: 0 | L15: TargetAnchor8

Sheet Thresholds
B1: Duration | C1: Efficiency | D1: ZigZag_Average | E1: Curvature_Normalized | F1: MaxLateralOffset | G1: LandingError | H1: TotalDistance | I1: VerticalOscillation | J1: EndedInDeath | K1: AbandonoPilar
A2: jug1 | B2: =AVERAGE(adap_CataAguilar!C:C) -> 1.5043112 | C2: =AVERAGE(adap_CataAguilar!D:D) -> 0.98131742 | D2: =AVERAGE(adap_CataAguilar!E:E) -> 1.7394978 | E2: =AVERAGE(adap_CataAguilar!F:F) -> 7.3200407 | F2: =AVERAGE(adap_CataAguilar!G:G) -> 0.3283818 | G2: =AVERAGE(adap_CataAguilar!H:H) -> 3.3733009 | H2: =AVERAGE(adap_CataAguilar!I:I) -> 21.042915 | I2: =AVERAGE(adap_CataAguilar!J:J) -> 13.583481 | J2: =AVERAGE(adap_CataAguilar!K:K) -> 0.14545455 | K2: 0
A3: jug2 | B3: =AVERAGE(adap_GonzaloCampos!C:C) -> 1.5261365 | C3: =AVERAGE(adap_GonzaloCampos!D:D) -> 0.96123687 | D3: =AVERAGE(adap_GonzaloCampos!E:E) -> 2.0758705 | E3: =AVERAGE(adap_GonzaloCampos!F:F) -> 8.8525201 | F3: =AVERAGE(adap_GonzaloCampos!G:G) -> 0.35605424 | G3: =AVERAGE(adap_GonzaloCampos!H:H) -> 7.345229 | H3: =AVERAGE(adap_GonzaloCampos!I:I) -> 18.584646 | I3: =AVERAGE(adap_GonzaloCampos!J:J) -> 11.012522 | J3: =AVERAGE(adap_GonzaloCampos!K:K) -> 0.19047619 | K3: 0
A4: jug3 | B4: =AVERAGE(adap_IgnaciaDelgado!C:C) -> 1.6698682 | C4: =AVERAGE(adap_IgnaciaDelgado!D:D) -> 0.96337482 | D4: =AVERAGE(adap_IgnaciaDelgado!E:E) -> 1.9692593 | E4: =AVERAGE(adap_IgnaciaDelgado!F:F) -> 8.6219757 | F4: =AVERAGE(adap_IgnaciaDelgado!G:G) -> 0.3455801 | G4: =AVERAGE(adap_IgnaciaDelgado!H:H) -> 4.1143858 | H4: =AVERAGE(adap_IgnaciaDelgado!I:I) -> 20.817789 | I4: =AVERAGE(adap_IgnaciaDelgado!J:J) -> 12.143185 | J4: =AVERAGE(adap_IgnaciaDelgado!K:K) -> 0.13333333 | K4: 0
A5: jug4 | B5: =AVERAGE(adap_IsidoraToledo!C:C) -> 1.6700916 | C5: =AVERAGE(adap_IsidoraToledo!D:D) -> 0.98719658 | D5: =AVERAGE(adap_IsidoraToledo!E:E) -> 2.2254079 | E5: =AVERAGE(adap_IsidoraToledo!F:F) -> 7.1783823 | F5: =AVERAGE(adap_IsidoraToledo!G:G) -> 0.45043701 | G5: =AVERAGE(adap_IsidoraToledo!H:H) -> 1.9095658 | H5: =AVERAGE(adap_IsidoraToledo!I:I) -> 20.902519 | I5: =AVERAGE(adap_IsidoraToledo!J:J) -> 12.985064 | J5: =AVERAGE(adap_IsidoraToledo!K:K) -> 0 | K5: 0
A6: jug5 | B6: =AVERAGE(adap_JavierSalinas!C:C) -> 1.5287849 | C6: =AVERAGE(adap_JavierSalinas!D:D) -> 0.99809525 | D6: =AVERAGE(adap_JavierSalinas!E:E) -> 3.5587959 | E6: =AVERAGE(adap_JavierSalinas!F:F) -> 8.670547 | F6: =AVERAGE(adap_JavierSalinas!G:G) -> 0.53449916 | G6: =AVERAGE(adap_JavierSalinas!H:H) -> 3.6656351 | H6: =AVERAGE(adap_JavierSalinas!I:I) -> 18.345054 | I6: =AVERAGE(adap_JavierSalinas!J:J) -> 10.23273 | J6: =AVERAGE(adap_JavierSalinas!K:K) -> 0.19444444 | K6: 0
A7: jug6 | B7: =AVERAGE(adap_MariannaMaregatti!C:C) -> 1.5117272 | C7: =AVERAGE(adap_MariannaMaregatti!D:D) -> 0.91807136 | D7: =AVERAGE(adap_MariannaMaregatti!E:E) -> 4.1194834 | E7: =AVERAGE(adap_MariannaMaregatti!F:F) -> 9.8366723 | F7: =AVERAGE(adap_MariannaMaregatti!G:G) -> 0.5681055 | G7: =AVERAGE(adap_MariannaMaregatti!H:H) -> 9.0418109 | H7: =AVERAGE(adap_MariannaMaregatti!I:I) -> 18.972268 | I7: =AVERAGE(adap_MariannaMaregatti!J:J) -> 11.371558 | J7: =AVERAGE(adap_MariannaMaregatti!K:K) -> 0.20689655 | K7: 0
A8: jug7 | B8: =AVERAGE(adap_SebastianRatto!C:C) -> 1.7352067 | C8: =AVERAGE(adap_SebastianRatto!D:D) -> 0.9710267 | D8: =AVERAGE(adap_SebastianRatto!E:E) -> 5.5935296 | E8: =AVERAGE(adap_SebastianRatto!F:F) -> 10.572733 | F8: =AVERAGE(adap_SebastianRatto!G:G) -> 0.69898549 | G8: =AVERAGE(adap_SebastianRatto!H:H) -> 2.8894868 | H8: =AVERAGE(adap_SebastianRatto!I:I) -> 19.741751 | I8: =AVERAGE(adap_SebastianRatto!J:J) -> 11.948935 | J8: =AVERAGE(adap_SebastianRatto!K:K) -> 0.125 | K8: 0
A9: jug8 | B9: =AVERAGE(adap_SofiaVidal!C:C) -> 1.3821053 | C9: =AVERAGE(adap_SofiaVidal!D:D) -> 0.99172731 | D9: =AVERAGE(adap_SofiaVidal!E:E) -> 1.9085862 | E9: =AVERAGE(adap_SofiaVidal!F:F) -> 9.3030278 | F9: =AVERAGE(adap_SofiaVidal!G:G) -> 0.29433169 | G9: =AVERAGE(adap_SofiaVidal!H:H) -> 3.8792035 | H9: =AVERAGE(adap_SofiaVidal!I:I) -> 17.841909 | I9: =AVERAGE(adap_SofiaVidal!J:J) -> 10.822777 | J9: =AVERAGE(adap_SofiaVidal!K:K) -> 0.20689655 | K9: 0
A10: jug9 | B10: =AVERAGE(adap_VicenteOlguin!C:C) -> 1.5737443 | C10: =AVERAGE(adap_VicenteOlguin!D:D) -> 0.93943549 | D10: =AVERAGE(adap_VicenteOlguin!E:E) -> 2.0647893 | E10: =AVERAGE(adap_VicenteOlguin!F:F) -> 9.8208312 | F10: =AVERAGE(adap_VicenteOlguin!G:G) -> 0.27962711 | G10: =AVERAGE(adap_VicenteOlguin!H:H) -> 4.4069445 | H10: =AVERAGE(adap_VicenteOlguin!I:I) -> 18.430153 | I10: =AVERAGE(adap_VicenteOlguin!J:J) -> 9.3160802 | J10: =AVERAGE(adap_VicenteOlguin!K:K) -> 0.15151515 | K10: 0
A11: jug10 | B11: =AVERAGE(adap_VicenteQuintana!C:C) -> 1.2259484 | C11: =AVERAGE(adap_VicenteQuintana!D:D) -> 0.99820899 | D11: =AVERAGE(adap_VicenteQuintana!E:E) -> 5.1393342 | E11: =AVERAGE(adap_VicenteQuintana!F:F) -> 14.133607 | F11: =AVERAGE(adap_VicenteQuintana!G:G) -> 0.31268764 | G11: =AVERAGE(adap_VicenteQuintana!H:H) -> 3.5568821 | H11: =AVERAGE(adap_VicenteQuintana!I:I) -> 12.462165 | I11: =AVERAGE(adap_VicenteQuintana!J:J) -> 3.693736 | J11: =AVERAGE(adap_VicenteQuintana!K:K) -> 0 | K11: 0
A12: jug11 | B12: =AVERAGE(adap_VicenteVidal!C:C) -> 1.6067216 | C12: =AVERAGE(adap_VicenteVidal!D:D) -> 0.89297742 | D12: =AVERAGE(adap_VicenteVidal!E:E) -> 2.2207639 | E12: =AVERAGE(adap_VicenteVidal!F:F) -> 11.721971 | F12: =AVERAGE(adap_VicenteVidal!G:G) -> 0.29907062 | G12: =AVERAGE(adap_VicenteVidal!H:H) -> 25.369918 | H12: =AVERAGE(adap_VicenteVidal!I:I) -> 18.387643 | I12: =AVERAGE(adap_VicenteVidal!J:J) -> 10.147657 | J12: =AVERAGE(adap_VicenteVidal!K:K) -> 0.13888889 | K12: 0
A13: jug12 | B13: =AVERAGE(adap_yo!C:C) -> 1.5250126 | C13: =AVERAGE(adap_yo!D:D) -> 1 | D13: =AVERAGE(adap_yo!E:E) -> 3.7775252 | E13: =AVERAGE(adap_yo!F:F) -> 9.2219781 | F13: =AVERAGE(adap_yo!G:G) -> 0.39489479 | G13: =AVERAGE(adap_yo!H:H) -> 2.90529 | H13: =AVERAGE(adap_yo!I:I) -> 17.09761 | I13: =AVERAGE(adap_yo!J:J) -> 5.3346563 | J13: =AVERAGE(adap_yo!K:K) -> 0.071428571 | K13: 0
A15: Percentil50 (comun) | B15: =_xlfn.PERCENTILE.EXC(B2:B13,0.5) -> 1.5274607 | C15: =_xlfn.PERCENTILE.EXC(C2:C13,0.5) -> 0.97617206 | D15: =_xlfn.PERCENTILE.EXC(D2:D13,0.5) -> 2.2230859 | E15: =_xlfn.PERCENTILE.EXC(E2:E13,0.5) -> 9.262503 | F15: =_xlfn.PERCENTILE.EXC(F2:F13,0.5) -> 0.35081717 | G15: =_xlfn.PERCENTILE.EXC(G2:G13,0.5) -> 3.7724193 | H15: =_xlfn.PERCENTILE.EXC(H2:H13,0.5) -> 18.5074 | I15: =_xlfn.PERCENTILE.EXC(I2:I13,0.5) -> 10.91765 | ... K15: =_xlfn.PERCENTILE.EXC(K2:K13,0.5) -> 0
A16: Percentil75 (activacion) | B16: =_xlfn.PERCENTILE.EXC(B3:B14,0.75) -> 1.6698682 | C16: =_xlfn.PERCENTILE.EXC(C3:C14,0.75) -> 0.99809525 | D16: =_xlfn.PERCENTILE.EXC(D3:D14,0.75) -> 4.1194834 | E16: =_xlfn.PERCENTILE.EXC(E3:E14,0.75) -> 10.572733 | F16: =_xlfn.PERCENTILE.EXC(F3:F14,0.75) -> 0.53449916 | G16: =_xlfn.PERCENTILE.EXC(G3:G14,0.75) -> 7.345229 | H16: =_xlfn.PERCENTILE.EXC(H3:H14,0.75) -> 19.741751 | I16: =_xlfn.PERCENTILE.EXC(I3:I14,0.75) -> 11.948935 | ... K16: =_xlfn.PERCENTILE.EXC(K3:K14,0.75) -> 0
A17: Percentil90 (critico) | B17: =_xlfn.PERCENTILE.EXC(B4:B15,0.9) -> 1.7221837 | C17: =_xlfn.PERCENTILE.EXC(C4:C15,0.9) -> 0.9996418 | D17: =_xlfn.PERCENTILE.EXC(D4:D15,0.9) -> 5.5026905 | E17: =_xlfn.PERCENTILE.EXC(E4:E15,0.9) -> 13.651279 | F17: =_xlfn.PERCENTILE.EXC(F4:F15,0.9) -> 0.6728095 | G17: =_xlfn.PERCENTILE.EXC(G4:G15,0.9) -> 22.104297 | H17: =_xlfn.PERCENTILE.EXC(H4:H15,0.9) -> 20.885573 | I17: =_xlfn.PERCENTILE.EXC(I4:I15,0.9) -> 12.816688 | ... K17: =_xlfn.PERCENTILE.EXC(K4:K15,0.9) -> 0
