Workbook

Sheet adap_CataAguilar
A1: AttemptID | B1: SegmentId | C1: TotalDuration_s | D1: AverageAngle_deg | E1: TimeLookingAway_s | F1: PercentTimeLookingAway | G1: ReorientationCount | H1: EndedInDeath | I1: TargetPlatform
A2: 2 | B2: JetpackSegment_11 | C2: 1.400161 | D2: 45.9073 | E2: 1.1475 | F2: 0.8195489 | G2: 0 | H2: 0 | I2: TargetAnchor1
A3: 2 | B3: JetpackSegment_12 | C3: 1.295 | D3: 42.40785 | E3: 1.117935 | F3: 0.8632697 | G3: 0 | H3: 0 | I3: TargetAnchor2
A4: 2 | B4: JetpackSegment_13 | C4: 1.239621 | D4: 48.2109 | E4: 1.239621 | F4: 1 | G4: 0 | H4: 0 | I4: TargetAnchor3
A5: 2 | B5: JetpackSegment_14 | C5: 2.61341 | D5: 34.34054 | E5: 1.643975 | F5: 0.6290534 | G5: 0 | H5: 1 | I5: TargetAnchor4
A6: 3 | B6: JetpackSegment_15 | C6: 1.320831 | D6: 44.92923 | E6: 1.065445 | F6: 0.8066475 | G6: 0 | H6: 0 | I6: TargetAnchor1
A7: 3 | B7: JetpackSegment_16 | C7: 1.040256 | D7: 34.5524 | E7: 0.8044085 | F7: 0.7732795 | G7: 0 | H7: 0 | I7: TargetAnchor2
A8: 3 | B8: JetpackSegment_17 | C8: 1.285442 | D8: 53.71365 | E8: 1.285442 | F8: 1 | G8: 0 | H8: 0 | I8: TargetAnchor3
A9: 3 | B9: JetpackSegment_18 | C9: 1.845028 | D9: 37.55926 | E9: 1.29358 | F9: 0.7011164 | G9: 0 | H9: 1 | I9: TargetAnchor4
A10: 4 | B10: JetpackSegment_19 | C10: 1.162391 | D10: 39.12923 | E10: 0.844216 | F10: 0.7262754 | G10: 0 | H10: 0 | I10: TargetAnchor1
A11: 4 | B11: JetpackSegment_20 | C11: 1.451279 | D11: 50.05914 | E11: 1.232647 | F11: 0.8493527 | G11: 0 | H11: 0 | I11: TargetAnchor2
A12: 4 | B12: JetpackSegment_21 | C12: 1.282876 | D12: 49.41282 | E12: 1.118731 | F12: 0.8720495 | G12: 0 | H12: 0 | I12: TargetAnchor3
A13: 4 | B13: JetpackSegment_22 | C13: 1.799893 | D13: 43.10349 | E13: 1.291025 | F13: 0.7172791 | G13: 0 | H13: 0 | I13: TargetAnchor4
... A55: 14 | B55: JetpackSegment_69 | C55: 1.158488 | D55: 36.70086 | E55: 0.5685065 | F55: 0.4907314 | G55: 0 | H55: 0 | I55: TargetAnchor8

Sheet adap_GonzaloCampos
A1: AttemptID | B1: SegmentId | C1: TotalDuration_s | D1: AverageAngle_deg | E1: TimeLookingAway_s | F1: PercentTimeLookingAway | G1: ReorientationCount | H1: EndedInDeath | I1: TargetPlatform
A2: 1 | B2: JetpackSegment_1 | C2: 2.601004 | D2: 144.3305 | E2: 2.601004 | F2: 1 | G2: 0 | H2: 0 | I2: TargetAnchor1
A3: 1 | B3: JetpackSegment_2 | C3: 1.011379 | D3: 25.78982 | E3: 0.4517974 | F3: 0.4467142 | G3: 0 | H3: 0 | I3: TargetAnchor1
A4: 2 | B4: JetpackSegment_4 | C4: 1.414873 | D4: 37.52419 | E4: 0.9144635 | F4: 0.6463221 | G4: 0 | H4: 1 | I4: TargetAnchor1
A5: 2 | B5: JetpackSegment_5 | C5: 1.366363 | D5: 43.35837 | E5: 0.9712023 | F5: 0.7107935 | G5: 0 | H5: 0 | I5: TargetAnchor2
A6: 2 | B6: JetpackSegment_6 | C6: 1.54756 | D6: 45.64464 | E6: 1.233364 | F6: 0.7969735 | G6: 0 | H6: 0 | I6: TargetAnchor3
A7: 2 | B7: JetpackSegment_7 | C7: 1.182849 | D7: 34.21426 | E7: 1.182849 | F7: 1 | G7: 0 | H7: 1 | I7: TargetAnchor4
A8: 3 | B8: JetpackSegment_8 | C8: 0.9775152 | D8: 26.36564 | E8: 0.4633321 | F8: 0.4739897 | G8: 0 | H8: 0 | I8: TargetAnchor1
A9: 3 | B9: JetpackSegment_9 | C9: 1.111418 | D9: 26.62461 | E9: 0.5265461 | F9: 0.4737605 | G9: 0 | H9: 0 | I9: TargetAnchor2
A10: 3 | B10: JetpackSegment_10 | C10: 1.067646 | D10: 38.20953 | E10: 0.9056299 | F10: 0.8482491 | G10: 0 | H10: 0 | I10: TargetAnchor3
A11: 3 | B11: JetpackSegment_11 | C11: 1.422496 | D11: 28.98529 | E11: 0.7978564 | F11: 0.560885 | G11: 0 | H11: 0 | I11: TargetAnchor4
A12: 3 | B12: JetpackSegment_12 | C12: 1.896355 | D12: 45.72625 | E12: 0.9651809 | F12: 0.5089664 | G12: 0 | H12: 0 | I12: TargetAnchor5
A13: 3 | B13: JetpackSegment_13 | C13: 2.190274 | D13: 27.21255 | E13: 1.039919 | F13: 0.4747893 | G13: 0 | H13: 1 | I13: TargetAnchor6
... A21: 4 | B21: JetpackSegment_21 | C21: 1.402223 | D21: 29.48057 | E21: 0.4973981 | F21: 0.3547212 | G21: 0 | H21: 0 | I21: TargetAnchor8

Sheet adap_IgnaciaDelgado
A1: AttemptID | B1: SegmentId | C1: TotalDuration_s | D1: AverageAngle_deg | E1: TimeLookingAway_s | F1: PercentTimeLookingAway | G1: ReorientationCount | H1: EndedInDeath | I1: TargetPlatform
A2: 1 | B2: JetpackSegment_11 | C2: 1.472169 | D2: 49.18793 | E2: 1.019931 | F2: 0.6928084 | G2: 0 | H2: 0 | I2: TargetAnchor1
A3: 1 | B3: JetpackSegment_12 | C3: 1.834228 | D3: 68.1904 | E3: 1.629012 | F3: 0.888119 | G3: 0 | H3: 0 | I3: TargetAnchor2
A4: 1 | B4: JetpackSegment_13 | C4: 1.814568 | D4: 33.87775 | E4: 1.084516 | F4: 0.5976716 | G4: 0 | H4: 0 | I4: TargetAnchor3
A5: 1 | B5: JetpackSegment_14 | C5: 1.674463 | D5: 34.48914 | E5: 1.127771 | F5: 0.673512 | G5: 0 | H5: 0 | I5: TargetAnchor4
A6: 1 | B6: JetpackSegment_15 | C6: 1.488264 | D6: 22.83077 | E6: 0.3541386 | F6: 0.2379542 | G6: 0 | H6: 0 | I6: TargetAnchor5
A7: 1 | B7: JetpackSegment_16 | C7: 1.763283 | D7: 30.47005 | E7: 1.018961 | F7: 0.5778773 | G7: 0 | H7: 0 | I7: TargetAnchor6
A8: 1 | B8: JetpackSegment_17 | C8: 1.908399 | D8: 33.02996 | E8: 1.246105 | F8: 0.6529585 | G8: 0 | H8: 0 | I8: TargetAnchor7
A9: 1 | B9: JetpackSegment_18 | C9: 0.2527452 | D9: 37.49453 | E9: 0.2527452 | F9: 1 | G9: 0 | H9: 1 | I9: TargetAnchor8
A10: 2 | B10: JetpackSegment_19 | C10: 1.120162 | D10: 29.82889 | E10: 0.4289963 | F10: 0.382977 | G10: 0 | H10: 0 | I10: TargetAnchor1
A11: 2 | B11: JetpackSegment_20 | C11: 1.658752 | D11: 63.81533 | E11: 1.658752 | F11: 1 | G11: 0 | H11: 0 | I11: TargetAnchor2
A12: 2 | B12: JetpackSegment_21 | C12: 1.434963 | D12: 28.94569 | E12: 0.8429025 | F12: 0.5874037 | G12: 0 | H12: 0 | I12: TargetAnchor3
A13: 2 | B13: JetpackSegment_22 | C13: 2.265244 | D13: 40.08816 | E13: 1.391096 | F13: 0.6141041 | G13: 0 | H13: 0 | I13: TargetAnchor4
... A47: 8 | B47: JetpackSegment_56 | C47: 2.176111 | D47: 81.54346 | E47: 2.176111 | F47: 1 | G47: 0 | H47: 0 | I47: TargetAnchor8

Sheet adap_IsidoraToledo
A1: AttemptID | B1: SegmentId | C1: TotalDuration_s | D1: AverageAngle_deg | E1: TimeLookingAway_s | F1: PercentTimeLookingAway | G1: ReorientationCount | H1: EndedInDeath | I1: TargetPlatform
A2: 1 | B2: JetpackSegment_1 | C2: 1.102097 | D2: 32.98539 | E2: 0.5494807 | F2: 0.4985773 | G2: 0 | H2: 0 | I2: TargetAnchor1
A3: 1 | B3: JetpackSegment_2 | C3: 1.305581 | D3: 26.32334 | E3: 0.5352308 | F3: 0.4099562 | G3: 0 | H3: 0 | I3: TargetAnchor2
A4: 1 | B4: JetpackSegment_3 | C4: 1.574194 | D4: 30.41299 | E4: 0.7081526 | F4: 0.4498509 | G4: 0 | H4: 0 | I4: TargetAnchor3
A5: 1 | B5: JetpackSegment_4 | C5: 1.740025 | D5: 24.18733 | E5: 0.4735196 | F5: 0.2721339 | G5: 0 | H5: 0 | I5: TargetAnchor4
A6: 1 | B6: JetpackSegment_5 | C6: 1.487793 | D6: 19.4132 | E6: 0.2739545 | F6: 0.1841348 | G6: 0 | H6: 0 | I6: TargetAnchor5
A7: 1 | B7: JetpackSegment_6 | C7: 2.045842 | D7: 30.17447 | E7: 0.8937821 | F7: 0.4368773 | G7: 0 | H7: 0 | I7: TargetAnchor6
A8: 1 | B8: JetpackSegment_7 | C8: 1.759149 | D8: 24.96107 | E8: 0.531869 | F8: 0.3023445 | G8: 0 | H8: 0 | I8: TargetAnchor7
A9: 1 | B9: JetpackSegment_8 | C9: 2.354223 | D9: 99.85814 | E9: 2.354223 | F9: 1 | G9: 0 | H9: 0 | I9: TargetAnchor8

Sheet adap_JavierSalinas
A1: AttemptID | B1: SegmentId | C1: TotalDuration_s | D1: AverageAngle_deg | E1: TimeLookingAway_s | F1: PercentTimeLookingAway | G1: ReorientationCount | H1: EndedInDeath | I1: TargetPlatform
A2: 24 | B2: JetpackSegment_79 | C2: 1.548321 | D2: 61.87456 | E2: 0.9807759 | F2: 0.6334447 | G2: 0 | H2: 0 | I2: TargetAnchor1
A3: 24 | B3: JetpackSegment_80 | C3: 1.273463 | D3: 34.9336 | E3: 0.6719139 | F3: 0.5276272 | G3: 0 | H3: 0 | I3: TargetAnchor2
A4: 24 | B4: JetpackSegment_81 | C4: 1.152299 | D4: 29.84116 | E4: 0.4165937 | F4: 0.3615327 | G4: 0 | H4: 1 | I4: TargetAnchor3
A5: 25 | B5: JetpackSegment_82 | C5: 1.459676 | D5: 41.74791 | E5: 0.8602675 | F5: 0.5893553 | G5: 0 | H5: 0 | I5: TargetAnchor1
A6: 25 | B6: JetpackSegment_83 | C6: 1.007936 | D6: 17.16225 | E6: 0 | F6: 0 | G6: 0 | H6: 0 | I6: TargetAnchor2
A7: 25 | B7: JetpackSegment_84 | C7: 1.47188 | D7: 35.48616 | E7: 0.8692816 | F7: 0.5905925 | G7: 0 | H7: 1 | I7: TargetAnchor3
A8: 26 | B8: JetpackSegment_85 | C8: 1.956054 | D8: 88.21939 | E8: 1.511563 | F8: 0.7727615 | G8: 0 | H8: 1 | I8: TargetAnchor1
A9: 27 | B9: JetpackSegment_86 | C9: 1.485894 | D9: 39.60846 | E9: 0.8602309 | F9: 0.5789315 | G9: 0 | H9: 0 | I9: TargetAnchor1
A10: 27 | B10: JetpackSegment_87 | C10: 1.50477 | D10: 43.81884 | E10: 0.8048806 | F10: 0.5348862 | G10: 0 | H10: 0 | I10: TargetAnchor2
A11: 27 | B11: JetpackSegment_88 | C11: 1.423132 | D11: 38.9571 | E11: 0.7535545 | F11: 0.5295042 | G11: 0 | H11: 0 | I11: TargetAnchor3
A12: 27 | B12: JetpackSegment_89 | C12: 1.921917 | D12: 34.14644 | E12: 1.004535 | F12: 0.5226733 | G12: 0 | H12: 0 | I12: TargetAnchor4
A13: 27 | B13: JetpackSegment_90 | C13: 1.714295 | D13: 35.39405 | E13: 0.979922 | F13: 0.5716181 | G13: 0 | H13: 0 | I13: TargetAnchor5
... A37: 32 | B37: JetpackSegment_115 | C37: 2.334673 | D37: 77.17171 | E37: 2.334673 | F37: 1 | G37: 0 | H37: 0 | I37: TargetAnchor8

Sheet adap_MariannaMaregatti
A1: AttemptID | B1: SegmentId | C1: TotalDuration_s | D1: AverageAngle_deg | E1: TimeLookingAway_s | F1: PercentTimeLookingAway | G1: ReorientationCount | H1: EndedInDeath | I1: TargetPlatform
A2: 14 | B2: JetpackSegment_61 | C2: 1.231872 | D2: 57.71717 | E2: 1.067292 | F2: 0.8663984 | G2: 0 | H2: 0 | I2: TargetAnchor1
A3: 14 | B3: JetpackSegment_62 | C3: 0.9142343 | D3: 25.80538 | E3: 0.1268401 | F3: 0.1387392 | G3: 0 | H3: 0 | I3: TargetAnchor2
A4: 14 | B4: JetpackSegment_63 | C4: 1.295782 | D4: 36.62355 | E4: 0.702177 | F4: 0.5418942 | G4: 0 | H4: 0 | I4: TargetAnchor2
A5: 14 | B5: JetpackSegment_64 | C5: 4.203758 | D5: 41.6202 | E5: 3.071702 | F5: 0.7307038 | G5: 0 | H5: 1 | I5: TargetAnchor3
A6: 15 | B6: JetpackSegment_65 | C6: 1.204938 | D6: 36.34405 | E6: 0.8205271 | F6: 0.6809704 | G6: 0 | H6: 0 | I6: TargetAnchor1
A7: 15 | B7: JetpackSegment_66 | C7: 1.999692 | D7: 38.84117 | E7: 0.7920215 | F7: 0.3960718 | G7: 0 | H7: 0 | I7: TargetAnchor2
A8: 16 | B8: JetpackSegment_68 | C8: 2.287133 | D8: 26.10901 | E8: 0.8036625 | F8: 0.3513842 | G8: 0 | H8: 1 | I8: TargetAnchor1
A9: 17 | B9: JetpackSegment_69 | C9: 0.1048712 | D9: 10.1983 | E9: 0 | F9: 0 | G9: 0 | H9: 1 | I9: TargetAnchor1
A10: 18 | B10: JetpackSegment_70 | C10: 0.1021218 | D10: 10.85285 | E10: 0 | F10: 0 | G10: 0 | H10: 0 | I10: TargetAnchor1
A11: 18 | B11: JetpackSegment_71 | C11: 0.0738482 | D11: 9.226221 | E11: 0 | F11: 0 | G11: 0 | H11: 0 | I11: TargetAnchor1
A12: 18 | B12: JetpackSegment_72 | C12: 0.6139719 | D12: 13.01155 | E12: 0 | F12: 0 | G12: 0 | H12: 0 | I12: TargetAnchor1
A13: 18 | B13: JetpackSegment_73 | C13: 0.9517851 | D13: 14.11128 | E13: 0 | F13: 0 | G13: 0 | H13: 0 | I13: TargetAnchor1
... A31: 21 | B31: JetpackSegment_92 | C31: 1.952289 | D31: 69.39217 | E31: 1.21923 | F31: 0.624513 | G31: 0 | H31: 0 | I31: TargetAnchor8

Sheet adap_SebastianRatto
A1: AttemptID | B1: SegmentId | C1: TotalDuration_s | D1: AverageAngle_deg | E1: TimeLookingAway_s | F1: PercentTimeLookingAway | G1: ReorientationCount | H1: EndedInDeath | I1: TargetPlatform
A2: 2 | B2: JetpackSegment_19 | C2: 2.54722 | D2: 19.80856 | E2: 0.416302 | F2: 0.1634338 | G2: 0 | H2: 0 | I2: TargetAnchor1
A3: 2 | B3: JetpackSegment_20 | C3: 0.9423948 | D3: 17.70369 | E3: 0 | F3: 0 | G3: 0 | H3: 0 | I3: TargetAnchor2
A4: 2 | B4: JetpackSegment_21 | C4: 1.081836 | D4: 14.21004 | E4: 0 | F4: 0 | G4: 0 | H4: 0 | I4: TargetAnchor3
A5: 2 | B5: JetpackSegment_22 | C5: 1.394678 | D5: 10.9439 | E5: 0 | F5: 0 | G5: 0 | H5: 0 | I5: TargetAnchor4
A6: 2 | B6: JetpackSegment_23 | C6: 1.468062 | D6: 40.51879 | E6: 0.6761828 | F6: 0.4605954 | G6: 0 | H6: 1 | I6: TargetAnchor5
A7: 3 | B7: JetpackSegment_24 | C7: 1.494152 | D7: 16.92272 | E7: 0.169939 | F7: 0.1137361 | G7: 0 | H7: 0 | I7: TargetAnchor1
A8: 3 | B8: JetpackSegment_25 | C8: 1.072271 | D8: 11.05006 | E8: 0 | F8: 0 | G8: 0 | H8: 0 | I8: TargetAnchor2
A9: 3 | B9: JetpackSegment_26 | C9: 1.444322 | D9: 48.6989 | E9: 0.7170957 | F9: 0.4964929 | G9: 0 | H9: 1 | I9: TargetAnchor3
A10: 4 | B10: JetpackSegment_27 | C10: 1.223585 | D10: 16.04846 | E10: 0.0797948 | F10: 0.06521392 | G10: 0 | H10: 0 | I10: TargetAnchor1
A11: 4 | B11: JetpackSegment_28 | C11: 1.270669 | D11: 19.17445 | E11: 0.1568182 | F11: 0.1234139 | G11: 0 | H11: 0 | I11: TargetAnchor2
A12: 4 | B12: JetpackSegment_29 | C12: 1.42754 | D12: 20.08415 | E12: 0.2133867 | F12: 0.1494787 | G12: 0 | H12: 0 | I12: TargetAnchor3
A13: 4 | B13: JetpackSegment_30 | C13: 2.299735 | D13: 21.15968 | E13: 0.5082615 | F13: 0.2210087 | G13: 0 | H13: 0 | I13: TargetAnchor4
... A17: 4 | B17: JetpackSegment_34 | C17: 1.93311 | D17: 82.49667 | E17: 1.93311 | F17: 1 | G17: 0 | H17: 0 | I17: TargetAnchor8

Sheet adap_SofiaVidal
A1: AttemptID | B1: SegmentId | C1: TotalDuration_s | D1: AverageAngle_deg | E1: TimeLookingAway_s | F1: PercentTimeLookingAway | G1: ReorientationCount | H1: EndedInDeath | I1: TargetPlatform
A2: 29 | B2: JetpackSegment_114 | C2: 1.828579 | D2: 72.73215 | E2: 1.303566 | F2: 0.7128845 | G2: 0 | H2: 1 | I2: TargetAnchor1
A3: 30 | B3: JetpackSegment_115 | C3: 1.062053 | D3: 52.12975 | E3: 1.01608 | F3: 0.9567128 | G3: 0 | H3: 0 | I3: TargetAnchor1
A4: 30 | B4: JetpackSegment_116 | C4: 1.829901 | D4: 46.84389 | E4: 1.627892 | F4: 0.889607 | G4: 0 | H4: 1 | I4: TargetAnchor2
A5: 31 | B5: JetpackSegment_117 | C5: 0.9825507 | D5: 54.79425 | E5: 0.933156 | F5: 0.9497281 | G5: 0 | H5: 0 | I5: TargetAnchor1
A6: 31 | B6: JetpackSegment_118 | C6: 0.9658087 | D6: 31.51783 | E6: 0.6354365 | F6: 0.657932 | G6: 0 | H6: 0 | I6: TargetAnchor2
A7: 31 | B7: JetpackSegment_119 | C7: 1.031551 | D7: 37.87608 | E7: 0.9346013 | F7: 0.9060154 | G7: 0 | H7: 0 | I7: TargetAnchor3
A8: 32 | B8: JetpackSegment_121 | C8: 1.517385 | D8: 42.00528 | E8: 0.6532998 | F8: 0.4305432 | G8: 0 | H8: 1 | I8: TargetAnchor1
A9: 32 | B9: JetpackSegment_122 | C9: 1.229273 | D9: 44.56749 | E9: 0.8624267 | F9: 0.7015746 | G9: 0 | H9: 0 | I9: TargetAnchor2
A10: 32 | B10: JetpackSegment_123 | C10: 1.769944 | D10: 59.76443 | E10: 1.420303 | F10: 0.8024561 | G10: 0 | H10: 1 | I10: TargetAnchor3
A11: 33 | B11: JetpackSegment_124 | C11: 1.127739 | D11: 51.51552 | E11: 1.127739 | F11: 1 | G11: 0 | H11: 1 | I11: TargetAnchor1
A12: 34 | B12: JetpackSegment_125 | C12: 1.118251 | D12: 53.75938 | E12: 0.9878468 | F12: 0.8833858 | G12: 0 | H12: 0 | I12: TargetAnchor1
A13: 34 | B13: JetpackSegment_126 | C13: 1.255202 | D13: 54.59853 | E13: 1.255202 | F13: 1 | G13: 0 | H13: 0 | I13: TargetAnchor2
... A30: 37 | B30: JetpackSegment_144 | C30: 1.678034 | D30: 82.29738 | E30: 0.9271287 | F30: 0.552509 | G30: 0 | H30: 0 | I30: TargetAnchor8

Sheet adap_VicenteOlguin
A1: AttemptID | B1: SegmentId | C1: TotalDuration_s | D1: AverageAngle_deg | E1: TimeLookingAway_s | F1: PercentTimeLookingAway | G1: ReorientationCount | H1: EndedInDeath | I1: TargetPlatform
A2: 2 | B2: JetpackSegment_7 | C2: 1.41678 | D2: 38.26577 | E2: 0.7325578 | F2: 0.5170582 | G2: 0 | H2: 0 | I2: TargetAnchor1
A3: 2 | B3: JetpackSegment_8 | C3: 1.542287 | D3: 38.62873 | E3: 0.8447578 | F3: 0.5477305 | G3: 0 | H3: 0 | I3: TargetAnchor2
A4: 2 | B4: JetpackSegment_9 | C4: 1.560397 | D4: 51.14915 | E4: 1.020873 | F4: 0.6542392 | G4: 0 | H4: 0 | I4: TargetAnchor3
A5: 2 | B5: JetpackSegment_10 | C5: 1.734497 | D5: 18.50697 | E5: 0.3225729 | F5: 0.1859749 | G5: 0 | H5: 0 | I5: TargetAnchor4
A6: 2 | B6: JetpackSegment_11 | C6: 1.527286 | D6: 20.92826 | E6: 0.4933133 | F6: 0.3229999 | G6: 0 | H6: 0 | I6: TargetAnchor5
A7: 2 | B7: JetpackSegment_12 | C7: 1.929509 | D7: 18.53459 | E7: 0.2837341 | F7: 0.1470499 | G7: 0 | H7: 0 | I7: TargetAnchor6
A8: 2 | B8: JetpackSegment_13 | C8: 1.87902 | D8: 24.37491 | E8: 0.5676517 | F8: 0.3020999 | G8: 0 | H8: 0 | I8: TargetAnchor7
A9: 2 | B9: JetpackSegment_14 | C9: 1.934119 | D9: 57.96207 | E9: 1.934119 | F9: 1 | G9: 0 | H9: 1 | I9: TargetAnchor8
A10: 3 | B10: JetpackSegment_15 | C10: 2.089557 | D10: 48.53286 | E10: 1.453843 | F10: 0.6957659 | G10: 0 | H10: 1 | I10: TargetAnchor1
A11: 4 | B11: JetpackSegment_16 | C11: 1.426991 | D11: 37.52437 | E11: 0.8649573 | F11: 0.6061406 | G11: 0 | H11: 0 | I11: TargetAnchor1
A12: 4 | B12: JetpackSegment_17 | C12: 1.37618 | D12: 45.16599 | E12: 0.8728711 | F12: 0.6342711 | G12: 0 | H12: 0 | I12: TargetAnchor2
A13: 4 | B13: JetpackSegment_18 | C13: 1.749747 | D13: 49.98969 | E13: 1.401531 | F13: 0.8009908 | G13: 0 | H13: 0 | I13: TargetAnchor3
... A34: 7 | B34: JetpackSegment_39 | C34: 2.109617 | D34: 75.87919 | E34: 1.38412 | F34: 0.6561 | G34: 0 | H34: 0 | I34: TargetAnchor8

Sheet adap_VicenteQuintana
A1: AttemptID | B1: SegmentId | C1: TotalDuration_s | D1: AverageAngle_deg | E1: TimeLookingAway_s | F1: PercentTimeLookingAway | G1: ReorientationCount | H1: EndedInDeath | I1: TargetPlatform
A2: 4 | B2: JetpackSegment_25 | C2: 0.7607456 | D2: 12.71305 | E2: 0 | F2: 0 | G2: 0 | H2: 0 | I2: TargetAnchor1
A3: 4 | B3: JetpackSegment_26 | C3: 0.6084973 | D3: 31.63689 | E3: 0.6084973 | F3: 1 | G3: 0 | H3: 0 | I3: TargetAnchor2
A4: 4 | B4: JetpackSegment_27 | C4: 0.9829168 | D4: 15.15261 | E4: 0 | F4: 0 | G4: 0 | H4: 0 | I4: TargetAnchor3
A5: 4 | B5: JetpackSegment_28 | C5: 1.881572 | D5: 26.27658 | E5: 0.907349 | F5: 0.4822293 | G5: 0 | H5: 0 | I5: TargetAnchor4
A6: 4 | B6: JetpackSegment_29 | C6: 1.41903 | D6: 15.03258 | E6: 0.0341754 | F6: 0.02408364 | G6: 0 | H6: 0 | I6: TargetAnchor5
A7: 4 | B7: JetpackSegment_30 | C7: 0.9013568 | D7: 25.55583 | E7: 0.2671733 | F7: 0.2964123 | G7: 0 | H7: 0 | I7: TargetAnchor6
A8: 4 | B8: JetpackSegment_31 | C8: 1.941052 | D8: 36.72205 | E8: 0.8089441 | F8: 0.4167556 | G8: 0 | H8: 0 | I8: TargetAnchor7
A9: 4 | B9: JetpackSegment_32 | C9: 1.293149 | D9: 74.17139 | E9: 1.293149 | F9: 1 | G9: 0 | H9: 0 | I9: TargetAnchor8

Sheet adap_VicenteVidal
A1: AttemptID | B1: SegmentId | C1: TotalDuration_s | D1: AverageAngle_deg | E1: TimeLookingAway_s | F1: PercentTimeLookingAway | G1: ReorientationCount | H1: EndedInDeath | I1: TargetPlatform
A2: 5 | B2: JetpackSegment_12 | C2: 1.97535 | D2: 138.5745 | E2: 1.97535 | F2: 1 | G2: 0 | H2: 0 | I2: TargetAnchor1
A3: 5 | B3: JetpackSegment_13 | C3: 2.456301 | D3: 48.56483 | E3: 2.456301 | F3: 1 | G3: 0 | H3: 0 | I3: TargetAnchor1
A4: 5 | B4: JetpackSegment_14 | C4: 1.726407 | D4: 120.5706 | E4: 1.726407 | F4: 1 | G4: 0 | H4: 0 | I4: TargetAnchor1
A5: 5 | B5: JetpackSegment_15 | C5: 1.640134 | D5: 65.64594 | E5: 1.640134 | F5: 1 | G5: 0 | H5: 0 | I5: TargetAnchor1
A6: 5 | B6: JetpackSegment_16 | C6: 1.622191 | D6: 52.85195 | E6: 1.622191 | F6: 1 | G6: 0 | H6: 0 | I6: TargetAnchor1
A7: 5 | B7: JetpackSegment_17 | C7: 1.481394 | D7: 59.84402 | E7: 1.481394 | F7: 1 | G7: 0 | H7: 0 | I7: TargetAnchor1
A8: 5 | B8: JetpackSegment_18 | C8: 2.184444 | D8: 25.15645 | E8: 0.2031976 | F8: 0.09302029 | G8: 0 | H8: 0 | I8: TargetAnchor1
A9: 5 | B9: JetpackSegment_19 | C9: 2.866812 | D9: 73.59409 | E9: 2.694618 | F9: 0.9399356 | G9: 0 | H9: 0 | I9: TargetAnchor1
A10: 5 | B10: JetpackSegment_20 | C10: 1.201968 | D10: 25.06862 | E10: 0.4538981 | F10: 0.377629 | G10: 0 | H10: 0 | I10: TargetAnchor1
A11: 5 | B11: JetpackSegment_21 | C11: 1.072208 | D11: 21.54122 | E11: 0.3223532 | F11: 0.3006444 | G11: 0 | H11: 0 | I11: TargetAnchor2
A12: 5 | B12: JetpackSegment_22 | C12: 1.23619 | D12: 51.62261 | E12: 0.6897838 | F12: 0.5579919 | G12: 0 | H12: 1 | I12: TargetAnchor3
A13: 6 | B13: JetpackSegment_23 | C13: 0.9385162 | D13: 9.720689 | E13: 0 | F13: 0 | G13: 0 | H13: 0 | I13: TargetAnchor1
... A36: 9 | B36: JetpackSegment_46 | C36: 2.318489 | D36: 82.3587 | E36: 2.318489 | F36: 1 | G36: 0 | H36: 0 | I36: TargetAnchor8

Sheet adap_yo
A1: AttemptID | B1: SegmentId | C1: TotalDuration_s | D1: AverageAngle_deg | E1: TimeLookingAway_s | F1: PercentTimeLookingAway | G1: ReorientationCount | H1: EndedInDeath | I1: TargetPlatform
A2: 1 | B2: JetpackSegment_7 | C2: 1.552661 | D2: 21.679 | E2: 0.5059049 | F2: 0.3258309 | G2: 0 | H2: 0 | I2: TargetAnchor1
A3: 1 | B3: JetpackSegment_8 | C3: 1.289277 | D3: 16.77934 | E3: 0 | F3: 0 | G3: 0 | H3: 0 | I3: TargetAnchor2
A4: 1 | B4: JetpackSegment_9 | C4: 1.405186 | D4: 26.14713 | E4: 0.4819676 | F4: 0.342992 | G4: 0 | H4: 0 | I4: TargetAnchor3
A5: 1 | B5: JetpackSegment_10 | C5: 1.954377 | D5: 14.33084 | E5: 0.3903182 | F5: 0.1997149 | G5: 0 | H5: 0 | I5: TargetAnchor4
A6: 1 | B6: JetpackSegment_11 | C6: 1.662672 | D6: 16.87954 | E6: 0.4173615 | F6: 0.2510185 | G6: 0 | H6: 0 | I6: TargetAnchor5
A7: 1 | B7: JetpackSegment_12 | C7: 1.229515 | D7: 13.20341 | E7: 0.2067421 | F7: 0.1681493 | G7: 0 | H7: 1 | I7: TargetAnchor6
A8: 2 | B8: JetpackSegment_13 | C8: 1.22895 | D8: 24.39328 | E8: 0.4484301 | F8: 0.3648889 | G8: 0 | H8: 0 | I8: TargetAnchor1
A9: 2 | B9: JetpackSegment_14 | C9: 1.281666 | D9: 34.00156 | E9: 0.7252127 | F9: 0.5658361 | G9: 0 | H9: 0 | I9: TargetAnchor2
A10: 2 | B10: JetpackSegment_15 | C10: 1.29402 | D10: 9.988154 | E10: 0.1029075 | F10: 0.07952543 | G10: 0 | H10: 0 | I10: TargetAnchor3
A11: 2 | B11: JetpackSegment_16 | C11: 1.864852 | D11: 13.77326 | E11: 0.3907734 | F11: 0.2095466 | G11: 0 | H11: 0 | I11: TargetAnchor4
A12: 2 | B12: JetpackSegment_17 | C12: 1.669699 | D12: 14.47709 | E12: 0.3086989 | F12: 0.1848829 | G12: 0 | H12: 0 | I12: TargetAnchor5
A13: 2 | B13: JetpackSegment_18 | C13: 1.416061 | D13: 6.488261 | E13: 0 | F13: 0 | G13: 0 | H13: 0 | I13: TargetAnchor6
... A15: 2 | B15: JetpackSegment_20 | C15: 1.777513 | D15: 69.22187 | E15: 1.051744 | F15: 0.5916943 | G15: 0 | H15: 0 | I15: TargetAnchor8

Sheet Sheet1
A1: Jugador | B1: TotalDuration_s | C1: AverageAngle_deg | D1: TimeLookingAway_s | E1: PercentTimeLookingAway | F1: ReorientationCount | G1: EndedInDeath | H1: AbandonoPilar
A2: jug1 | B2: =AVERAGE(adap_CataAguilar!C:C) -> 1.525888 | C2: =AVERAGE(adap_CataAguilar!D:D) -> 47.261777 | D2: =AVERAGE(adap_CataAguilar!E:E) -> 1.2732085 | E2: =AVERAGE(adap_CataAguilar!F:F) -> 0.83889261 | F2: =AVERAGE(adap_CataAguilar!G:G) -> 0 | G2: =AVERAGE(adap_CataAguilar!H:H) -> 0.2037037 | H2: 0
A3: jug2 | B3: =AVERAGE(adap_GonzaloCampos!C:C) -> 1.4574629 | C3: =AVERAGE(adap_GonzaloCampos!D:D) -> 39.577146 | D3: =AVERAGE(adap_GonzaloCampos!E:E) -> 0.86648101 | E3: =AVERAGE(adap_GonzaloCampos!F:F) -> 0.56507834 | F3: =AVERAGE(adap_GonzaloCampos!G:G) -> 0 | G3: =AVERAGE(adap_GonzaloCampos!H:H) -> 0.2 | H3: 0
A4: jug3 | B4: =AVERAGE(adap_IgnaciaDelgado!C:C) -> 1.636444 | C4: =AVERAGE(adap_IgnaciaDelgado!D:D) -> 37.081377 | D4: =AVERAGE(adap_IgnaciaDelgado!E:E) -> 1.0268424 | E4: =AVERAGE(adap_IgnaciaDelgado!F:F) -> 0.60096318 | F4: =AVERAGE(adap_IgnaciaDelgado!G:G) -> 0 | G4: =AVERAGE(adap_IgnaciaDelgado!H:H) -> 0.15217391 | H4: 0
A5: jug4 | B5: =AVERAGE(adap_IsidoraToledo!C:C) -> 1.671113 | C5: =AVERAGE(adap_IsidoraToledo!D:D) -> 36.039491 | D5: =AVERAGE(adap_IsidoraToledo!E:E) -> 0.79002654 | E5: =AVERAGE(adap_IsidoraToledo!F:F) -> 0.44423436 | F5: =AVERAGE(adap_IsidoraToledo!G:G) -> 0 | G5: =AVERAGE(adap_IsidoraToledo!H:H) -> 0 | H5: 0
A6: jug5 | B6: =AVERAGE(adap_JavierSalinas!C:C) -> 1.530383 | C6: =AVERAGE(adap_JavierSalinas!D:D) -> 37.316732 | D6: =AVERAGE(adap_JavierSalinas!E:E) -> 0.816813 | E6: =AVERAGE(adap_JavierSalinas!F:F) -> 0.49999217 | F6: =AVERAGE(adap_JavierSalinas!G:G) -> 0 | G6: =AVERAGE(adap_JavierSalinas!H:H) -> 0.22222222 | H6: 0
A7: jug6 | B7: =AVERAGE(adap_MariannaMaregatti!C:C) -> 1.4426443 | C7: =AVERAGE(adap_MariannaMaregatti!D:D) -> 38.982351 | D7: =AVERAGE(adap_MariannaMaregatti!E:E) -> 0.96869891 | E7: =AVERAGE(adap_MariannaMaregatti!F:F) -> 0.56497817 | F7: =AVERAGE(adap_MariannaMaregatti!G:G) -> 0 | G7: =AVERAGE(adap_MariannaMaregatti!H:H) -> 0.2 | H7: 0
A8: jug7 | B8: =AVERAGE(adap_SebastianRatto!C:C) -> 1.7377969 | C8: =AVERAGE(adap_SebastianRatto!D:D) -> 24.958334 | D8: =AVERAGE(adap_SebastianRatto!E:E) -> 0.41086904 | E8: =AVERAGE(adap_SebastianRatto!F:F) -> 0.21521168 | F8: =AVERAGE(adap_SebastianRatto!G:G) -> 0 | G8: =AVERAGE(adap_SebastianRatto!H:H) -> 0.125 | H8: 0
A9: jug8 | B9: =AVERAGE(adap_SofiaVidal!C:C) -> 1.3831512 | C9: =AVERAGE(adap_SofiaVidal!D:D) -> 46.45156 | D9: =AVERAGE(adap_SofiaVidal!E:E) -> 1.0568359 | E9: =AVERAGE(adap_SofiaVidal!F:F) -> 0.7783687 | F9: =AVERAGE(adap_SofiaVidal!G:G) -> 0 | G9: =AVERAGE(adap_SofiaVidal!H:H) -> 0.27586207 | H9: 0
A10: jug9 | B10: =AVERAGE(adap_VicenteOlguin!C:C) -> 1.5740726 | C10: =AVERAGE(adap_VicenteOlguin!D:D) -> 34.746363 | D10: =AVERAGE(adap_VicenteOlguin!E:E) -> 0.79947512 | E10: =AVERAGE(adap_VicenteOlguin!F:F) -> 0.51764718 | F10: =AVERAGE(adap_VicenteOlguin!G:G) -> 0 | G10: =AVERAGE(adap_VicenteOlguin!H:H) -> 0.15151515 | H10: 0
A11: jug10 | B11: =AVERAGE(adap_VicenteQuintana!C:C) -> 1.2235399 | C11: =AVERAGE(adap_VicenteQuintana!D:D) -> 29.657622 | D11: =AVERAGE(adap_VicenteQuintana!E:E) -> 0.48991101 | E11: =AVERAGE(adap_VicenteQuintana!F:F) -> 0.40243511 | F11: =AVERAGE(adap_VicenteQuintana!G:G) -> 0 | G11: =AVERAGE(adap_VicenteQuintana!H:H) -> 0 | H11: 0
A12: jug11 | B12: =AVERAGE(adap_VicenteVidal!C:C) -> 1.6177231 | C12: =AVERAGE(adap_VicenteVidal!D:D) -> 41.840302 | D12: =AVERAGE(adap_VicenteVidal!E:E) -> 0.88544696 | E12: =AVERAGE(adap_VicenteVidal!F:F) -> 0.51456806 | F12: =AVERAGE(adap_VicenteVidal!G:G) -> 0 | G12: =AVERAGE(adap_VicenteVidal!H:H) -> 0.11428571 | H12: 0
A13: jug12 | B13: =AVERAGE(adap_yo!C:C) -> 1.524313 | C13: =AVERAGE(adap_yo!D:D) -> 21.351799 | D13: =AVERAGE(adap_yo!E:E) -> 0.39372675 | E13: =AVERAGE(adap_yo!F:F) -> 0.25466934 | F13: =AVERAGE(adap_yo!G:G) -> 0 | G13: =AVERAGE(adap_yo!H:H) -> 0.071428571 | H13: 0
