Workbook

Sheet adap_CataAguilar
A1: AttemptID | B1: LapID | C1: LapDuration_s | D1: AttemptDuration_s | E1: LapProgress_0_1 | F1: DeathOccurred | G1: MeanDeviation_m | H1: SpeedSD_mps | I1: MicroCorrectionsRate_per_s | J1: ObstacleHitRate
A2: 2 | B2: 1 | C2: 26.3 | D2: 37.805 | E2: 1 | F2: 0 | G2: 6.5836 | H2: 4.1276 | I2: 4.2586 | J2: 0.462
A3: 2 | B3: 2 | C3: 24.42 | D3: 75.945 | E3: 0.881 | F3: 1 | G3: 5.5137 | H3: 4.4137 | I3: 3.235 | J3: 0.308
A4: 4 | B4: 1 | C4: 26.34 | D4: 40.931 | E4: 1 | F4: 0 | G4: 5.79 | H4: 4.907 | I4: 4.1002 | J4: 0.615
A5: 4 | B5: 2 | C5: 21.438 | D5: 76.049 | E5: 0.651 | F5: 1 | G5: 6.1776 | H5: 5.7877 | I5: 2.5189 | J5: 0.077
A6: 5 | B6: 1 | C6: 29.002 | D6: 72.984 | E6: 1 | F6: 1 | G6: 6.4261 | H6: 4.5098 | I6: 3.0343 | J6: 0.538
A7: 6 | B7: 1 | C7: 25.44 | D7: 36.698 | E7: 1 | F7: 0 | G7: 5.1827 | H7: 4.2211 | I7: 3.7736 | J7: 0.385
A8: 6 | B8: 2 | C8: 25.04 | D8: 75.738 | E8: 1 | F8: 0 | G8: 5.6298 | H8: 4.2776 | I8: 3.5543 | J8: 0.077
A9: 6 | B9: 3 | C9: 25.88 | D9: 115.418 | E9: 1 | F9: 0 | G9: 6.4815 | H9: 3.6739 | I9: 3.2071 | J9: 0.154
A10: 6 | B10: 4 | C10: 26.32 | D10: 155.438 | E10: 1 | F10: 0 | G10: 5.9733 | H10: 4.1151 | I10: 2.4696 | J10: 0
A11: 6 | B11: 5 | C11: 24.7 | D11: 194.738 | E11: 1 | F11: 0 | G11: 4.8268 | H11: 4.4677 | I11: 2.8745 | J11: 0

Sheet adap_GonzaloCampos
A1: AttemptID | B1: LapID | C1: LapDuration_s | D1: AttemptDuration_s | E1: LapProgress_0_1 | F1: DeathOccurred | G1: MeanDeviation_m | H1: SpeedSD_mps | I1: MicroCorrectionsRate_per_s | J1: ObstacleHitRate
A2: 8 | B2: 1 | C2: 25.757 | D2: 107.452 | E2: 0.597 | F2: 1 | G2: 18.9164 | H2: 4.4793 | I2: 3.3777 | J2: 0.154
A3: 9 | B3: 1 | C3: 21.774 | D3: 35.917 | E3: 0.706 | F3: 1 | G3: 5.8932 | H3: 4.7759 | I3: 5.1437 | J3: 0.231
A4: 10 | B4: 1 | C4: 12.39 | D4: 22.696 | E4: 0.53 | F4: 1 | G4: 9.0327 | H4: 4.2931 | I4: 4.5198 | J4: 0.077
A5: 12 | B5: 1 | C5: 17.58 | D5: 27.887 | E5: 0.541 | F5: 1 | G5: 13.8423 | H5: 6.0973 | I5: 4.7782 | J5: 0.154
A6: 13 | B6: 1 | C6: 16.538 | D6: 25.198 | E6: 0.585 | F6: 1 | G6: 9.6375 | H6: 3.9729 | I6: 3.9303 | J6: 0.077
A7: 14 | B7: 1 | C7: 7.916 | D7: 17.998 | E7: 0.456 | F7: 1 | G7: 6.6009 | H7: 5.5148 | I7: 4.6738 | J7: 0
A8: 16 | B8: 1 | C8: 9.976 | D8: 21.452 | E8: 0.482 | F8: 1 | G8: 6.9053 | H8: 1.5109 | I8: 1.5036 | J8: 0.077
A9: 18 | B9: 1 | C9: 11.753 | D9: 21.059 | E9: 0.479 | F9: 1 | G9: 7.3989 | H9: 5.3443 | I9: 3.7437 | J9: 0.154
A10: 19 | B10: 1 | C10: 26.36 | D10: 39.567 | E10: 1 | F10: 0 | G10: 8.361 | H10: 4.6102 | I10: 6.0698 | J10: 0.538
A11: 19 | B11: 2 | C11: 10.347 | D11: 63.054 | E11: 0.416 | F11: 1 | G11: 11.077 | H11: 4.9277 | I11: 1.0631 | J11: 0.077

Sheet adap_IgnaciaDelgado
A1: AttemptID | B1: LapID | C1: LapDuration_s | D1: AttemptDuration_s | E1: LapProgress_0_1 | F1: DeathOccurred | G1: MeanDeviation_m | H1: SpeedSD_mps | I1: MicroCorrectionsRate_per_s | J1: ObstacleHitRate
A2: 14 | B2: 1 | C2: 16.41 | D2: 27.559 | E2: 0.561 | F2: 1 | G2: 8.3755 | H2: 4.8901 | I2: 3.2907 | J2: 0.231
A3: 15 | B3: 1 | C3: 15.535 | D3: 25.465 | E3: 0.575 | F3: 1 | G3: 12.3674 | H3: 5.4271 | I3: 5.9865 | J3: 0.308
A4: 16 | B4: 1 | C4: 16.543 | D4: 27.448 | E4: 0.561 | F4: 1 | G4: 6.6691 | H4: 5.6039 | I4: 2.9015 | J4: 0.231
A5: 17 | B5: 1 | C5: 7.711 | D5: 17.448 | E5: 0.356 | F5: 1 | G5: 7.6067 | H5: 5.7982 | I5: 3.3716 | J5: 0.077
A6: 18 | B6: 1 | C6: 8.028 | D6: 18.756 | E6: 0.426 | F6: 1 | G6: 8.86 | H6: 3.717 | I6: 4.4845 | J6: 0.077
A7: 19 | B7: 1 | C7: 13.489 | D7: 23.101 | E7: 0.526 | F7: 1 | G7: 9.9792 | H7: 4.2004 | I7: 3.1879 | J7: 0.231
A8: 20 | B8: 1 | C8: 25.258 | D8: 36.309 | E8: 0.865 | F8: 1 | G8: 9.4907 | H8: 5.5204 | I8: 4.4739 | J8: 0.462
A9: 21 | B9: 1 | C9: 25 | D9: 37.022 | E9: 1 | F9: 0 | G9: 9.5506 | H9: 4.5004 | I9: 5.32 | J9: 0.308
A10: 21 | B10: 2 | C10: 25.82 | D10: 77.182 | E10: 1 | F10: 0 | G10: 8.347 | H10: 4.3031 | I10: 4.4927 | J10: 0.385
A11: 21 | B11: 3 | C11: 25.44 | D11: 116.442 | E11: 1 | F11: 0 | G11: 8.2251 | H11: 4.8549 | I11: 5.1494 | J11: 0.231

Sheet adap_IsidoraToledo
A1: AttemptID | B1: LapID | C1: LapDuration_s | D1: AttemptDuration_s | E1: LapProgress_0_1 | F1: DeathOccurred | G1: MeanDeviation_m | H1: SpeedSD_mps | I1: MicroCorrectionsRate_per_s | J1: ObstacleHitRate
A2: 1 | B2: 1 | C2: 25.18 | D2: 43.02 | E2: 1 | F2: 0 | G2: 10.0851 | H2: 4.3558 | I2: 2.9786 | J2: 4
A3: 2 | B3: 1 | C3: 16.899 | D3: 44.853 | E3: 0.667 | F3: 1 | G3: 5.3795 | H3: 3.4553 | I3: 1.006 | J3: 0.154
A4: 3 | B4: 1 | C4: 25.6 | D4: 42.681 | E4: 1 | F4: 0 | G4: 8.5625 | H4: 3.9199 | I4: 2.7344 | J4: 0.231
A5: 3 | B5: 2 | C5: 25.76 | D5: 82.461 | E5: 1 | F5: 0 | G5: 7.5945 | H5: 2.8715 | I5: 2.5233 | J5: 0.154
A6: 3 | B6: 3 | C6: 24.477 | D6: 120.818 | E6: 0.852 | F6: 1 | G6: 9.2402 | H6: 3.2726 | I6: 1.8385 | J6: 0.077
A7: 4 | B7: 1 | C7: 25.4 | D7: 41.583 | E7: 1 | F7: 0 | G7: 8.675 | H7: 3.4539 | I7: 1.8504 | J7: 0.462
A8: 4 | B8: 2 | C8: 25.88 | D8: 81.163 | E8: 1 | F8: 0 | G8: 8.9855 | H8: 3.1602 | I8: 2.3184 | J8: 0.077
A9: 4 | B9: 3 | C9: 25.78 | D9: 121.203 | E9: 1 | F9: 0 | G9: 8.9777 | H9: 3.1103 | I9: 2.9868 | J9: 0.077

Sheet adap_JavierSalinas
A1: AttemptID | B1: LapID | C1: LapDuration_s | D1: AttemptDuration_s | E1: LapProgress_0_1 | F1: DeathOccurred | G1: MeanDeviation_m | H1: SpeedSD_mps | I1: MicroCorrectionsRate_per_s | J1: ObstacleHitRate
A2: 20 | B2: 1 | C2: 7.308 | D2: 16.843 | E2: 0.407 | F2: 1 | G2: 5.8901 | H2: 5.1773 | I2: 2.6 | J2: 0
A3: 23 | B3: 1 | C3: 6.835 | D3: 17.404 | E3: 0.355 | F3: 1 | G3: 5.8675 | H3: 3.7791 | I3: 1.902 | J3: 0.077
A4: 25 | B4: 1 | C4: 7.824 | D4: 30.525 | E4: 0.355 | F4: 1 | G4: 5.0259 | H4: 3.2829 | I4: 2.5562 | J4: 0.077
A5: 28 | B5: 1 | C5: 3.936 | D5: 22.862 | E5: 0.299 | F5: 1 | G5: 6.1247 | H5: 2.5967 | I5: 3.3027 | J5: 0
A6: 31 | B6: 1 | C6: 9.698 | D6: 35.801 | E6: 0.404 | F6: 1 | G6: 11.9992 | H6: 6.1073 | I6: 4.7432 | J6: 0
A7: 32 | B7: 1 | C7: 25.6 | D7: 44.502 | E7: 1 | F7: 0 | G7: 5.8449 | H7: 4.0762 | I7: 3.6719 | J7: 0.231
A8: 33 | B8: 1 | C8: 4.463 | D8: 209.716 | E8: 0.282 | F8: 1 | G8: 4.1122 | H8: 4.5192 | I8: 3.1369 | J8: 0
A9: 34 | B9: 1 | C9: 4.425 | D9: 35.302 | E9: 1 | F9: 1 | G9: 9.0486 | H9: 2.347 | I9: 0.678 | J9: 0
A10: 35 | B10: 1 | C10: 3.761 | D10: 16.896 | E10: 1 | F10: 1 | G10: 11.8045 | H10: 1.8147 | I10: 0.5318 | J10: 0

Sheet adap_MariannaMaregatti
A1: AttemptID | B1: LapID | C1: LapDuration_s | D1: AttemptDuration_s | E1: LapProgress_0_1 | F1: DeathOccurred | G1: MeanDeviation_m | H1: SpeedSD_mps | I1: MicroCorrectionsRate_per_s | J1: ObstacleHitRate
A2: 24 | B2: 1 | C2: 10.964 | D2: 25.094 | E2: 0.51 | F2: 1 | G2: 7.824 | H2: 4.3039 | I2: 2.4627 | J2: 0
A3: 25 | B3: 1 | C3: 27.42 | D3: 42.137 | E3: 0.757 | F3: 1 | G3: 11.6045 | H3: 3.3801 | I3: 2.3705 | J3: 0.231
A4: 26 | B4: 1 | C4: 29.862 | D4: 47.361 | E4: 0.891 | F4: 1 | G4: 6.5959 | H4: 4.1287 | I4: 2.9469 | J4: 0.231
A5: 27 | B5: 1 | C5: 21.467 | D5: 30.865 | E5: 0.709 | F5: 1 | G5: 7.7265 | H5: 5.0223 | I5: 1.3043 | J5: 0.077
A6: 28 | B6: 1 | C6: 28.819 | D6: 36.892 | E6: 1 | F6: 1 | G6: 8.3969 | H6: 4.5834 | I6: 2.776 | J6: 0.231
A7: 29 | B7: 1 | C7: 9.858 | D7: 26.659 | E7: 0.427 | F7: 1 | G7: 11.5365 | H7: 1.8439 | I7: 0.7101 | J7: 0
A8: 30 | B8: 1 | C8: 19.403 | D8: 28.925 | E8: 0.682 | F8: 1 | G8: 9.3305 | H8: 5.0748 | I8: 2.3707 | J8: 0.308
A9: 31 | B9: 1 | C9: 10.982 | D9: 20.779 | E9: 0.437 | F9: 1 | G9: 7.9297 | H9: 2.1047 | I9: 3.6422 | J9: 0
A10: 32 | B10: 1 | C10: 25.26 | D10: 43.318 | E10: 1 | F10: 0 | G10: 7.6685 | H10: 5.3313 | I10: 2.3357 | J10: 0.308
A11: 32 | B11: 2 | C11: 14.838 | D11: 72.556 | E11: 0.565 | F11: 1 | G11: 6.1621 | H11: 4.5877 | I11: 0.8087 | J11: 0.154
A12: 34 | B12: 1 | C12: 9.497 | D12: 18.722 | E12: 0.458 | F12: 1 | G12: 4.0363 | H12: 3.4505 | I12: 2.0007 | J12: 0.077
A13: 35 | B13: 1 | C13: 18.482 | D13: 28.705 | E13: 0.682 | F13: 1 | G13: 6.8392 | H13: 3.7509 | I13: 2.002 | J13: 0.231
... A33: 53 | B33: 2 | C33: 24.42 | D33: 74.58 | E33: 1 | F33: 0 | G33: 7.3806 | H33: 3.6073 | I33: 2.7436 | J33: 0

Sheet adap_SebastianRatto
A1: AttemptID | B1: LapID | C1: LapDuration_s | D1: AttemptDuration_s | E1: LapProgress_0_1 | F1: DeathOccurred | G1: MeanDeviation_m | H1: SpeedSD_mps | I1: MicroCorrectionsRate_per_s | J1: ObstacleHitRate
A2: 10 | B2: 1 | C2: 14.351 | D2: 53.697 | E2: 0.505 | F2: 1 | G2: 12.1117 | H2: 3.5755 | I2: 1.2543 | J2: 0.077
A3: 12 | B3: 1 | C3: 18.096 | D3: 28.647 | E3: 0.666 | F3: 1 | G3: 9.5383 | H3: 4.6211 | I3: 0.7737 | J3: 0.154
A4: 13 | B4: 1 | C4: 15.136 | D4: 27.6 | E4: 0.588 | F4: 1 | G4: 5.3779 | H4: 3.1325 | I4: 2.3784 | J4: 0.077
A5: 14 | B5: 1 | C5: 20.19 | D5: 30.274 | E5: 0.682 | F5: 1 | G5: 10.1149 | H5: 4.3115 | I5: 2.0307 | J5: 0.308
A6: 15 | B6: 1 | C6: 24.98 | D6: 34.65 | E6: 1 | F6: 0 | G6: 8.9414 | H6: 4.4637 | I6: 4.5636 | J6: 0.154
A7: 15 | B7: 2 | C7: 26.761 | D7: 75.311 | E7: 0.977 | F7: 1 | G7: 12.067 | H7: 1.8033 | I7: 1.1584 | J7: 0
A8: 16 | B8: 1 | C8: 24.008 | D8: 34.007 | E8: 0.828 | F8: 1 | G8: 11.1001 | H8: 4.0445 | I8: 3.7487 | J8: 0.154
A9: 17 | B9: 1 | C9: 29.657 | D9: 45.948 | E9: 1 | F9: 1 | G9: 9.0681 | H9: 4.6939 | I9: 2.7313 | J9: 0.385
A10: 18 | B10: 1 | C10: 20.001 | D10: 30.445 | E10: 0.646 | F10: 1 | G10: 10.4397 | H10: 3.071 | I10: 1.8999 | J10: 0.077
A11: 19 | B11: 1 | C11: 28.298 | D11: 39.217 | E11: 0.991 | F11: 1 | G11: 9.3792 | H11: 3.9889 | I11: 2.8977 | J11: 0.154
A12: 20 | B12: 1 | C12: 14.667 | D12: 25.189 | E12: 0.568 | F12: 1 | G12: 8.6896 | H12: 3.8754 | I12: 1.2954 | J12: 0.077
A13: 21 | B13: 1 | C13: 52.308 | D13: 61.641 | E13: 1 | F13: 1 | G13: 10.7474 | H13: 3.773 | I13: 2.8676 | J13: 0
... A18: 25 | B18: 1 | C18: 25.38 | D18: 47.739 | E18: 1 | F18: 0 | G18: 11.1695 | H18: 3.716 | I18: 2.8763 | J18: 0.231

Sheet adap_SofiaVidal
A1: AttemptID | B1: LapID | C1: LapDuration_s | D1: AttemptDuration_s | E1: LapProgress_0_1 | F1: DeathOccurred | G1: MeanDeviation_m | H1: SpeedSD_mps | I1: MicroCorrectionsRate_per_s | J1: ObstacleHitRate
A2: 56 | B2: 1 | C2: 22.266 | D2: 38.149 | E2: 0.712 | F2: 1 | G2: 12.7191 | H2: 3.6899 | I2: 0.4491 | J2: 0.385
A3: 57 | B3: 1 | C3: 13.627 | D3: 26.361 | E3: 0.505 | F3: 1 | G3: 12.0562 | H3: 5.7698 | I3: 0.1468 | J3: 0.154
A4: 58 | B4: 1 | C4: 11.388 | D4: 24.381 | E4: 0.465 | F4: 1 | G4: 8.3606 | H4: 4.9132 | I4: 0 | J4: 0.077
A5: 59 | B5: 1 | C5: 18.6 | D5: 30.032 | E5: 0.682 | F5: 1 | G5: 11.7273 | H5: 4.2792 | I5: 0.6452 | J5: 0.385
A6: 61 | B6: 1 | C6: 21.073 | D6: 48.178 | E6: 0.652 | F6: 1 | G6: 8.4742 | H6: 5.731 | I6: 0.7118 | J6: 0.308
A7: 62 | B7: 1 | C7: 11.76 | D7: 23.447 | E7: 0.51 | F7: 1 | G7: 3.7183 | H7: 4.3687 | I7: 1.1905 | J7: 0.154
A8: 63 | B8: 1 | C8: 25.5 | D8: 35.58 | E8: 1 | F8: 0 | G8: 11.3916 | H8: 3.0803 | I8: 2.0392 | J8: 0.308
A9: 63 | B9: 2 | C9: 16.045 | D9: 66.145 | E9: 0.542 | F9: 1 | G9: 8.8077 | H9: 4.4328 | I9: 0.7479 | J9: 0.154
A10: 64 | B10: 1 | C10: 21.394 | D10: 32.269 | E10: 0.652 | F10: 1 | G10: 7.6515 | H10: 4.41 | I10: 1.8229 | J10: 0.231
A11: 65 | B11: 1 | C11: 15.613 | D11: 26.659 | E11: 0.53 | F11: 1 | G11: 11.161 | H11: 2.947 | I11: 3.9711 | J11: 0.154
A12: 66 | B12: 1 | C12: 25.02 | D12: 35.867 | E12: 1 | F12: 0 | G12: 8.5099 | H12: 4.3324 | I12: 3.0376 | J12: 0.538
A13: 66 | B13: 2 | C13: 24.071 | D13: 73.998 | E13: 0.842 | F13: 1 | G13: 7.6127 | H13: 4.8007 | I13: 1.9526 | J13: 0.231
... A39: 85 | B39: 5 | C39: 19.813 | D39: 189.573 | E39: 0.682 | F39: 1 | G39: 8.9746 | H39: 3.1445 | I39: 1.2618 | J39: 0

Sheet adap_VicenteOlguin
A1: AttemptID | B1: LapID | C1: LapDuration_s | D1: AttemptDuration_s | E1: LapProgress_0_1 | F1: DeathOccurred | G1: MeanDeviation_m | H1: SpeedSD_mps | I1: MicroCorrectionsRate_per_s | J1: ObstacleHitRate
A2: 12 | B2: 1 | C2: 24.92 | D2: 35.038 | E2: 1 | F2: 0 | G2: 8.522 | H2: 4.7796 | I2: 8.2664 | J2: 0.385
A3: 12 | B3: 2 | C3: 25.42 | D3: 74.918 | E3: 1 | F3: 0 | G3: 8.4622 | H3: 4.517 | I3: 9.0874 | J3: 0.231
A4: 12 | B4: 3 | C4: 25.34 | D4: 114.458 | E4: 1 | F4: 0 | G4: 8.4229 | H4: 4.8179 | I4: 8.5635 | J4: 0.231
A5: 12 | B5: 4 | C5: 25.36 | D5: 154.038 | E5: 1 | F5: 0 | G5: 9.3645 | H5: 5.1132 | I5: 5.1262 | J5: 0

Sheet adap_VicenteQuintana
A1: AttemptID | B1: LapID | C1: LapDuration_s | D1: AttemptDuration_s | E1: LapProgress_0_1 | F1: DeathOccurred | G1: MeanDeviation_m | H1: SpeedSD_mps | I1: MicroCorrectionsRate_per_s | J1: ObstacleHitRate
A2: 1 | B2: 1 | C2: 11.306 | D2: 97.946 | E2: 0.459 | F2: 1 | G2: 14.4941 | H2: 4.2425 | I2: 1.8575 | J2: 1
A3: 4 | B3: 1 | C3: 11.07 | D3: 21.48 | E3: 0.474 | F3: 1 | G3: 14.9674 | H3: 5.475 | I3: 0.3613 | J3: 0.154
A4: 5 | B4: 1 | C4: 13.263 | D4: 170.893 | E4: 0.505 | F4: 1 | G4: 10.549 | H4: 3.5186 | I4: 0.377 | J4: 0.154
A5: 6 | B5: 1 | C5: 11.427 | D5: 21.244 | E5: 0.505 | F5: 1 | G5: 12.4608 | H5: 3.7097 | I5: 1.7503 | J5: 0
A6: 7 | B6: 1 | C6: 12.768 | D6: 85.441 | E6: 0.505 | F6: 1 | G6: 10.1222 | H6: 3.7133 | I6: 0.1566 | J6: 0.077
A7: 8 | B7: 1 | C7: 13.18 | D7: 31.013 | E7: 0.508 | F7: 1 | G7: 11.9486 | H7: 4.6041 | I7: 1.8968 | J7: 0.077
A8: 9 | B8: 1 | C8: 25.448 | D8: 99.508 | E8: 0.872 | F8: 1 | G8: 10.1316 | H8: 4.0893 | I8: 3.5366 | J8: 0.308

Sheet adap_VicenteVidal
A1: AttemptID | B1: LapID | C1: LapDuration_s | D1: AttemptDuration_s | E1: LapProgress_0_1 | F1: DeathOccurred | G1: MeanDeviation_m | H1: SpeedSD_mps | I1: MicroCorrectionsRate_per_s | J1: ObstacleHitRate
A2: 11 | B2: 1 | C2: 18.812 | D2: 61.097 | E2: 0.682 | F2: 1 | G2: 9.0631 | H2: 3.9203 | I2: 4.1994 | J2: 0.385
A3: 12 | B3: 1 | C3: 25.36 | D3: 36.328 | E3: 1 | F3: 0 | G3: 8.7862 | H3: 3.1185 | I3: 4.8107 | J3: 0.462
A4: 12 | B4: 2 | C4: 11.474 | D4: 61.922 | E4: 0.375 | F4: 1 | G4: 7.0459 | H4: 3.3654 | I4: 1.3944 | J4: 0.077
A5: 13 | B5: 1 | C5: 25.64 | D5: 39.726 | E5: 1 | F5: 0 | G5: 8.0072 | H5: 3.9622 | I5: 5.1092 | J5: 0.615
A6: 13 | B6: 2 | C6: 25.76 | D6: 79.006 | E6: 1 | F6: 0 | G6: 6.9265 | H6: 4.8956 | I6: 3.0668 | J6: 0.385
A7: 13 | B7: 3 | C7: 7.511 | D7: 100.736 | E7: 0.356 | F7: 1 | G7: 5.0084 | H7: 4.9689 | I7: 0.5326 | J7: 0

Sheet adap_yo
A1: AttemptID | B1: LapID | C1: LapDuration_s | D1: AttemptDuration_s | E1: LapProgress_0_1 | F1: DeathOccurred | G1: MeanDeviation_m | H1: SpeedSD_mps | I1: MicroCorrectionsRate_per_s | J1: ObstacleHitRate
A2: 2 | B2: 1 | C2: 25.536 | D2: 592.127 | E2: 1 | F2: 1 | G2: 12.0392 | H2: 3.6849 | I2: 1.6839 | J2: 0.231
A3: 3 | B3: 1 | C3: 18.379 | D3: 27.383 | E3: 0.62 | F3: 1 | G3: 7.7229 | H3: 5.8218 | I3: 2.1764 | J3: 0.154

Sheet Sheet1
A1: Jugador | B1: LapDuration_s | C1: AttemptDuration_s | D1: LapProgress_0_1 | E1: DeathOccurred | F1: MeanDeviation_m | G1: SpeedSD_mps | H1: MicroCorrectionsRate_per_s | I1: ObstacleHitRate | J1: AbandonoPilar
A2: jgu1 | B2: =AVERAGE(adap_CataAguilar!C:C) -> 25.488 | C2: =AVERAGE(adap_CataAguilar!D:D) -> 88.1744 | D2: =AVERAGE(adap_CataAguilar!E:E) -> 0.9532 | E2: =AVERAGE(adap_CataAguilar!F:F) -> 0.3 | F2: =AVERAGE(adap_CataAguilar!G:G) -> 5.85851 | G2: =AVERAGE(adap_CataAguilar!H:H) -> 4.45012 | H2: =AVERAGE(adap_CataAguilar!I:I) -> 3.30261 | I2: =AVERAGE(adap_CataAguilar!J:J) -> 0.2616 | J2: 0
A3: jgu2 | B3: =AVERAGE(adap_GonzaloCampos!C:C) -> 16.0391 | C3: =AVERAGE(adap_GonzaloCampos!D:D) -> 38.228 | D3: =AVERAGE(adap_GonzaloCampos!E:E) -> 0.5792 | E3: =AVERAGE(adap_GonzaloCampos!F:F) -> 0.9 | F3: =AVERAGE(adap_GonzaloCampos!G:G) -> 9.76652 | G3: =AVERAGE(adap_GonzaloCampos!H:H) -> 4.55264 | H3: =AVERAGE(adap_GonzaloCampos!I:I) -> 3.88037 | I3: =AVERAGE(adap_GonzaloCampos!J:J) -> 0.1539 | J3: 0
A4: jgu3 | B4: =AVERAGE(adap_IgnaciaDelgado!C:C) -> 17.9234 | C4: =AVERAGE(adap_IgnaciaDelgado!D:D) -> 40.6732 | D4: =AVERAGE(adap_IgnaciaDelgado!E:E) -> 0.687 | E4: =AVERAGE(adap_IgnaciaDelgado!F:F) -> 0.7 | F4: =AVERAGE(adap_IgnaciaDelgado!G:G) -> 8.94713 | G4: =AVERAGE(adap_IgnaciaDelgado!H:H) -> 4.88155 | H4: =AVERAGE(adap_IgnaciaDelgado!I:I) -> 4.26587 | I4: =AVERAGE(adap_IgnaciaDelgado!J:J) -> 0.2541 | J4: 0
A5: jgu4 | B5: =AVERAGE(adap_IsidoraToledo!C:C) -> 24.372 | C5: =AVERAGE(adap_IsidoraToledo!D:D) -> 72.22275 | D5: =AVERAGE(adap_IsidoraToledo!E:E) -> 0.939875 | E5: =AVERAGE(adap_IsidoraToledo!F:F) -> 0.25 | F5: =AVERAGE(adap_IsidoraToledo!G:G) -> 8.4375 | G5: =AVERAGE(adap_IsidoraToledo!H:H) -> 3.4499375 | H5: =AVERAGE(adap_IsidoraToledo!I:I) -> 2.27955 | I5: =AVERAGE(adap_IsidoraToledo!J:J) -> 0.654 | J5: 0
A6: jgu5 | B6: =AVERAGE(adap_JavierSalinas!C:C) -> 8.2055556 | C6: =AVERAGE(adap_JavierSalinas!D:D) -> 47.761222 | D6: =AVERAGE(adap_JavierSalinas!E:E) -> 0.56688889 | E6: =AVERAGE(adap_JavierSalinas!F:F) -> 0.88888889 | F6: =AVERAGE(adap_JavierSalinas!G:G) -> 7.3019556 | G6: =AVERAGE(adap_JavierSalinas!H:H) -> 3.7444889 | H6: =AVERAGE(adap_JavierSalinas!I:I) -> 2.5691889 | I6: =AVERAGE(adap_JavierSalinas!J:J) -> 0.042777778 | J6: 0
A7: jgu6 | B7: =AVERAGE(adap_MariannaMaregatti!C:C) -> 19.478875 | C7: =AVERAGE(adap_MariannaMaregatti!D:D) -> 34.342406 | D7: =AVERAGE(adap_MariannaMaregatti!E:E) -> 0.7139375 | E7: =AVERAGE(adap_MariannaMaregatti!F:F) -> 0.84375 | F7: =AVERAGE(adap_MariannaMaregatti!G:G) -> 8.9268 | G7: =AVERAGE(adap_MariannaMaregatti!H:H) -> 3.8153188 | H7: =AVERAGE(adap_MariannaMaregatti!I:I) -> 2.1037375 | I7: =AVERAGE(adap_MariannaMaregatti!J:J) -> 0.15878125 | J7: 0
A8: jgu7 | B8: =AVERAGE(adap_SebastianRatto!C:C) -> 23.840353 | C8: =AVERAGE(adap_SebastianRatto!D:D) -> 41.450294 | D8: =AVERAGE(adap_SebastianRatto!E:E) -> 0.81023529 | E8: =AVERAGE(adap_SebastianRatto!F:F) -> 0.82352941 | F8: =AVERAGE(adap_SebastianRatto!G:G) -> 9.8713471 | G8: =AVERAGE(adap_SebastianRatto!H:H) -> 3.7693118 | H8: =AVERAGE(adap_SebastianRatto!I:I) -> 2.5596118 | I8: =AVERAGE(adap_SebastianRatto!J:J) -> 0.14947059 | J8: 0
A9: jgu8 | B9: =AVERAGE(adap_SofiaVidal!C:C) -> 19.675553 | C9: =AVERAGE(adap_SofiaVidal!D:D) -> 50.404816 | D9: =AVERAGE(adap_SofiaVidal!E:E) -> 0.73218421 | E9: =AVERAGE(adap_SofiaVidal!F:F) -> 0.71052632 | F9: =AVERAGE(adap_SofiaVidal!G:G) -> 9.0371026 | G9: =AVERAGE(adap_SofiaVidal!H:H) -> 4.2829789 | H9: =AVERAGE(adap_SofiaVidal!I:I) -> 2.1041816 | I9: =AVERAGE(adap_SofiaVidal!J:J) -> 0.27544737 | J9: 0
A10: jgu9 | B10: =AVERAGE(adap_VicenteOlguin!C:C) -> 25.26 | C10: =AVERAGE(adap_VicenteOlguin!D:D) -> 94.613 | D10: =AVERAGE(adap_VicenteOlguin!E:E) -> 1 | E10: =AVERAGE(adap_VicenteOlguin!F:F) -> 0 | F10: =AVERAGE(adap_VicenteOlguin!G:G) -> 8.6929 | G10: =AVERAGE(adap_VicenteOlguin!H:H) -> 4.806925 | H10: =AVERAGE(adap_VicenteOlguin!I:I) -> 7.760875 | I10: =AVERAGE(adap_VicenteOlguin!J:J) -> 0.21175 | J10: 0
A11: jgu10 | B11: =AVERAGE(adap_VicenteQuintana!C:C) -> 14.066 | C11: =AVERAGE(adap_VicenteQuintana!D:D) -> 75.360714 | D11: =AVERAGE(adap_VicenteQuintana!E:E) -> 0.54685714 | E11: =AVERAGE(adap_VicenteQuintana!F:F) -> 1 | F11: =AVERAGE(adap_VicenteQuintana!G:G) -> 12.096243 | G11: =AVERAGE(adap_VicenteQuintana!H:H) -> 4.1932143 | H11: =AVERAGE(adap_VicenteQuintana!I:I) -> 1.4194429 | I11: =AVERAGE(adap_VicenteQuintana!J:J) -> 0.25285714 | J11: 0
A12: jgu11 | B12: =AVERAGE(adap_VicenteVidal!C:C) -> 19.092833 | C12: =AVERAGE(adap_VicenteVidal!D:D) -> 63.135833 | D12: =AVERAGE(adap_VicenteVidal!E:E) -> 0.7355 | E12: =AVERAGE(adap_VicenteVidal!F:F) -> 0.5 | F12: =AVERAGE(adap_VicenteVidal!G:G) -> 7.4728833 | G12: =AVERAGE(adap_VicenteVidal!H:H) -> 4.0384833 | H12: =AVERAGE(adap_VicenteVidal!I:I) -> 3.1855167 | I12: =AVERAGE(adap_VicenteVidal!J:J) -> 0.32066667 | J12: 0
A13: jgu12 | B13: =AVERAGE(adap_yo!C:C) -> 21.9575 | C13: =AVERAGE(adap_yo!D:D) -> 309.755 | D13: =AVERAGE(adap_yo!E:E) -> 0.81 | E13: =AVERAGE(adap_yo!F:F) -> 1 | F13: =AVERAGE(adap_yo!G:G) -> 9.88105 | G13: =AVERAGE(adap_yo!H:H) -> 4.75335 | H13: =AVERAGE(adap_yo!I:I) -> 1.93015 | I13: =AVERAGE(adap_yo!J:J) -> 0.1925 | J13: 0
