Workbook

Sheet Orientation
A1: AttemptID | B1: SegmentId | C1: TotalDuration_s | D1: AverageAngle_deg | E1: TimeLookingAway_s | F1: PercentTimeLookingAway | G1: ReorientationCount | H1: EndedInDeath | I1: TargetPlatform
A2: 8 | B2: JetpackSegment_25 | C2: 1.116259 | D2: 18.08292 | E2: 0.2278537 | F2: 0.2041225 | G2: 0 | H2: 0 | I2: TargetAnchor1
A3: 8 | B3: JetpackSegment_26 | C3: 1.476774 | D3: 31.72499 | E3: 0.6391793 | F3: 0.4328215 | G3: 0 | H3: 0 | I3: TargetAnchor2
A4: 8 | B4: JetpackSegment_27 | C4: 2.715775 | D4: 56.52604 | E4: 1.427598 | F4: 0.5256687 | G4: 0 | H4: 1 | I4: TargetAnchor3
A5: 9 | B5: JetpackSegment_28 | C5: 1.343527 | D5: 29.79132 | E5: 0.4326061 | F5: 0.3219928 | G5: 0 | H5: 0 | I5: TargetAnchor1
A6: 9 | B6: JetpackSegment_29 | C6: 1.634246 | D6: 28.4378 | E6: 0.4015956 | F6: 0.2457375 | G6: 0 | H6: 1 | I6: TargetAnchor2
A7: 10 | B7: JetpackSegment_30 | C7: 1.099843 | D7: 14.4378 | E7: 0.09978311 | F7: 0.09072484 | G7: 0 | H7: 0 | I7: TargetAnchor1
A8: 10 | B8: JetpackSegment_31 | C8: 1.165377 | D8: 20.00159 | E8: 0.3421537 | F8: 0.2935992 | G8: 0 | H8: 0 | I8: TargetAnchor2
A9: 10 | B9: JetpackSegment_32 | C9: 1.716802 | D9: 56.44999 | E9: 1.054 | F9: 0.6139324 | G9: 0 | H9: 1 | I9: TargetAnchor3
A10: 11 | B10: JetpackSegment_33 | C10: 1.115701 | D10: 22.34888 | E10: 0.25975 | F10: 0.2328132 | G10: 0 | H10: 0 | I10: TargetAnchor1
A11: 11 | B11: JetpackSegment_34 | C11: 1.681374 | D11: 27.4453 | E11: 0.5719826 | F11: 0.3401877 | G11: 0 | H11: 0 | I11: TargetAnchor2
A12: 11 | B12: JetpackSegment_35 | C12: 1.269129 | D12: 15.06921 | E12: 0 | F12: 0 | G12: 0 | H12: 0 | I12: TargetAnchor3
... A34: 15 | B34: JetpackSegment_57 | C34: 2.293518 | D34: 100.6861 | E34: 2.293518 | F34: 1 | G34: 0 | H34: 0 | I34: TargetAnchor8

Sheet Trajectory
A1: AttemptID | B1: StartTime | C1: Duration | D1: Efficiency | E1: ZigZag_Average | F1: Curvature_Normalized | G1: MaxLateralOffset | H1: LandingError | I1: TotalDistance | J1: VerticalOscillation | K1: EndedInDeath | L1: TargetAnchorName
A2: 8 | B2: 407.8795 | C2: 1.114532 | D2: 1 | E2: 1.908274 | F2: 7.330432 | G2: 0.1959176 | H2: 0.1628127 | I2: 11.45417 | J2: 3.071656 | K2: 0 | L2: TargetAnchor1
A3: 8 | B3: 414.6092 | C3: 1.480804 | D3: 1 | E3: 2.705663 | F3: 9.588902 | G3: 0.3592938 | H3: 1.502257 | I3: 16.92997 | J3: 7.718627 | K3: 0 | L3: TargetAnchor2
A4: 8 | B4: 419.8583 | C4: 2.716705 | D4: 0.9112756 | E4: 2.61328 | F4: 8.739966 | G4: 0.6557026 | H4: 9.915148 | I4: 34.6844 | J4: 22.62792 | K4: 1 | L4: TargetAnchor3
A5: 9 | B5: 432.2801 | C5: 1.344147 | D5: 1 | E5: 2.364137 | F5: 9.033658 | G5: 0.2380537 | H5: 1.105307 | I5: 14.65538 | J5: 5.821973 | K5: 0 | L5: TargetAnchor1
A6: 9 | B6: 435.4388 | C6: 1.634216 | D6: 1 | E6: 2.543941 | F6: 8.382358 | G6: 0.5718963 | H6: 11.96464 | I6: 20.63715 | J6: 11.35782 | K6: 1 | L6: TargetAnchor2
A7: 10 | B7: 445.2897 | C7: 1.097412 | D7: 1 | E7: 2.096931 | F7: 7.697505 | G7: 0.1901606 | H7: 2.633484 | I7: 11.71393 | J7: 4.341305 | K7: 0 | L7: TargetAnchor1
A8: 10 | B8: 449.6339 | C8: 1.161835 | D8: 1 | E8: 3.159875 | F8: 11.16774 | G8: 0.3071631 | H8: 3.150199 | I8: 12.44966 | J8: 4.656608 | K8: 0 | L8: TargetAnchor2
A9: 10 | B9: 453.7531 | C9: 1.71637 | D9: 1 | E9: 1.856177 | F9: 5.616993 | G9: 0.6763453 | H9: 9.613131 | I9: 24.45385 | J9: 15.67324 | K9: 1 | L9: TargetAnchor3
A10: 11 | B10: 461.8595 | C10: 1.118042 | D10: 1 | E10: 2.538529 | F10: 9.334689 | G10: 0.1963852 | H10: 1.620386 | I10: 11.96561 | J10: 4.539469 | K10: 0 | L10: TargetAnchor1
A11: 11 | B11: 465.6405 | C11: 1.66626 | D11: 1 | E11: 2.482528 | F11: 8.432117 | G11: 0.3310064 | H11: 2.666546 | I11: 18.54804 | J11: 7.754258 | K11: 0 | L11: TargetAnchor2
A12: 11 | B12: 469.969 | C12: 1.26889 | D12: 1 | E12: 3.936398 | F12: 14.30715 | G12: 0.3011813 | H12: 2.197485 | I12: 14.30702 | J12: 6.219713 | K12: 0 | L12: TargetAnchor3
A13: 11 | B13: 472.2645 | C13: 0.7766724 | D13: 1 | E13: 3.780636 | F13: 23.70354 | G13: 0.1562885 | H13: 28.18817 | I13: 5.103894 | J13: 3.098145 | K13: 0 | L13: TargetAnchor4
... A34: 15 | B34: 580.0782 | C34: 2.291748 | D34: 0.933471 | E34: 4.701624 | F34: 9.311681 | G34: 0.6690385 | H34: 11.07589 | I34: 26.76059 | J34: 16.40648 | K34: 0 | L34: TargetAnchor8

Sheet Landing
A1: AttemptID | B1: SegmentId | C1: TargetPlatform | D1: LandingOffset_m | E1: LandingOffset_Forward_m | F1: LandingOffset_Side_m | G1: SafetyMargin_m | H1: VerticalSpeed_mps | I1: ApproachAngle_deg | J1: MicroCorrections_0_5s | K1: PreLandingHorizontalJitter | L1: PostStabilizationTime_s | M1: PostLandingDrift_m | N1: LandingFailed | O1: PostLandingFall | P1: LandingType
A2: 8 | B2: LandingSegment_1 | C2: TargetAnchor1 | D2: 0.1624407 | E2: -0.05699158 | F2: 0.1521149 | G2: 2.701124 | H2: -6.388426 | I2: 0 | J2: 0 | K2: 0.07163043 | L2: 0.8403625 | M2: 2.376661 | N2: 0 | O2: 0 | P2: CleanLanding
A3: 8 | B3: LandingSegment_2 | C3: TargetAnchor2 | D3: 1.497537 | E3: -1.388748 | F3: -0.5603523 | G3: 2.154394 | H3: -14.91496 | I3: 0 | J3: 0 | K3: 0 | L3: 1.438293 | M3: 3.002033 | N3: 0 | O3: 0 | P3: CleanLanding
A4: 8 | B4: LandingSegment_3 | C4: TargetAnchor3 | D4: 4.401474 | E4: 1.142265 | F4: -4.250671 | G4: 0 | H4: -14.91496 | I4: 0 | J4: 4 | K4: 7.941524 | L4: 0 | M4: 0 | N4: 1 | O4: 1 | P4: RightSideFall
A5: 9 | B5: LandingSegment_4 | C5: TargetAnchor1 | D5: 1.105252 | E5: 0.7226715 | F5: -0.8362579 | G5: 2.028118 | H5: -7.332437 | I5: 0 | J5: 0 | K5: 0 | L5: 0 | M5: 4.226784 | N5: 1 | O5: 1 | P5: HitThenFall
A6: 10 | B6: LandingSegment_5 | C6: TargetAnchor1 | D6: 2.633461 | E6: -0.8295593 | F6: 2.49939 | G6: 0.2765827 | H6: -3.594212 | I6: 0 | J6: 0 | K6: 0.4659907 | L6: 0.8680115 | M6: 2.924315 | N6: 0 | O6: 0 | P6: EdgeLanding
A7: 10 | B7: LandingSegment_6 | C7: TargetAnchor2 | D7: 3.14795 | E7: 3.075363 | F7: -0.6721115 | G7: 0.1837296 | H7: -9.096694 | I7: 0 | J7: 0 | K7: 0.622094 | L7: 1.283447 | M7: 3.274054 | N7: 0 | O7: 0 | P7: EdgeLanding
A8: 10 | B8: LandingSegment_7 | C8: TargetAnchor3 | D8: 3.957669 | E8: -3.695091 | F8: -1.417549 | G8: 0 | H8: -9.096694 | I8: 0 | J8: 0 | K8: 1.832502 | L8: 0 | M8: 0 | N8: 1 | O8: 1 | P8: OverShoot
A9: 11 | B9: LandingSegment_8 | C9: TargetAnchor1 | D9: 1.620349 | E9: -0.5240631 | F9: 1.53326 | G9: 1.285511 | H9: -6.449286 | I9: 0 | J9: 0 | K9: 0.3683457 | L9: 0.526123 | M9: 0.2569143 | N9: 0 | O9: 0 | P9: CleanLanding
A10: 11 | B10: LandingSegment_9 | C10: TargetAnchor2 | D10: 2.663889 | E10: 1.361694 | F10: -2.289562 | G10: 0.7370164 | H10: -9.859602 | I10: 0 | J10: 0 | K10: 0 | L10: 0.91922 | M10: 2.851802 | N10: 0 | O10: 0 | P10: CleanLanding
A11: 11 | B11: LandingSegment_10 | C11: TargetAnchor3 | D11: 2.141429 | E11: 2.130463 | F11: 0.2164383 | G11: 1.02533 | H11: -8.229497 | I11: 0 | J11: 1 | K11: 5.002325 | L11: 0 | M11: 0.9539461 | N11: 1 | O11: 1 | P11: HitThenFall
A12: 11 | B12: LandingSegment_11 | C12: TargetAnchor4 | D12: 1.91288 | E12: 1.876961 | F12: 0.3689575 | G12: 0.9889064 | H12: -10.75238 | I12: 0 | J12: 0 | K12: 0.05457283 | L12: 1.001709 | M12: 1.763161 | N12: 0 | O12: 0 | P12: CleanLanding
A13: 11 | B13: LandingSegment_12 | C13: TargetAnchor5 | D13: 1.83584 | E13: 1.547119 | F13: -0.9882965 | G13: 0.9089017 | H13: -12.42986 | I13: 0 | J13: 0 | K13: 0.794519 | L13: 0.5167236 | M13: 0.184254 | N13: 0 | O13: 0 | P13: CleanLanding
... A31: 15 | B31: LandingSegment_30 | C31: TargetAnchor8 | D31: 8.880548 | E31: -0.1203232 | F31: 8.879732 | G31: 0 | H31: -15.22833 | I31: 0 | J31: 0 | K31: 3.171863 | L31: 0.6863403 | M31: 1.526341 | N31: 1 | O31: 0 | P31: MissedPlatform_Standing

Sheet Multitasking
A1: AttemptID | B1: LapID | C1: LapDuration_s | D1: AttemptDuration_s | E1: LapProgress_0_1 | F1: DeathOccurred | G1: MeanDeviation_m | H1: SpeedSD_mps | I1: MicroCorrectionsRate_per_s | J1: ObstacleHitRate
A2: 6 | B2: 1 | C2: 13.163 | D2: 30.628 | E2: 0.417 | F2: 1 | G2: 9.6056 | H2: 4.8532 | I2: 0.1519 | J2: 0.077
A3: 7 | B3: 1 | C3: 13.723 | D3: 24.46 | E3: 0.505 | F3: 1 | G3: 12.1277 | H3: 4.6603 | I3: 2.1133 | J3: 0.154
A4: 8 | B4: 1 | C4: 7.706 | D4: 19.963 | E4: 0.407 | F4: 1 | G4: 5.9881 | H4: 2.5594 | I4: 1.8167 | J4: 0.077
A5: 9 | B5: 1 | C5: 16.112 | D5: 26.485 | E5: 0.601 | F5: 1 | G5: 12.9791 | H5: 5.3716 | I5: 2.3585 | J5: 0.154
A6: 10 | B6: 1 | C6: 9.721 | D6: 21.55 | E6: 0.471 | F6: 1 | G6: 7.9156 | H6: 4.4217 | I6: 1.0287 | J6: 0.154
A7: 11 | B7: 1 | C7: 6.561 | D7: 16.259 | E7: 0.389 | F7: 1 | G7: 3.6809 | H7: 4.0874 | I7: 3.2009 | J7: 0.077
A8: 12 | B8: 1 | C8: 9.486 | D8: 20.125 | E8: 0.438 | F8: 1 | G8: 9.9953 | H8: 5.1533 | I8: 4.006 | J8: 0.154
A9: 13 | B9: 1 | C9: 9.851 | D9: 21.965 | E9: 0.416 | F9: 1 | G9: 7.4628 | H9: 4.911 | I9: 1.2182 | J9: 0.077
A10: 14 | B10: 1 | C10: 8.116 | D10: 19.565 | E10: 0.449 | F10: 1 | G10: 5.7605 | H10: 4.484 | I10: 2.2179 | J10: 0.077
A11: 15 | B11: 1 | C11: 14.475 | D11: 22.819 | E11: 0.546 | F11: 1 | G11: 4.7019 | H11: 4.1086 | I11: 1.0363 | J11: 0.231
A12: 16 | B12: 1 | C12: 8.939 | D12: 21.384 | E12: 0.465 | F12: 1 | G12: 8.4776 | H12: 3.1139 | I12: 5.3699 | J12: 0
A13: 17 | B13: 1 | C13: 24.682 | D13: 38.924 | E13: 0.866 | F13: 1 | G13: 8.3628 | H13: 4.1123 | I13: 2.4309 | J13: 0.308
... A16: 20 | B16: 1 | C16: 3.658 | D16: 13.791 | E16: 0.351 | F16: 0 | G16: 6.3551 | H16: 0.1475 | I16: 0 | J16: 0

Sheet Jitter
A1: AttemptID | B1: RetryNumber | C1: WaveNumber | D1: Death | E1: CurrentJitter | F1: SmoothedJitter | G1: IsHard | H1: JitterPeak | I1: JitterVariance | J1: JitterStdDev | K1: JitterEvents | L1: OvershootCount | M1: JitterArea | N1: JitterDirectionBias | O1: JitterClusters
A2: WaveFailTime | B2: 0 | C2: 81.4624
A3: WaveFailTime | B3: 0 | C3: 103.0157
A4: WaveFailTime | B4: 0 | C4: 125.6442
A5: WaveFailTime | B5: 0 | C5: 147.4213
A6: WaveFailTime | B6: 0 | C6: 194.1956
A7: WaveFailTime | B7: 0 | C7: 224.8233
A8: WaveFailTime | B8: 0 | C8: 249.2829
A9: WaveFailTime | B9: 0 | C9: 269.2463
A10: WaveFailTime | B10: 0 | C10: 295.7316
A11: WaveFailTime | B11: 0 | C11: 317.2813
A12: WaveFailTime | B12: 0 | C12: 333.5407
A13: WaveFailTime | B13: 0 | C13: 353.6657
... A20: WaveFailTime | B20: 0 | C20: 534.6068

Sheet Obstacle
A1: EventType | B1: AttemptID | C1: SegmentID | D1: GateID | E1: EntryTime | F1: ExitTime | G1: TimeToClear_s | H1: Cleared | I1: ObstacleTouched | J1: ContactDuration_s | K1: ContactCount | L1: FirstContactTime_s | M1: JetpackActiveTime_s | N1: CrouchTime_s | O1: AirborneTime_s | P1: ContactX | Q1: ContactY | R1: ContactZ
A2: GATE | B2: 1 | C2: 1 | D2: 1 | E2: 28.92 | F2: 30.9 | G2: 1.98 | H2: 1 | I2: 1 | J2: 0.04 | K2: 1 | L2: 0.76 | M2: 0.0542 | N2: 0 | O2: 1.1959 | P2: 0 | Q2: 0 | R2: 0
A3: GATE | B3: 2 | C3: 2 | D3: 2 | E3: 34.06 | F3: 35.7 | G3: 1.64 | H3: 1 | I3: 0 | J3: 0 | K3: 0 | L3: -1 | M3: 0 | N3: 0 | O3: 1.0222 | P3: 157.4541 | Q3: 2.2317 | R3: 11.0899
A4: GATE | B4: 3 | C4: 3 | D4: 3 | E4: 37.4 | F4: 38.56 | G4: 1.16 | H4: 1 | I4: 0 | J4: 0 | K4: 0 | L4: -1 | M4: 0.4179 | N4: 0 | O4: 0.9821 | P4: 187.8026 | Q4: 2.2433 | R4: 12.5525
A5: GATE | B5: 4 | C5: 4 | D5: 4 | E5: 69.6 | F5: 71.12 | G5: 1.52 | H5: 1 | I5: 1 | J5: 0.06 | K5: 3 | L5: 0.4 | M5: 0 | N5: 0 | O5: 0.9588 | P5: 178.5443 | Q5: 2.2453 | R5: 61.3611
A6: GATE | B6: 5 | C6: 5 | D6: 5 | E6: 71.14 | F6: 72.52 | G6: 1.38 | H6: 1 | I6: 0 | J6: 0 | K6: 0 | L6: -1 | M6: 1.3154 | N6: 0 | O6: 1.3642 | P6: 164.7464 | Q6: 3.5061 | R6: 59.3541
A7: GATE | B7: 6 | C7: 6 | D7: 6 | E7: 72.92 | F7: 74.32 | G7: 1.4 | H7: 1 | I7: 0 | J7: 0 | K7: 0 | L7: -1 | M7: 0.0851 | N7: 0 | O7: 1.4046 | P7: 147.6033 | Q7: 12.1432 | R7: 62.7825
A8: DEATH | B8: 0 | C8: 0 | D8: 0 | E8: 0 | F8: 0 | G8: 0 | H8: 0 | I8: 0 | J8: 0 | K8: 0 | L8: 0 | M8: 0 | N8: 0 | O8: 0 | P8: 0 | Q8: 0 | R8: 0
A9: GATE | B9: 4 | C9: 4 | D9: 4 | E9: 91.88 | F9: 93.36 | G9: 1.48 | H9: 1 | I9: 1 | J9: 0.02 | K9: 1 | L9: 0.46 | M9: 0 | N9: 0 | O9: 1.0235 | P9: 0 | Q9: 0 | R9: 0
A10: GATE | B10: 5 | C10: 5 | D10: 5 | E10: 93.4 | F10: 94.76 | G10: 1.36 | H10: 1 | I10: 0 | J10: 0 | K10: 0 | L10: -1 | M10: 1.2364 | N10: 0 | O10: 1.3575 | P10: 164.5155 | Q10: 3.0442 | R10: 61.2939
A11: GATE | B11: 6 | C11: 6 | D11: 6 | E11: 95.12 | F11: 96.1 | G11: 0.98 | H11: 1 | I11: 0 | J11: 0 | K11: 0 | L11: -1 | M11: 0 | N11: 0 | O11: 0.9819 | P11: 147.5701 | Q11: 3.6847 | R11: 62.0627
A12: DEATH | B12: 0 | C12: 0 | D12: 0 | E12: 0 | F12: 0 | G12: 0 | H12: 0 | I12: 0 | J12: 0 | K12: 0 | L12: 0 | M12: 0 | N12: 0 | O12: 0 | P12: 0 | Q12: 0 | R12: 0
A13: GATE | B13: 4 | C13: 4 | D13: 4 | E13: 114.12 | F13: 115.68 | G13: 1.56 | H13: 1 | I13: 0 | J13: 0 | K13: 0 | L13: -1 | M13: 0.1304 | N13: 0 | O13: 1.1406 | P13: 178.1993 | Q13: 2.5786 | R13: 59.1091
... A25: GATE | B25: 8 | C25: 8 | D25: 8 | E25: 165.5 | F25: 166.4 | G25: 0.9 | H25: 1 | I25: 0 | J25: 0 | K25: 0 | L25: -1 | M25: 0 | N25: 0 | O25: 0.5845 | P25: 86.9275 | Q25: 1.9951 | R25: 57.9409

Sheet Movement
A1: EventType | B1: SegmentID | C1: ElementID | D1: TimeOnPlatform | E1: RelativePositionStd | F1: RelativePositionMean | G1: RelativePositionMax | H1: RelativePositionMin | I1: SampleCount | J1: EdgeRiskTime | K1: CorrectionPeaks | L1: RawCorrectionsCount | N1: ExtraCol_13 | O1: ExtraCol_14 | P1: ExtraCol_15
A2: Platform | B2: 0 | C2: 0 | D2: 4.67 | E2: 0.1539 | F2: 2.1015 | G2: 2.549 | H2: 1.745 | I2: 189 | J2: 0.45 | K2: 0 | L2: 26
A3: Platform | B3: 0 | C3: 0 | D3: 0.22 | E3: 0.1349 | F3: 1.4888 | G3: 1.7274 | H3: 1.3213 | I3: 9 | J3: 0 | K3: 0 | L3: 2
A4: Platform | B4: 1 | C4: 0 | D4: 1.07 | E4: 0.0262 | F4: 5.5297 | G4: 5.5691 | H4: 5.4263 | I4: 43 | J4: 0.18 | K4: 0 | L4: 2
A5: Platform | B5: 1 | C5: 0 | D5: 1.59 | E5: 0.0245 | F5: 8.4963 | G5: 8.538 | H5: 8.3651 | I5: 64 | J5: 0.15 | K5: 0 | L5: 4
A6: Platform | B6: 2 | C6: 0 | D6: 3.93 | E6: 0.6545 | F6: 9.7955 | G6: 10.5395 | H6: 8.5876 | I6: 95 | J6: 1.89 | K6: 1 | L6: 19
A7: DEATH | B7: 0 | C7: 0 | D7: 0 | E7: 0 | F7: 0 | G7: 0 | H7: 0 | I7: 0 | J7: 0 | K7: 0 | L7: 0
A8: Platform | B8: 2 | C8: 0 | D8: 3.79 | E8: 0.4109 | F8: 8.4703 | G8: 9.9613 | H8: 7.3193 | I8: 90 | J8: 0 | K8: 1 | L8: 21
A9: DEATH | B9: 0 | C9: 0 | D9: 0 | E9: 0 | F9: 0 | G9: 0 | H9: 0 | I9: 0 | J9: 0 | K9: 0 | L9: 0
A10: Platform | B10: 2 | C10: 0 | D10: 3.65 | E10: 0.753 | F10: 7.0626 | G10: 7.5381 | H10: 3.836 | I10: 86 | J10: 0.68 | K10: 1 | L10: 15
A11: DEATH | B11: 0 | C11: 0 | D11: 0 | E11: 0 | F11: 0 | G11: 0 | H11: 0 | I11: 0 | J11: 0 | K11: 0 | L11: 0
A12: Platform | B12: 2 | C12: 0 | D12: 3.34 | E12: 0.7336 | F12: 6.7466 | G12: 7.9979 | H12: 5.8889 | I12: 78 | J12: 1.48 | K12: 2 | L12: 16
A13: Platform | B13: 2 | C13: 0 | D13: 2.08 | E13: 0.0955 | F13: 7.5558 | G13: 7.736 | H13: 7.4109 | I13: 49 | J13: 0.52 | K13: 0 | L13: 13
... A18: Platform | B18: 2 | C18: 0 | D18: 4.7 | E18: 0.0268 | F18: 3.8385 | G18: 3.9142 | H18: 3.7889 | I18: 115 | J18: 0.75 | K18: 0 | L18: 15

Sheet GeneralStats
A1: Checkpoint | B1: Tiempo Absoluto (seg) | C1: Tiempo Desde Anterior (seg) | D1: Muertes entre checkpoints | E1: Muertes totales | F1: Muertes por enemigos | G1: Muertes por vacío | H1: Enemigos eliminados | I1: Disparos Blaster | J1: Acertados Blaster | K1: Fallados Blaster | L1: Precisión Blaster (%) | M1: Disparos Escopeta | N1: Acertados Escopeta | O1: Fallados Escopeta | P1: Precisión Escopeta (%) | Q1: Disparos Totales | R1: Acertados Totales | S1: Fallados Totales | T1: Precisión Total (%)
A2: Checkpoint_1 | B2: 0 | C2: 0 | D2: 0 | E2: 0 | F2: 0 | G2: 0 | H2: 0 | I2: 0 | J2: 0 | K2: 0 | L2: 0 | M2: 0 | N2: 0 | O2: 0 | P2: 0 | Q2: 0 | R2: 0 | S2: 0 | T2: 0
A3: Checkpoint_2 | B3: 215.1 | C3: 215.1 | D3: 4 | E3: 4 | F3: 4 | G3: 0 | H3: 14 | I3: 253 | J3: 102 | K3: 151 | L3: 40.3 | M3: 0 | N3: 0 | O3: 0 | P3: 0 | Q3: 253 | R3: 102 | S3: 151 | T3: 40.3
A4: Checkpoint_3 | B4: 252.74 | C4: 37.64 | D4: 0 | E4: 4 | F4: 0 | G4: 0 | H4: 0 | I4: 30 | J4: 27 | K4: 3 | L4: 90 | M4: 0 | N4: 0 | O4: 0 | P4: 0 | Q4: 30 | R4: 27 | S4: 3 | T4: 90
A5: Checkpoint_4 | B5: 399.9 | C5: 147.16 | D5: 3 | E5: 7 | F5: 0 | G5: 3 | H5: 0 | I5: 0 | J5: 0 | K5: 0 | L5: 0 | M5: 0 | N5: 0 | O5: 0 | P5: 0 | Q5: 0 | R5: 0 | S5: 0 | T5: 0
A6: Checkpoint_5 | B6: 581.4 | C6: 181.5 | D6: 7 | E6: 14 | F6: 0 | G6: 7 | H6: 0 | I6: 0 | J6: 0 | K6: 0 | L6: 0 | M6: 0 | N6: 0 | O6: 0 | P6: 0 | Q6: 0 | R6: 0 | S6: 0 | T6: 0
A7: Checkpoint_7 | B7: 2.62 | C7: 0 | D7: 0 | E7: 0 | F7: 0 | G7: 0 | H7: 1 | I7: 9 | J7: 7 | K7: 2 | L7: 77.8 | M7: 0 | N7: 0 | O7: 0 | P7: 0 | Q7: 9 | R7: 7 | S7: 2 | T7: 77.8
A8: Checkpoint_8 | B8: 38.76 | C8: 36.14 | D8: 0 | E8: 0 | F8: 0 | G8: 0 | H8: 3 | I8: 18 | J8: 16 | K8: 2 | L8: 88.9 | M8: 0 | N8: 0 | O8: 0 | P8: 0 | Q8: 18 | R8: 16 | S8: 2 | T8: 88.9
A9: Checkpoint_9 | B9: 167.52 | C9: 128.76 | D9: 4 | E9: 4 | F9: 0 | G9: 4 | H9: 0 | I9: 0 | J9: 0 | K9: 0 | L9: 0 | M9: 0 | N9: 0 | O9: 0 | P9: 0 | Q9: 0 | R9: 0 | S9: 0 | T9: 0
A10: Checkpoint_10 | B10: 185.78 | C10: 18.26 | D10: 0 | E10: 4 | F10: 0 | G10: 0 | H10: 0 | I10: 0 | J10: 0 | K10: 0 | L10: 0 | M10: 0 | N10: 0 | O10: 0 | P10: 0 | Q10: 0 | R10: 0 | S10: 0 | T10: 0

Sheet AVERAGES
A1: Orientation | C1: AttemptID | D1: SegmentId | E1: TotalDuration_s | F1: AverageAngle_deg | G1: TimeLookingAway_s | H1: PercentTimeLookingAway | I1: ReorientationCount | J1: EndedInDeath | K1: TargetPlatform
C2: =AVERAGE(Orientation!A:A) -> #DIV/0! | D2: =AVERAGE(Orientation!B:B) -> #DIV/0! | E2: =AVERAGE(Orientation!C:C) -> #DIV/0! | F2: =AVERAGE(Orientation!D:D) -> #DIV/0! | G2: =AVERAGE(Orientation!E:E) -> #DIV/0! | H2: =AVERAGE(Orientation!F:F) -> #DIV/0! | I2: =AVERAGE(Orientation!G:G) -> #DIV/0! | J2: =AVERAGE(Orientation!H:H) -> #DIV/0! | K2: =AVERAGE(Orientation!I:I) -> #DIV/0!
A4: Trajectory | C4: AttemptID | D4: StartTime | E4: Duration | F4: Efficiency | G4: ZigZag_Average | H4: Curvature_Normalized | I4: MaxLateralOffset | J4: LandingError | K4: TotalDistance | L4: VerticalOscillation | M4: EndedInDeath | N4: TargetAnchorName
C5: =AVERAGE(Trajectory!A:A) -> #DIV/0! | D5: =AVERAGE(Trajectory!B:B) -> 497.67507 | E5: =AVERAGE(Trajectory!C:C) -> 1.566779 | F5: =AVERAGE(Trajectory!D:D) -> 0.97189314 | G5: =AVERAGE(Trajectory!E:E) -> 2.923161 | H5: =AVERAGE(Trajectory!F:F) -> 10.516998 | I5: =AVERAGE(Trajectory!G:G) -> 0.36953408 | J5: =AVERAGE(Trajectory!H:H) -> 5.499568 | K5: =AVERAGE(Trajectory!I:I) -> 17.883483 | L5: =AVERAGE(Trajectory!J:J) -> 8.6357815 | M5: =AVERAGE(Trajectory!K:K) -> 0.21212121 | N5: =AVERAGE(Trajectory!L:L) -> #DIV/0!
A7: Landing | C7: AttemptID | D7: SegmentId | E7: TargetPlatform | F7: LandingOffset_m | G7: LandingOffset_Forward_m | H7: LandingOffset_Side_m | I7: SafetyMargin_m | J7: VerticalSpeed_mps | K7: ApproachAngle_deg | L7: MicroCorrections_0_5s | M7: PreLandingHorizontalJitter | N7: PostStabilizationTime_s | O7: PostLandingDrift_m | P7: LandingFailed | Q7: PostLandingFall | R7: LandingType
C8: =AVERAGE(Landing!A:A) -> 12.166667 | D8: =AVERAGE(Landing!B:B) -> #DIV/0! | E8: =AVERAGE(Landing!C:C) -> #DIV/0! | F8: =AVERAGE(Landing!D:D) -> 2.8526182 | G8: =AVERAGE(Landing!E:E) -> -0.10717228 | H8: =AVERAGE(Landing!F:F) -> 0.036937307 | I8: =AVERAGE(Landing!G:G) -> 0.89941829 | J8: =AVERAGE(Landing!H:H) -> -10.616542 | K8: =AVERAGE(Landing!I:I) -> 0 | L8: =AVERAGE(Landing!J:J) -> 0.23333333 | M8: =AVERAGE(Landing!K:K) -> 1.1979944 | N8: =AVERAGE(Landing!L:L) -> 0.62394914 | O8: =AVERAGE(Landing!M:M) -> 1.6189565 | P8: =AVERAGE(Landing!N:N) -> 0.33333333 | Q8: =AVERAGE(Landing!O:O) -> 0.26666667 | R8: =AVERAGE(Landing!P:P) -> #DIV/0!
A10: Jitter | C10: AttemptID | D10: RetryNumber | E10: WaveNumber | F10: Death | G10: CurrentJitter | H10: SmoothedJitter | I10: IsHard | J10: JitterPeak | K10: JitterVariance | L10: JitterStdDev | M10: JitterEvents | N10: OvershootCount | O10: JitterArea | P10: JitterDirectionBias | Q10: JitterClusters | R10: ExtraCol_15
C11: =AVERAGE(Jitter!A:A) -> #DIV/0! | D11: =AVERAGE(Jitter!B:B) -> #DIV/0! | E11: =AVERAGE(Jitter!C:C) -> #DIV/0! | F11: =AVERAGE(Jitter!D:D) -> #DIV/0! | G11: =AVERAGE(Jitter!E:E) -> #DIV/0! | H11: =AVERAGE(Jitter!F:F) -> #DIV/0! | I11: =AVERAGE(Jitter!G:G) -> #DIV/0! | J11: =AVERAGE(Jitter!H:H) -> #DIV/0! | K11: =AVERAGE(Jitter!I:I) -> #DIV/0! | L11: =AVERAGE(Jitter!J:J) -> #DIV/0! | M11: =AVERAGE(Jitter!K:K) -> #DIV/0! | N11: =AVERAGE(Jitter!L:L) -> #DIV/0! | O11: =AVERAGE(Jitter!M:M) -> #DIV/0! | P11: =AVERAGE(Jitter!N:N) -> #DIV/0! | Q11: =AVERAGE(Jitter!O:O) -> #DIV/0! | R11: =AVERAGE(Jitter!P:P) -> #DIV/0!
A13: Movement | C13: EventType | D13: SegmentID | E13: ElementID | F13: TimeOnPlatform | G13: RelativePositionStd | H13: RelativePositionMean | I13: RelativePositionMax | J13: RelativePositionMin | K13: SampleCount | L13: EdgeRiskTime | M13: CorrectionPeaks | N13: RawCorrectionsCount | O13: ObstacleType | P13: ClearType | Q13: MinClearance | R13: MicroCorrections | S13: ObstacleDuration | T13: ExtraCol_17
C14: =AVERAGE(Movement!A:A) -> #DIV/0! | D14: =AVERAGE(Movement!B:B) -> 1.1764706 | E14: =AVERAGE(Movement!C:C) -> 0 | F14: =AVERAGE(Movement!D:D) -> 2.0370588 | G14: =AVERAGE(Movement!E:E) -> 0.21547059 | H14: =AVERAGE(Movement!F:F) -> 4.7141118 | I14: =AVERAGE(Movement!G:G) -> 5.0899941 | J14: =AVERAGE(Movement!H:H) -> 4.2435824 | K14: =AVERAGE(Movement!I:I) -> 55.588235 | L14: =AVERAGE(Movement!J:J) -> 0.50470588 | M14: =AVERAGE(Movement!K:K) -> 0.35294118 | N14: =AVERAGE(Movement!L:L) -> 9.8235294 | O14: =AVERAGE(Movement!M:M) -> #DIV/0! | P14: =AVERAGE(Movement!N:N) -> #DIV/0! | Q14: =AVERAGE(Movement!O:O) -> #DIV/0! | R14: =AVERAGE(Movement!P:P) -> #DIV/0! | S14: =AVERAGE(Movement!Q:Q) -> #DIV/0! | T14: =AVERAGE(Movement!R:R) -> #DIV/0!
A16: Obstacle | C16: EventType | D16: AttemptID | E16: SegmentID | F16: GateID | G16: EntryTime | H16: ExitTime | I16: TimeToClear_s | J16: Cleared | K16: ObstacleTouched | L16: ContactDuration_s | M16: ContactCount | N16: FirstContactTime_s | O16: JetpackActiveTime_s | P16: CrouchTime_s | Q16: AirborneTime_s | R16: ContactX | S16: ContactY | T16: ContactZ
C17: =AVERAGE(Obstacle!A:A) -> #DIV/0! | D17: =AVERAGE(Obstacle!B:B) -> 4 | E17: =AVERAGE(Obstacle!C:C) -> 4 | F17: =AVERAGE(Obstacle!D:D) -> 4 | G17: =AVERAGE(Obstacle!E:E) -> 90.163333 | H17: =AVERAGE(Obstacle!F:F) -> 91.228333 | I17: =AVERAGE(Obstacle!G:G) -> 1.065 | J17: =AVERAGE(Obstacle!H:H) -> 0.83333333 | K17: =AVERAGE(Obstacle!I:I) -> 0.33333333 | L17: =AVERAGE(Obstacle!J:J) -> 0.039166667 | M17: =AVERAGE(Obstacle!K:K) -> 0.83333333 | N17: =AVERAGE(Obstacle!L:L) -> -0.32166667 | O17: =AVERAGE(Obstacle!M:M) -> 0.19642917 | P17: =AVERAGE(Obstacle!N:N) -> 0.12432917 | Q17: =AVERAGE(Obstacle!O:O) -> 0.73623333 | R17: =AVERAGE(Obstacle!P:P) -> 78.7436 | S17: =AVERAGE(Obstacle!Q:Q) -> 1.9480792 | T17: =AVERAGE(Obstacle!R:R) -> 26.165133
A19: Multitasking | C19: AttemptID | D19: LapID | E19: LapDuration_s | F19: AttemptDuration_s | G19: LapProgress_0_1 | H19: DeathOccurred | I19: MeanDeviation_m | J19: SpeedSD_mps | K19: MicroCorrectionsRate_per_s | L19: ObstacleHitRate
C20: =AVERAGE(Multitasking!A:A) -> 13 | D20: =AVERAGE(Multitasking!B:B) -> 1 | E20: =AVERAGE(Multitasking!C:C) -> 11.7974 | F20: =AVERAGE(Multitasking!D:D) -> 23.613533 | G20: =AVERAGE(Multitasking!E:E) -> 0.49426667 | H20: =AVERAGE(Multitasking!F:F) -> 0.93333333 | I20: =AVERAGE(Multitasking!G:G) -> 7.7123533 | J20: =AVERAGE(Multitasking!H:H) -> 3.9873 | K20: =AVERAGE(Multitasking!I:I) -> 2.0566733 | L20: =AVERAGE(Multitasking!J:J) -> 0.1232
A22: GeneralStats | C22: Checkpoint | D22: Tiempo Absoluto (seg) | E22: Tiempo Desde Anterior (seg) | F22: Muertes entre checkpoints | G22: Muertes totales | H22: Muertes por enemigos | I22: Muertes por vacío | J22: Enemigos eliminados | K22: Disparos Blaster | L22: Acertados Blaster | M22: Fallados Blaster | N22: Precisión Blaster (%) | O22: Disparos Escopeta | P22: Acertados Escopeta | Q22: Fallados Escopeta | R22: Precisión Escopeta (%) | S22: Disparos Totales | T22: Acertados Totales | U22: Fallados Totales | V22: Precisión Total (%)
C23: =AVERAGE([1]GeneralStats!A:A) -> #DIV/0! | D23: =AVERAGE([1]GeneralStats!B:B) -> 242.44182 | E23: =AVERAGE([1]GeneralStats!C:C) -> 101.02545 | F23: =AVERAGE([1]GeneralStats!D:D) -> 2.5454545 | G23: =AVERAGE([1]GeneralStats!E:E) -> 5.2727273 | H23: =AVERAGE([1]GeneralStats!F:F) -> 0.18181818 | I23: =AVERAGE([1]GeneralStats!G:G) -> 2.3636364 | J23: =AVERAGE([1]GeneralStats!H:H) -> 1.9090909 | K23: =AVERAGE([1]GeneralStats!I:I) -> 23.636364 | L23: =AVERAGE([1]GeneralStats!J:J) -> 12.090909 | M23: =AVERAGE([1]GeneralStats!K:K) -> 11.545455 | N23: =AVERAGE([1]GeneralStats!L:L) -> 19.454545 | O23: =AVERAGE([1]GeneralStats!M:M) -> 2.9090909 | P23: =AVERAGE([1]GeneralStats!N:N) -> 1.1818182 | Q23: =AVERAGE([1]GeneralStats!O:O) -> 1.7272727 | R23: =AVERAGE([1]GeneralStats!P:P) -> 6.7909091 | S23: =AVERAGE([1]GeneralStats!Q:Q) -> 26.545455 | T23: =AVERAGE([1]GeneralStats!R:R) -> 13.272727 | U23: =AVERAGE([1]GeneralStats!S:S) -> 13.272727 | V23: =AVERAGE([1]GeneralStats!T:T) -> 18.281818
